id,po_line_id,source_schedule_key,schedule_version,scheduled_quantity,requested_date,confirmed_date,expected_date,schedule_status,scenario_ids
ebd525b6-9804-5be2-b2ee-d1aa07819847,bc1b72de-5c04-5c9e-a521-5dafe99d39ad,POL-00000001-SCH-1,1,181.0000,2025-11-24,2025-11-27,2025-11-27,closed,
9965cbd7-5b55-5a23-bc53-ff5baae19d7f,3c7415da-2e3d-5d66-8de4-9ae45c8a5ef0,POL-00000002-SCH-1,1,5520.0000,2024-11-27,,2024-11-27,closed,
d77a6bca-2f13-5da9-ac56-f14963d3c63d,c1ebeff0-1d0a-5b64-9b59-2f1d15ff8f42,POL-00000003-SCH-1,1,9120.0000,2025-04-20,2025-04-20,2025-04-20,closed,demand_shock
ded9681b-17c2-506e-a867-c140211c5158,5f1ef0f1-e915-5eea-80fc-279e37c35736,POL-00000004-SCH-1,1,131.0000,2025-02-05,2025-02-05,2025-02-05,closed,
7967e169-c3f5-562a-941b-13435f27c445,9bb31f47-5933-5c0b-96a9-a7cab9768925,POL-00000005-SCH-1,1,24.0000,2025-07-16,2025-07-19,2025-07-19,closed,
0795bf89-f47d-5fa3-9d75-4cb6f37ba46a,169c8472-68ac-5f94-a83e-4407991dbbed,POL-00000006-SCH-1,1,4800.0000,2024-10-03,2024-10-05,2024-10-05,closed,
ee588271-e8fa-53d0-99d3-f712f6171e46,a6f46d12-2805-52d3-813c-4a7419e40b54,POL-00000007-SCH-1,1,117.0000,2024-11-05,2024-11-07,2024-11-07,closed,
dddf0697-4cf2-5ef4-9a3f-03aab8307cd2,6b9730b6-21eb-505f-a45d-9c57d3c86fc7,POL-00000008-SCH-1,1,84.0000,2026-03-12,2026-03-14,2026-03-14,closed,split_schedule
508f074b-fe9e-50cc-8bfe-a5099025b3b9,6b9730b6-21eb-505f-a45d-9c57d3c86fc7,POL-00000008-SCH-2,1,84.0000,2026-03-18,2026-03-21,2026-03-21,closed,split_schedule
10e8b6e0-191f-504a-a2fa-41e60e5d25ae,79420c16-afb5-56df-a2b4-d93e71e71f5d,POL-00000009-SCH-1,1,5616.0000,2025-11-14,,2025-11-15,closed,
b14c44df-0c74-5a05-8bac-5fc6eabaffb8,a0a10f6d-12c8-5674-9741-c3731075b0f2,POL-00000010-SCH-1,1,32320.0000,2025-05-26,2025-05-29,2025-05-29,closed,split_schedule
929796ad-fe92-5925-9c92-1e8fe0c3c503,a0a10f6d-12c8-5674-9741-c3731075b0f2,POL-00000010-SCH-2,1,32320.0000,2025-06-02,2025-06-04,2025-06-04,closed,split_schedule
370f9a2b-a285-5dd8-a21c-2ebed018a44d,a0a10f6d-12c8-5674-9741-c3731075b0f2,POL-00000010-SCH-3,1,32320.0000,2025-06-03,2025-06-06,2025-06-06,closed,split_schedule
d6b1d289-7035-55a0-8324-d2c05dd3f2aa,3db4fcb7-69b2-5566-942b-e7d4c58dee1e,POL-00000011-SCH-1,1,10.7500,2024-10-30,2024-10-31,2024-10-31,closed,missing_supplier_signal;split_schedule
96f06252-4542-5d54-9daa-1dbec553ffac,3db4fcb7-69b2-5566-942b-e7d4c58dee1e,POL-00000011-SCH-2,1,10.7500,2024-11-06,2024-11-06,2024-11-06,closed,missing_supplier_signal;split_schedule
d4844397-a6b5-55f8-a547-40e27ca44361,3db4fcb7-69b2-5566-942b-e7d4c58dee1e,POL-00000011-SCH-3,1,10.7500,2024-11-13,2024-11-16,2024-11-16,closed,missing_supplier_signal;split_schedule
1a4e7ec9-d5b5-5b58-b20f-f48e6de05d02,3db4fcb7-69b2-5566-942b-e7d4c58dee1e,POL-00000011-SCH-4,1,10.7500,2024-11-20,2024-11-21,2024-11-21,closed,missing_supplier_signal;split_schedule
c7e5701e-c04d-52ae-bff6-34e65e9b8499,34441233-560b-5b65-a286-5108f76a33ef,POL-00000012-SCH-1,1,15240.0000,2025-10-05,2025-10-05,2025-10-05,closed,
bba009ae-261d-5922-8312-ec51d4ed246f,25187d66-acb0-5687-9e42-b33e6a037e1c,POL-00000013-SCH-1,1,66.0000,2025-04-29,2025-04-30,2025-04-30,closed,
967b9f71-cefb-5c29-b607-6cf05b44c8e6,08744c8d-0e61-5f54-b4a6-d04b0ab974a6,POL-00000014-SCH-1,1,27120.0000,2025-06-27,2025-06-29,2025-06-29,closed,demand_shock
218fcf71-8a95-5fc4-920f-7457347dc297,c5ca62a4-2f0f-5b33-806a-6be8fce15bf5,POL-00000015-SCH-1,1,9600.0000,2025-07-27,2025-07-30,2025-07-30,closed,
5fec8aa6-8e67-5961-88c2-cbcdb27b0e3d,e05643b4-50bf-5570-ae8b-26fb0498c7ed,POL-00000016-SCH-1,1,25920.0000,2024-11-24,2024-11-25,2024-11-25,closed,missing_inventory_signal
0d0d5e1e-b128-5439-9e12-070703d3b97e,3b61bbac-32ae-53ef-a93b-14c36ce3f69e,POL-00000017-SCH-1,1,202.0000,2025-04-25,2025-04-27,2025-04-27,closed,missing_inventory_signal
81f9e8eb-1a83-58ac-8ce4-9149c95e3e15,fbc77c24-ce2c-5380-80fc-2c89e3eabce8,POL-00000018-SCH-1,1,29520.0000,2025-07-11,2025-07-13,2025-07-13,closed,
bad7a2db-4856-5c69-949e-db85e18733d2,b0ee4c5a-a8c3-5b7a-b085-850298a7b7e1,POL-00000019-SCH-1,1,149.0000,2024-09-29,2024-10-02,2024-10-02,closed,
93bd76c5-2408-50d6-88a7-344f17e76ed8,ec607270-f5c5-5f93-82ba-c63e80a5f2b4,POL-00000020-SCH-1,1,71.0000,2025-05-28,2025-05-29,2025-05-29,closed,
af1e9b36-63ac-5f99-a8e8-953f937ab3fc,f66a333a-1041-5291-a7dd-abd95a50b8b1,POL-00000021-SCH-1,1,24240.0000,2025-01-30,2025-02-01,2025-02-01,closed,
5e7f5e5a-f368-5cfe-b304-98753df85b13,b718bd51-ed12-52f8-956f-2efc43f07066,POL-00000022-SCH-1,1,24120.0000,2025-09-05,2025-09-07,2025-09-07,closed,
b1144ddb-d7ca-5dcb-83ce-c15a89d59e09,fd8fdabe-4ad7-5d84-b597-bf2fff4848fb,POL-00000023-SCH-1,1,186.0000,2026-01-20,2026-01-22,2026-01-22,closed,
ebe9b7bb-d748-57db-bfa1-662dfcb63db7,d22827f7-a7bf-5bd2-bf0b-a5a1083a39fa,POL-00000024-SCH-1,1,54.0000,2025-03-12,2025-03-12,2025-03-12,closed,supplier_deterioration
4ac22c1c-7116-5ae6-bab1-9fd410198105,80d83a2c-f968-5bd4-8921-b6de7fbf49c4,POL-00000025-SCH-1,1,33.0000,2024-11-23,2024-11-23,2024-11-23,closed,demand_shock;split_schedule
8d0b3bcb-c677-5fd5-8d7e-7480c5d04b96,80d83a2c-f968-5bd4-8921-b6de7fbf49c4,POL-00000025-SCH-2,1,33.0000,2024-11-28,2024-11-28,2024-11-28,closed,demand_shock;split_schedule
d9c72cd8-4ae5-5b9e-84e4-3e453dd004d2,06cfe717-1ad3-594f-a89d-87ce247576d3,POL-00000026-SCH-1,1,3120.0000,2026-03-27,2026-03-28,2026-03-28,closed,split_schedule
e87449c5-127d-5626-b07b-3249d82c79d5,06cfe717-1ad3-594f-a89d-87ce247576d3,POL-00000026-SCH-2,1,3120.0000,2026-04-03,2026-04-05,2026-04-05,closed,split_schedule
943bbee0-470a-54b0-9972-4abc54d69f7f,47145abc-775b-5315-91bd-88821a91f93f,POL-00000027-SCH-1,1,78.0000,2026-04-08,2026-04-08,2026-04-08,closed,
78b29eb9-3134-53bd-80ec-bcf358613cc6,98b839a9-1729-5594-9052-7c1aeab0e49f,POL-00000028-SCH-1,1,840.0000,2025-04-08,2025-04-08,2025-04-08,closed,
48997ec6-bede-546f-bf2a-84be0d3e8352,1bf76ce1-1bb3-5c61-ad18-3158ab3ad95f,POL-00000029-SCH-1,1,78.0000,2026-04-10,2026-04-13,2026-04-13,closed,
a81b5313-a2f4-53ff-a786-24042adee553,195f6276-08bb-5bce-b97e-105457612217,POL-00000030-SCH-1,1,12240.0000,2025-08-23,2025-08-26,2025-08-26,closed,missing_inventory_signal
68ecb27a-290c-58fb-bc70-395ea8b229d0,c462ad18-3ac3-55ba-9e84-884e1028f93a,POL-00000031-SCH-1,1,35.0000,2025-08-21,2025-08-24,2025-08-24,closed,
54ad49c6-273e-5ea7-a5e6-b9e83971fc80,0011c8b0-49e0-54b0-b611-a326d9a531f5,POL-00000032-SCH-1,1,18960.0000,2024-10-24,2024-10-24,2024-10-24,closed,demand_shock
ed1bcbd8-919e-5201-8394-8e481d92f7f5,d17b1755-7202-55ed-9061-0f3d2c004bb4,POL-00000033-SCH-1,1,29760.0000,2026-01-05,2026-01-07,2026-01-07,closed,
39b7f5aa-1af0-5083-bd1a-c04b097cacea,fd59b3a2-4e5c-5d79-a6eb-5df370c7cab3,POL-00000034-SCH-1,1,152.0000,2026-03-11,2026-03-11,2026-03-11,closed,
cc61a0e4-838f-5f92-89d5-1283549bfe33,ac5d1971-a942-5f45-8a71-1e4c34dcc0e0,POL-00000035-SCH-1,1,1080.0000,2025-09-17,2025-09-17,2025-09-17,closed,
67eb14fc-8979-5abb-9885-7f3c559cbbb4,2f5b3101-e6ae-565e-952d-dd4a1f9d3dd5,POL-00000036-SCH-1,1,1092.0000,2026-02-01,2026-02-04,2026-02-04,closed,
0552cf5a-cc6b-53a6-aad8-9bb80ff55532,be4699fb-24f2-5244-98aa-bca3fe216696,POL-00000037-SCH-1,1,3540.0000,2024-12-09,2024-12-12,2024-12-12,closed,split_schedule
4949be60-a516-595a-9166-85971768232f,be4699fb-24f2-5244-98aa-bca3fe216696,POL-00000037-SCH-2,1,3540.0000,2024-12-12,2024-12-15,2024-12-15,closed,split_schedule
6afa3f0d-8cf0-517f-8837-fd575c8c8a31,fb3447b6-0c01-5b9e-8ef2-3bbc0617c190,POL-00000038-SCH-1,1,3870.0000,2026-05-12,2026-05-14,2026-05-14,closed,split_schedule
b2e57e24-7051-51d7-a680-54efacec168c,fb3447b6-0c01-5b9e-8ef2-3bbc0617c190,POL-00000038-SCH-2,1,3870.0000,2026-05-15,2026-05-17,2026-05-17,closed,split_schedule
9cb9dcfa-c12a-5ece-8beb-f8ec3e4e2c7e,fb3447b6-0c01-5b9e-8ef2-3bbc0617c190,POL-00000038-SCH-3,1,3870.0000,2026-05-19,2026-05-22,2026-05-22,closed,split_schedule
273ba526-6682-5b35-8c65-650b3b4bf842,fb3447b6-0c01-5b9e-8ef2-3bbc0617c190,POL-00000038-SCH-4,1,3870.0000,2026-06-07,2026-06-07,2026-06-07,closed,split_schedule
56ad00d3-d300-59ec-a349-9510ec6c04c5,a00c208a-f092-5a8d-ba9d-bc4b9abf710d,POL-00000039-SCH-1,1,46560.0000,2025-04-30,2025-05-03,2025-05-03,closed,
624b405a-b04d-5474-998c-cc8cc7ef571e,e4580ee9-c958-5e49-8a90-a7245ac1bdc9,POL-00000040-SCH-1,1,2124.0000,2026-04-17,2026-04-19,2026-04-19,closed,
dc95b172-00b1-5268-a487-ba1216f4c54c,e8c1edd8-91d7-5faa-b016-b04e73ca09ff,POL-00000041-SCH-1,1,486.0000,2025-02-27,2025-02-28,2025-02-28,closed,
b4926eee-5f4f-52eb-959e-097dc3d1b95d,ce11f1e1-7d3d-51fc-9a8f-e4e3942c531c,POL-00000042-SCH-1,1,113.0000,2026-01-08,2026-01-08,2026-01-08,closed,
1b820ef1-a009-514f-a7bc-1f0cb015021b,8d48c95d-aa17-551b-9dab-c5013cba4766,POL-00000043-SCH-1,1,1278.0000,2024-11-26,2024-11-28,2024-11-28,closed,
bd3d5a02-5c40-5bc0-b19b-8b244c91434f,48371b30-3edd-53dc-9c05-07084ba3c371,POL-00000044-SCH-1,1,10560.0000,2026-04-28,2026-04-28,2026-04-28,closed,
5f72215e-1d31-5152-89f9-46e9cece939d,1da9178b-18a7-5908-8654-cdfdbdef1e0b,POL-00000045-SCH-1,1,120.0000,2025-04-26,2025-04-29,2025-04-29,closed,
95a637b5-5e90-5e74-b385-5b6d61f7eb6f,5d1de95a-e527-55df-8506-5944f16a4d1a,POL-00000046-SCH-1,1,35280.0000,2025-04-03,2025-04-03,2025-04-03,closed,
61c4d639-29ba-5eac-a021-866ec8d6ab23,268047c5-7bb6-5a2c-8413-c4bf1828da77,POL-00000047-SCH-1,1,117.0000,2025-04-19,2025-04-19,2025-04-19,closed,
095f012c-2ece-5623-8a61-e7c49d36343d,aa536455-e8a9-50ac-addd-12bc7d8439df,POL-00000048-SCH-1,1,49.6667,2026-03-05,2026-03-08,2026-03-08,closed,split_schedule
71755966-2fc3-5ae3-a9d2-4bec2ddb7b24,aa536455-e8a9-50ac-addd-12bc7d8439df,POL-00000048-SCH-2,1,49.6667,2026-03-12,,2026-03-13,closed,split_schedule
04a4b232-a5d5-5c3c-9c82-7b92e874700f,aa536455-e8a9-50ac-addd-12bc7d8439df,POL-00000048-SCH-3,1,49.6666,2026-03-19,2026-03-22,2026-03-22,closed,split_schedule
399eec76-ce7c-5e43-9e9f-319098317f3d,40e2419c-574f-5c46-8acf-f4d6780f7cd3,POL-00000049-SCH-1,1,2640.0000,2026-05-13,2026-05-16,2026-05-16,closed,
3947ce26-205c-5123-982a-3bca9647e1a4,672a6653-9c5d-540d-bc1e-d6aa60560389,POL-00000050-SCH-1,1,122.0000,2024-08-23,2024-08-25,2024-08-25,closed,missing_supplier_signal
28b428b8-3717-5569-9c44-bcb942b57494,98c09698-fcb6-5a1d-bb96-2c45722b59cc,POL-00000051-SCH-1,1,654.0000,2024-09-12,,2024-09-13,closed,demand_shock
8d51c418-f44d-55bb-8142-f65eb3ab9c16,17cbb4fb-943b-5ea5-80a5-bb5ae59cca9e,POL-00000052-SCH-1,1,1680.0000,2025-12-09,2025-12-12,2025-12-12,closed,
83cebdfa-d79d-582b-86c7-f0021b74aa9b,19348610-5606-568b-86e0-9fcac79abd51,POL-00000053-SCH-1,1,1242.0000,2024-10-27,2024-10-29,2024-10-29,closed,
2e4df2ac-514a-5472-bf71-fd4003b66f46,5c25d575-9588-525c-b788-cb817421c9a7,POL-00000054-SCH-1,1,61.6667,2025-12-20,2025-12-21,2025-12-21,closed,split_schedule
45bb38f6-ffb6-59e8-be0f-8766802aae96,5c25d575-9588-525c-b788-cb817421c9a7,POL-00000054-SCH-2,1,61.6667,2025-12-24,2025-12-25,2025-12-25,closed,split_schedule
8956a54c-36ba-59eb-a6f3-302ad11b2a0a,5c25d575-9588-525c-b788-cb817421c9a7,POL-00000054-SCH-3,1,61.6666,2025-12-30,,2025-12-31,closed,split_schedule
ed919c94-a8ee-5275-b7c4-360cb3e5ba98,39c700e7-e8e3-5dfb-931c-5cacc743cbd9,POL-00000055-SCH-1,1,14520.0000,2025-09-23,,2025-09-26,closed,
200d04ef-ec5e-52cb-8bc6-dce4026b88b5,aede0822-2f3d-58fa-bcde-67c948375d9a,POL-00000056-SCH-1,1,75.0000,2025-11-13,,2025-11-14,closed,
2fcf01ec-1106-57b2-a698-73fa52591fd5,9ce6418b-2170-565b-937f-4a40f24ad836,POL-00000057-SCH-1,1,181.0000,2025-02-17,2025-02-18,2025-02-18,closed,missing_supplier_signal
2e03baa1-c489-5efc-8447-6758062b0c68,9c527f33-028f-5d47-bae6-724120323b24,POL-00000058-SCH-1,1,12960.0000,2025-11-28,2025-11-28,2025-11-28,closed,demand_shock;missing_supplier_signal
c22d3524-2eed-5549-b63a-6ac97ce6df43,892f7ae3-ffbb-56a8-8b27-eb482fe89442,POL-00000059-SCH-1,1,19200.0000,2026-02-09,2026-02-12,2026-02-12,closed,supplier_deterioration
8b1ed8d5-2891-559a-987d-ce66f00db064,8e6266e1-0d57-5a73-91cd-49f77a77c869,POL-00000060-SCH-1,1,75360.0000,2025-04-12,2025-04-12,2025-04-12,closed,supplier_deterioration
5f798341-a83c-5491-9546-1c4a4b76cc0c,aa298ba8-ff19-58fb-936b-99006e553db4,POL-00000061-SCH-1,1,194.0000,2024-10-16,2024-10-18,2024-10-18,closed,
69d515cb-f42d-5d40-8537-bb808c63feb5,bf27940f-7320-5d0f-be59-ce3a9a08920c,POL-00000062-SCH-1,1,153.0000,2024-08-14,2024-08-17,2024-08-17,closed,
91faa7cd-ed58-5905-9320-89f870ab1b88,58e65b23-7b42-562c-9d22-f9a1eef929e9,POL-00000063-SCH-1,1,137.0000,2025-03-31,2025-04-01,2025-04-01,closed,
d182a406-840f-5093-ab7d-a484b9e6d010,79058de5-6ced-5adc-801f-2adc8b6a1aae,POL-00000064-SCH-1,1,103.5000,2025-07-19,2025-07-19,2025-07-19,closed,split_schedule
ed05f3cc-84d8-5fe9-a514-cef0f5cacaf4,79058de5-6ced-5adc-801f-2adc8b6a1aae,POL-00000064-SCH-2,1,103.5000,2025-07-21,2025-07-21,2025-07-21,closed,split_schedule
c0e1095c-ceb9-52dd-be54-b497b480e907,62da9cca-e860-54c6-bc92-f23053841f10,POL-00000065-SCH-1,1,376.0000,2025-04-24,2025-04-25,2025-04-25,closed,split_schedule
2b051a3c-4760-5e43-b2fb-48358e8bf14b,62da9cca-e860-54c6-bc92-f23053841f10,POL-00000065-SCH-2,1,376.0000,2025-04-28,2025-05-01,2025-05-01,closed,split_schedule
d16502a4-1dcd-5b05-abe7-ad132d8b2b8c,62da9cca-e860-54c6-bc92-f23053841f10,POL-00000065-SCH-3,1,376.0000,2025-04-30,2025-05-01,2025-05-01,closed,split_schedule
c6678152-05e6-5534-8832-7e30d07d362c,835b1afa-e602-50be-8f14-ad2dab6dbd0c,POL-00000066-SCH-1,1,6000.0000,2025-12-30,2025-12-31,2025-12-31,closed,demand_shock
f3e99cbe-200f-5b30-a415-ccf86b9da458,1bce04b7-af7d-5240-bb17-283c06d07e2c,POL-00000067-SCH-1,1,40560.0000,2025-03-27,2025-03-28,2025-03-28,closed,demand_shock
4615f33f-00e7-50e2-ab90-b32e0f9e6697,edfacbfe-c0e9-5b83-8a88-ea2ddade2505,POL-00000068-SCH-1,1,4896.0000,2025-11-01,2025-11-01,2025-11-01,closed,
d713c8c1-ab1c-54ba-86bf-593fe58cb9cb,e26658c5-824d-5ebd-a362-95b01d88784a,POL-00000069-SCH-1,1,18600.0000,2026-04-10,2026-04-11,2026-04-11,closed,
d3b62aa6-dae9-54ac-a468-853a61365eb3,badea73f-2fb7-5106-b94b-ddad16222504,POL-00000070-SCH-1,1,7200.0000,2026-02-20,2026-02-21,2026-02-21,closed,
e8c9585f-9fd1-55e5-b70c-657ed9329dab,63e8d0b5-1cdb-594b-a6f2-cf99b8ccc40c,POL-00000071-SCH-1,1,3576.0000,2025-05-26,2025-05-27,2025-05-27,closed,missing_supplier_signal
0b7f02b6-6cd8-5b76-911a-d0c438e13f0c,a47fefeb-7ed5-5842-a4bc-7f2387f48323,POL-00000072-SCH-1,1,21.0000,2026-04-09,2026-04-10,2026-04-10,closed,demand_shock
1084308e-e31c-57aa-82b0-1bf7f8c0474b,ae167c82-e1e3-5f71-a79c-b7bd04602684,POL-00000073-SCH-1,1,2580.0000,2026-06-23,2026-06-25,2026-06-25,closed,split_schedule
58507da5-4c1b-5169-8eb8-21f75048ac89,ae167c82-e1e3-5f71-a79c-b7bd04602684,POL-00000073-SCH-2,1,2580.0000,2026-06-29,2026-06-29,2026-06-29,closed,split_schedule
c1019c75-a7ed-5f28-bf2f-bd0bb7f5689a,bf65fab1-9bb1-5c27-8057-6245bcb4145f,POL-00000074-SCH-1,1,1596.0000,2025-05-15,2025-05-17,2025-05-17,closed,
d928c692-8360-5234-bc3c-522e201fd44d,95d2075c-06f6-5921-b556-b3801af2cc97,POL-00000075-SCH-1,1,15120.0000,2025-11-19,2025-11-21,2025-11-21,closed,demand_shock;missing_supplier_signal;supplier_deterioration
726857ec-c5fc-50d6-a332-446b2c38d7de,c2e4bc54-bb14-5994-9714-79dedadc7d5a,POL-00000076-SCH-1,1,35760.0000,2024-10-13,2024-10-16,2024-10-16,closed,
e614e598-972a-560c-b0f6-178e4921e6ce,51029d3e-8bcf-552b-ab8e-73a61667720c,POL-00000077-SCH-1,1,102240.0000,2025-06-10,2025-06-10,2025-06-10,cancelled,
cd2e93ef-1b1c-561e-81f1-c3c39ad20101,e411fb3a-577f-59d7-9270-d71cfb9f857f,POL-00000078-SCH-1,1,408.0000,2026-01-22,2026-01-24,2026-01-24,closed,
c6269d7b-72b7-5296-b7b8-11ad410a1086,b3ad5c07-0879-50eb-8b63-c914819f4557,POL-00000079-SCH-1,1,21.0000,2025-01-12,2025-01-12,2025-01-12,closed,
45717182-b534-50fb-be90-f364ce3b41b7,908e4463-b10d-5c8b-bb53-54aea6287028,POL-00000080-SCH-1,1,26040.0000,2025-09-23,2025-09-26,2025-09-26,closed,
c6e7a5fd-4265-55c2-ab2d-56e431a9b797,f16f9758-c3b7-5fdc-a33e-bbf4795057a8,POL-00000081-SCH-1,1,114.0000,2025-09-30,2025-10-02,2025-10-02,closed,
ea915e80-2062-57b4-a5d7-04b171725db7,71a874ad-7418-5660-a76c-cb742a43eef2,POL-00000082-SCH-1,1,37920.0000,2025-07-17,2025-07-19,2025-07-19,closed,
c0b3842a-77a1-54c0-93ee-a34c89956334,52c00efb-e404-51dd-b010-f330cd8675df,POL-00000083-SCH-1,1,43.7500,2026-03-06,2026-03-09,2026-03-09,closed,split_schedule
9b5b6722-83ae-5e6b-8888-7dd4ba3067ab,52c00efb-e404-51dd-b010-f330cd8675df,POL-00000083-SCH-2,1,43.7500,2026-03-15,2026-03-16,2026-03-16,closed,split_schedule
749c8fd3-5bee-549a-8809-bdeeada4141e,52c00efb-e404-51dd-b010-f330cd8675df,POL-00000083-SCH-3,1,43.7500,2026-03-16,2026-03-17,2026-03-17,closed,split_schedule
663d81f6-182f-5dbd-b588-06394d205333,52c00efb-e404-51dd-b010-f330cd8675df,POL-00000083-SCH-4,1,43.7500,2026-03-19,2026-03-21,2026-03-21,closed,split_schedule
8c075243-74bf-5171-99f2-c7be54a108f9,e067cf82-399c-5a02-a0ab-60a00039a528,POL-00000084-SCH-1,1,39840.0000,2025-07-28,2025-07-31,2025-07-31,closed,
d8846520-eee2-5a7c-a312-f22821e704bc,7093b327-e34d-52b4-8804-c7205737e0d1,POL-00000085-SCH-1,1,21360.0000,2026-01-20,2026-01-20,2026-01-20,closed,
9075f709-f6f3-58b2-85f5-16edb069f06d,c3977d7b-a25a-5238-a4b2-dd1730c3a4c6,POL-00000086-SCH-1,1,1002.0000,2025-02-10,2025-02-11,2025-02-11,closed,
f153214a-d297-59db-b611-b17fab3e92b9,1986de63-67d9-5898-82f3-586c85389f7d,POL-00000087-SCH-1,1,176.0000,2026-02-06,2026-02-08,2026-02-08,closed,
55a9b8ec-0f54-53e2-a18d-87c4a0f08be4,79bd8471-f158-56c5-b380-bf24d630bbc4,POL-00000088-SCH-1,1,12480.0000,2024-12-01,2024-12-02,2024-12-02,closed,
ad5934ee-1f71-579b-8643-671d9fd7464c,e2dc985e-3d7b-5249-8649-eb730712172d,POL-00000089-SCH-1,1,6096.0000,2025-03-05,2025-03-07,2025-03-07,closed,demand_shock
e762f642-9de3-555d-9d27-83e0814eb858,9cc258ce-8584-5d52-bc8c-7e5177de3100,POL-00000090-SCH-1,1,2208.0000,2024-10-27,2024-10-28,2024-10-28,closed,
ee24e784-7ded-5f73-ac3b-4f14474b358d,84c77b48-cd90-57da-93fa-6524adc2ca64,POL-00000091-SCH-1,1,1410.0000,2025-12-26,2025-12-26,2025-12-26,closed,split_schedule
485f61d2-7037-520c-a210-9c09b0a471c7,84c77b48-cd90-57da-93fa-6524adc2ca64,POL-00000091-SCH-2,1,1410.0000,2025-12-26,2025-12-29,2025-12-29,closed,split_schedule
b4a9cd7e-a9d7-5863-a110-24c05498438a,84c77b48-cd90-57da-93fa-6524adc2ca64,POL-00000091-SCH-3,1,1410.0000,2026-01-03,2026-01-03,2026-01-03,closed,split_schedule
eefa6b92-ac03-57aa-9822-8defdd0b28da,84c77b48-cd90-57da-93fa-6524adc2ca64,POL-00000091-SCH-4,1,1410.0000,2026-01-16,2026-01-19,2026-01-19,closed,split_schedule
93c8976b-4247-50bb-ae48-bec374db91ba,dcdefc65-3772-584c-b071-3715bcd1f4ab,POL-00000092-SCH-1,1,1760.0000,2026-05-02,2026-05-03,2026-05-03,closed,split_schedule
cf5da044-1a0c-5a03-8cfe-655ff39abe64,dcdefc65-3772-584c-b071-3715bcd1f4ab,POL-00000092-SCH-2,1,1760.0000,2026-05-04,2026-05-05,2026-05-05,closed,split_schedule
5d51a7b8-c031-597e-9fb0-d2e0fd161100,dcdefc65-3772-584c-b071-3715bcd1f4ab,POL-00000092-SCH-3,1,1760.0000,2026-05-18,2026-05-19,2026-05-19,closed,split_schedule
cb8d0ffb-c215-545a-9da3-48f9921de11e,929837a9-fc2f-58b0-b586-e9d5549c4bf7,POL-00000093-SCH-1,1,35.0000,2025-12-23,2025-12-24,2025-12-24,closed,
5af8a6f0-7423-5b55-8e92-c4306c0d7b95,f3dfe35e-3f70-59b9-811b-0e6a79cc3a9f,POL-00000094-SCH-1,1,18480.0000,2024-12-20,2024-12-21,2024-12-21,closed,
8a438b36-f9b6-5ac9-ba61-57cc0fdfd0fa,02f68fdb-1945-57a8-bbbe-aa77be70e9d4,POL-00000095-SCH-1,1,4600.0000,2025-04-24,2025-04-25,2025-04-25,closed,split_schedule
c6a86c43-be1c-56ed-808c-2f4120b05ade,02f68fdb-1945-57a8-bbbe-aa77be70e9d4,POL-00000095-SCH-2,1,4600.0000,2025-04-28,2025-04-30,2025-04-30,closed,split_schedule
d352708d-b270-508f-bbbe-df9ae7e2791c,02f68fdb-1945-57a8-bbbe-aa77be70e9d4,POL-00000095-SCH-3,1,4600.0000,2025-04-28,2025-04-29,2025-04-29,closed,split_schedule
5ec08152-f325-5fe4-ade4-6e68157ecd85,882b71bc-78a8-5c68-892e-0a1d21e8ab81,POL-00000096-SCH-1,1,576.0000,2025-04-29,2025-05-01,2025-05-01,closed,
3ee96326-d7c6-50f5-bcfe-e8d5b5cf2caa,de36a33a-a0d5-5131-bf84-251c788a2d19,POL-00000097-SCH-1,1,43920.0000,2025-05-08,2025-05-09,2025-05-09,closed,missing_supplier_signal
183e35b4-db11-5566-ba37-423edba20ac4,96a1841e-9c2b-5a52-b6f2-c80d4fc423d3,POL-00000098-SCH-1,1,924.0000,2025-01-29,2025-01-29,2025-01-29,closed,
88966fd8-9556-5693-b8b9-140381c106c3,c39c6ce8-69fb-5a2b-8b54-185a94119a47,POL-00000099-SCH-1,1,2520.0000,2025-11-12,2025-11-13,2025-11-13,closed,missing_inventory_signal
6e357b15-a2bc-53d3-83bd-d6d85e579e68,ffbfb137-4af0-562a-abfa-3ed8803628f7,POL-00000100-SCH-1,1,5880.0000,2026-03-14,2026-03-14,2026-03-14,closed,
6a9bde8d-9737-5e38-b81b-d232302e8b1d,462f8a8a-6a22-55c4-8e10-5955c96cfd7c,POL-00000101-SCH-1,1,137.0000,2026-02-07,2026-02-09,2026-02-09,closed,
c442ba06-f138-53bb-8a60-d2214aaf63ab,d2a8808c-fb88-5b33-ad8f-5757905a6f45,POL-00000102-SCH-1,1,184.0000,2025-11-17,2025-11-18,2025-11-18,closed,
47e02093-9f66-5bff-8ddd-fdf75eb5af07,d823b655-8b96-5352-adfb-b09cfe3ff09e,POL-00000103-SCH-1,1,5040.0000,2025-06-26,,2025-06-29,closed,
8a595dd8-0982-527b-86d1-5c99ffae9922,3dbc788e-4fc6-530a-baf4-e8588c4638c9,POL-00000104-SCH-1,1,4.3333,2025-11-11,2025-11-11,2025-11-11,closed,split_schedule
c7f9439a-5c7b-5bf4-8289-f0d196e96303,3dbc788e-4fc6-530a-baf4-e8588c4638c9,POL-00000104-SCH-2,1,4.3333,2025-11-13,2025-11-15,2025-11-15,closed,split_schedule
479eba56-0d36-5317-b741-86bf7ac70e86,3dbc788e-4fc6-530a-baf4-e8588c4638c9,POL-00000104-SCH-3,1,4.3334,2025-11-25,2025-11-27,2025-11-27,closed,split_schedule
fb3643a3-9a4e-5915-ad63-5ba26eb6edb6,4cdfb0cf-5c65-5736-96d0-2c3a18205662,POL-00000105-SCH-1,1,2376.0000,2025-04-13,2025-04-13,2025-04-13,closed,
d500e2fa-f30e-5959-9328-f1c361ef5cf9,d74a323e-f134-5bee-a79a-ae9ca2302b36,POL-00000106-SCH-1,1,4230.0000,2024-10-25,2024-10-26,2024-10-26,closed,split_schedule
ada0972b-0a91-50f4-a5ef-f491f37251d3,d74a323e-f134-5bee-a79a-ae9ca2302b36,POL-00000106-SCH-2,1,4230.0000,2024-10-31,2024-11-02,2024-11-02,closed,split_schedule
f0414259-ff48-58cd-a90f-f36389a5f0c4,d74a323e-f134-5bee-a79a-ae9ca2302b36,POL-00000106-SCH-3,1,4230.0000,2024-11-06,,2024-11-07,closed,split_schedule
5b651f3d-4bcb-57e9-9669-c6833c9c68eb,d74a323e-f134-5bee-a79a-ae9ca2302b36,POL-00000106-SCH-4,1,4230.0000,2024-11-19,2024-11-19,2024-11-19,closed,split_schedule
720ffa30-a57b-53ad-bda9-50609e0841b2,145000c9-83e4-5e12-a308-c7a4efd86f80,POL-00000107-SCH-1,1,1344.0000,2025-05-11,2025-05-12,2025-05-12,closed,
40d335e2-8e68-5973-930d-a637bb6b1973,08228a0a-fead-5763-a110-0fbae787a714,POL-00000108-SCH-1,1,7680.0000,2026-05-29,,2026-06-01,closed,
fc522464-f20e-56b7-a62e-232a6a61c248,4d3536ec-2d13-5092-bee1-0eab950db4f6,POL-00000109-SCH-1,1,5.0000,2025-03-10,2025-03-13,2025-03-13,closed,demand_shock
1b212d5a-c305-5fb9-aa65-3fb61202b938,47162640-a7ea-5360-be33-cf7809016677,POL-00000110-SCH-1,1,10560.0000,2026-03-08,2026-03-09,2026-03-09,closed,
1981aac9-bf13-5ad9-aa88-a7d18a369cfe,00dc368d-46ce-53ba-aa74-372caa23d77f,POL-00000111-SCH-1,1,960.0000,2026-04-29,2026-04-29,2026-04-29,closed,
eb883bd0-2c2e-5a45-8fb7-a628dc67a2b7,9cbeb2da-d95e-5698-b5ff-df741201e330,POL-00000112-SCH-1,1,4.0000,2025-04-04,2025-04-04,2025-04-04,closed,missing_supplier_signal
5df28824-b69d-524f-a4c6-1de648006cfe,29c53d62-0f2a-569e-bd23-0baaddecb094,POL-00000113-SCH-1,1,19200.0000,2025-09-19,2025-09-21,2025-09-21,closed,
c65b6d8b-3443-54ea-8cd1-db698d2865a7,11adbf92-554f-5ee5-8493-75b71128aa0c,POL-00000114-SCH-1,1,1680.0000,2026-03-04,2026-03-07,2026-03-07,closed,
60d9ba19-833b-52db-9e10-c56f6994acda,7fc5655b-2706-515d-9a46-4f8381eba9fe,POL-00000115-SCH-1,1,246.0000,2024-12-20,2024-12-20,2024-12-20,closed,split_schedule
577ec9c3-f2b6-569c-8860-0bbc9db6c195,7fc5655b-2706-515d-9a46-4f8381eba9fe,POL-00000115-SCH-2,1,246.0000,2024-12-26,2024-12-28,2024-12-28,closed,split_schedule
b2df30b6-3e4a-565b-921a-d4f7e2a40d96,357f6560-db19-527a-b643-4ccfabc42af0,POL-00000116-SCH-1,1,1356.0000,2025-07-09,2025-07-11,2025-07-11,closed,
894bab19-b5bf-5394-8381-a8d1d39b58e1,d998ca38-778d-57b3-96f3-853d7cda39a4,POL-00000117-SCH-1,1,1086.0000,2025-08-21,2025-08-23,2025-08-23,cancelled,
18a58adb-d598-552c-a2b3-131f3aa3ea93,eebe4995-2521-5206-ba1d-679ade730706,POL-00000118-SCH-1,1,552.0000,2025-03-30,2025-04-01,2025-04-01,closed,
c62b3a19-444a-51e6-9ed7-188bc9e24f62,fab2f861-2ae3-572d-a38a-4be3d0e3f211,POL-00000119-SCH-1,1,76.0000,2024-10-20,2024-10-23,2024-10-23,closed,
3422f13e-2823-5a1d-9a5a-145289675957,9ee3c1c4-e6a3-5924-818a-df08c6b8141f,POL-00000120-SCH-1,1,4320.0000,2025-09-07,2025-09-07,2025-09-07,closed,
032ed207-5cd4-53e1-92db-f2745c21f088,58e8df19-cb37-55fa-9c92-18518d464c45,POL-00000121-SCH-1,1,408.0000,2025-10-17,2025-10-17,2025-10-17,closed,
93847bbb-97a6-52d8-ac3b-e5dd027eeb87,d67bdb83-fed3-5184-837e-175991e221c1,POL-00000122-SCH-1,1,1352.0000,2025-06-15,2025-06-17,2025-06-17,closed,split_schedule
a1f7a740-6c68-5ec1-b71d-e27095aaf345,d67bdb83-fed3-5184-837e-175991e221c1,POL-00000122-SCH-2,1,1352.0000,2025-06-21,2025-06-21,2025-06-21,closed,split_schedule
548285a4-9e8b-54fc-92d3-6b6cd9194872,d67bdb83-fed3-5184-837e-175991e221c1,POL-00000122-SCH-3,1,1352.0000,2025-06-25,2025-06-25,2025-06-25,closed,split_schedule
ae6c8c14-6298-5451-8cd6-0040a5d03f75,8f044fab-5e0d-57fd-8793-ece7459d7993,POL-00000123-SCH-1,1,7680.0000,2025-05-22,2025-05-24,2025-05-24,closed,split_schedule
a95829a9-a450-545d-8a35-17a09cf650bd,8f044fab-5e0d-57fd-8793-ece7459d7993,POL-00000123-SCH-2,1,7680.0000,2025-05-29,2025-05-31,2025-05-31,closed,split_schedule
3fb3a319-4487-56ae-8d2e-3252d7f49937,09554ed4-d33d-5312-8013-c55a8975e05a,POL-00000124-SCH-1,1,37.0000,2025-01-18,2025-01-20,2025-01-20,closed,demand_shock
0094c40f-0fd0-50db-8acc-d06386ed3b56,2878b9b1-ca6a-5f7d-9847-6edbb62d0641,POL-00000125-SCH-1,1,22800.0000,2025-06-02,2025-06-05,2025-06-05,closed,missing_supplier_signal
a2376e01-ca47-5262-8f7d-9a71c7b025a6,8ae03cd7-a70c-5ed8-9f08-64bceb7fcd26,POL-00000126-SCH-1,1,161.0000,2025-07-15,,2025-07-17,closed,
0d9e4545-5b06-53dc-9610-954e71dc07ef,838cb9f2-fc23-5d11-b215-9156d970350c,POL-00000127-SCH-1,1,7680.0000,2025-07-06,2025-07-06,2025-07-06,closed,
dcaf8aa7-e918-506e-a4c5-4f70ae55598d,58661070-9c5b-5273-81b2-9ed34aa8fc54,POL-00000128-SCH-1,1,30.5000,2025-05-07,2025-05-10,2025-05-10,closed,split_schedule
447f555e-e886-5d0b-ba26-4539f11be84e,58661070-9c5b-5273-81b2-9ed34aa8fc54,POL-00000128-SCH-2,1,30.5000,2025-05-11,,2025-05-14,closed,split_schedule
920a4bf9-3d62-5220-8656-86d80b3a6fe2,58661070-9c5b-5273-81b2-9ed34aa8fc54,POL-00000128-SCH-3,1,30.5000,2025-05-20,2025-05-22,2025-05-22,closed,split_schedule
871f952b-212f-55ac-9621-a8d495f71c7a,58661070-9c5b-5273-81b2-9ed34aa8fc54,POL-00000128-SCH-4,1,30.5000,2025-05-25,2025-05-25,2025-05-25,closed,split_schedule
54d5fe41-6df6-5a4b-be7a-4383add89d66,eb448e62-4e87-5b8e-98ab-8b510bbaad41,POL-00000129-SCH-1,1,294.0000,2025-01-25,2025-01-28,2025-01-28,closed,missing_supplier_signal
143c5859-880a-5f09-af82-f3ec78738d5e,6a6f7350-a718-5509-8435-a21b8f26bc5a,POL-00000130-SCH-1,1,25.5000,2025-08-09,,2025-08-09,closed,missing_supplier_signal;split_schedule
3542d404-8590-5b5b-a46d-7bff903ef29f,6a6f7350-a718-5509-8435-a21b8f26bc5a,POL-00000130-SCH-2,1,25.5000,2025-08-11,2025-08-13,2025-08-13,closed,missing_supplier_signal;split_schedule
bd4558a8-d3b7-5c44-a3c4-1b97c191adb3,ca742467-8c3c-5527-90bd-95b94e38588d,POL-00000131-SCH-1,1,804.0000,2026-03-18,2026-03-19,2026-03-19,closed,split_schedule
8bb95cf8-1601-55c8-b406-35f8a218aad3,ca742467-8c3c-5527-90bd-95b94e38588d,POL-00000131-SCH-2,1,804.0000,2026-03-22,,2026-03-22,closed,split_schedule
f8a9a51c-1fc5-5c18-8163-05087a865e7a,d57b64a6-cc81-5d3e-930a-2554462e96b4,POL-00000132-SCH-1,1,3312.0000,2024-07-20,2024-07-20,2024-07-20,closed,supplier_deterioration
08ef62d8-98de-5b39-a8fe-a323fdd5645f,0f32f0a8-3025-5828-82d6-1de6c9141a49,POL-00000133-SCH-1,1,145.0000,2025-09-10,2025-09-11,2025-09-11,closed,
49886f06-2bb7-5cb8-a4bc-615cdd8390ae,a3a9d84a-fd4c-5dfd-b97a-41b8ee50bf73,POL-00000134-SCH-1,1,52.0000,2025-10-04,2025-10-06,2025-10-06,closed,missing_supplier_signal;split_schedule
196970a5-519a-5f47-8e9d-2abcfddd9dc5,a3a9d84a-fd4c-5dfd-b97a-41b8ee50bf73,POL-00000134-SCH-2,1,52.0000,2025-10-06,2025-10-08,2025-10-08,closed,missing_supplier_signal;split_schedule
f9809a78-2e60-5992-91ec-2e28d0779868,a3a9d84a-fd4c-5dfd-b97a-41b8ee50bf73,POL-00000134-SCH-3,1,52.0000,2025-10-16,2025-10-16,2025-10-16,closed,missing_supplier_signal;split_schedule
64e9f495-9d11-57b6-87c3-b03cd14fff8b,a3a9d84a-fd4c-5dfd-b97a-41b8ee50bf73,POL-00000134-SCH-4,1,52.0000,2025-10-28,2025-10-30,2025-10-30,closed,missing_supplier_signal;split_schedule
1ce58267-3af4-5146-b1f5-660d073b9e3c,88f66cee-46ee-52a0-b982-4b85cd0c3878,POL-00000135-SCH-1,1,4848.0000,2026-02-24,2026-02-26,2026-02-26,closed,missing_inventory_signal
aaecf6ee-722f-544a-b030-21aaf26cb644,715fb631-4d84-5ee6-84ec-78b162d593c1,POL-00000136-SCH-1,1,3840.0000,2025-01-07,2025-01-09,2025-01-09,closed,missing_inventory_signal
21800460-01b8-563c-9737-cbb8434d9b03,9c1ea9dd-f757-5691-b94c-18fbb100b615,POL-00000137-SCH-1,1,13560.0000,2025-10-24,2025-10-24,2025-10-24,closed,demand_shock
9e01bc2e-b2dd-5833-a646-0b3d4f2df189,f630b228-21eb-5290-b85f-d8cf940ff6a4,POL-00000138-SCH-1,1,42.5000,2024-11-28,2024-12-01,2024-12-01,closed,split_schedule
5719c2aa-d734-5eb2-be26-74a52ae394ce,f630b228-21eb-5290-b85f-d8cf940ff6a4,POL-00000138-SCH-2,1,42.5000,2024-12-07,2024-12-07,2024-12-07,closed,split_schedule
44ef3625-6941-521b-8808-d1a661ef9eea,f630b228-21eb-5290-b85f-d8cf940ff6a4,POL-00000138-SCH-3,1,42.5000,2024-12-06,2024-12-07,2024-12-07,closed,split_schedule
28259cf3-47d7-5568-be7b-4587789dcfae,f630b228-21eb-5290-b85f-d8cf940ff6a4,POL-00000138-SCH-4,1,42.5000,2024-12-13,2024-12-13,2024-12-13,closed,split_schedule
dbba2166-248c-5d0f-a4e3-81e9cda2a488,6ebf00dc-c8e4-584d-9918-4cd6be761326,POL-00000139-SCH-1,1,2340.0000,2026-04-07,2026-04-07,2026-04-07,closed,missing_supplier_signal
9d3a0fec-eb6b-55a1-807c-dbc30dc58d68,25a61bbb-1397-5b78-b511-6a6ca7b8e7a9,POL-00000140-SCH-1,1,97.0000,2025-02-09,2025-02-11,2025-02-11,closed,
0c146ff3-1fb5-5eb5-b88c-dfa670fc7b23,ff52bf3d-3085-570c-a005-cda53150a7fe,POL-00000141-SCH-1,1,2856.0000,2026-04-16,,2026-04-17,closed,
399bccb1-76c0-5cbd-b75b-9fb280ed9570,54e45966-1b7b-5c2f-a912-718435feadd5,POL-00000142-SCH-1,1,222.0000,2025-06-24,2025-06-25,2025-06-25,closed,split_schedule
b826791f-c044-53b1-8dc0-ac60ea54740e,54e45966-1b7b-5c2f-a912-718435feadd5,POL-00000142-SCH-2,1,222.0000,2025-06-27,2025-06-30,2025-06-30,closed,split_schedule
e0567d8d-ee74-52d9-9768-1134efd08d93,54e45966-1b7b-5c2f-a912-718435feadd5,POL-00000142-SCH-3,1,222.0000,2025-07-11,2025-07-11,2025-07-11,closed,split_schedule
5226052d-8b2f-5539-baf8-78232a8a97c6,54e45966-1b7b-5c2f-a912-718435feadd5,POL-00000142-SCH-4,1,222.0000,2025-06-29,2025-07-01,2025-07-01,closed,split_schedule
49fa0bec-651a-59d4-a8e9-e4b54769c81a,e2191bba-ab41-5cc2-847d-c0204df046e1,POL-00000143-SCH-1,1,87.0000,2025-11-13,2025-11-13,2025-11-13,closed,
c16feb4b-7241-5eff-ab7d-5143e8c6e27e,eb44da56-30cc-5681-aba6-4e33f758d1d6,POL-00000144-SCH-1,1,11280.0000,2025-01-22,2025-01-22,2025-01-22,closed,supplier_deterioration
682d1532-dabf-57bb-9b86-9c6c4eab9069,10862e63-daf3-5f53-ab7e-7891b132ec6f,POL-00000145-SCH-1,1,5760.0000,2026-02-10,2026-02-12,2026-02-12,closed,missing_inventory_signal
56d0d4f2-67fe-52a6-9c35-d1d1379a1ffe,0334fb3e-920d-51a6-a6ca-04dab00a654d,POL-00000146-SCH-1,1,147.0000,2024-09-07,2024-09-07,2024-09-07,closed,
c58143c2-2278-5f78-8ea9-d3cd22a4d27e,51607152-a019-5b5d-bb57-55c68b0e5f3e,POL-00000147-SCH-1,1,105.0000,2025-06-24,2025-06-26,2025-06-26,closed,split_schedule
43735d2a-ac86-519f-9532-38f5ecd2a2de,51607152-a019-5b5d-bb57-55c68b0e5f3e,POL-00000147-SCH-2,1,105.0000,2025-07-01,2025-07-03,2025-07-03,closed,split_schedule
dcda190b-6e92-5408-a60c-96e214c1cb63,bc30ee9f-4785-5348-a18e-470aa0099e48,POL-00000148-SCH-1,1,23.7500,2025-05-29,2025-05-30,2025-05-30,closed,split_schedule
8c37a6fc-7d01-596b-a9ab-25c618395bdf,bc30ee9f-4785-5348-a18e-470aa0099e48,POL-00000148-SCH-2,1,23.7500,2025-06-04,2025-06-07,2025-06-07,closed,split_schedule
b04dc92c-e34a-560a-8a00-d29c06dc7123,bc30ee9f-4785-5348-a18e-470aa0099e48,POL-00000148-SCH-3,1,23.7500,2025-06-04,2025-06-05,2025-06-05,closed,split_schedule
9889971b-b041-528f-b6a1-587934461d94,bc30ee9f-4785-5348-a18e-470aa0099e48,POL-00000148-SCH-4,1,23.7500,2025-06-05,2025-06-05,2025-06-05,closed,split_schedule
94b4b320-0c4d-5e40-b2c9-48cda664b5d5,4a91a6a0-8caa-5725-a3a1-128b9336f13e,POL-00000149-SCH-1,1,50.2500,2024-08-15,2024-08-15,2024-08-15,closed,split_schedule
a67bb98d-c7f6-54c3-9e06-a5151b23499b,4a91a6a0-8caa-5725-a3a1-128b9336f13e,POL-00000149-SCH-2,1,50.2500,2024-08-19,2024-08-22,2024-08-22,closed,split_schedule
001b1ef9-0223-55b4-8bae-4f0049a960a0,4a91a6a0-8caa-5725-a3a1-128b9336f13e,POL-00000149-SCH-3,1,50.2500,2024-08-20,2024-08-21,2024-08-21,closed,split_schedule
4d42eca4-fd5c-51ca-9d74-8fbd4a1d033f,4a91a6a0-8caa-5725-a3a1-128b9336f13e,POL-00000149-SCH-4,1,50.2500,2024-08-22,2024-08-24,2024-08-24,closed,split_schedule
09c101cc-d94b-56c9-9389-edc5038b7c50,3bb10f4b-339b-5869-9a5e-8a319adb83d7,POL-00000150-SCH-1,1,38640.0000,2025-06-11,2025-06-12,2025-06-12,closed,
cf48278d-dd05-5dff-bd9d-f98bfe5cc319,29083f59-3526-532f-8b0a-f5c5b1f06f28,POL-00000151-SCH-1,1,38160.0000,2024-09-18,2024-09-19,2024-09-19,closed,split_schedule
72bcd62f-4bc3-5b58-9db5-ba3acd2e47f8,29083f59-3526-532f-8b0a-f5c5b1f06f28,POL-00000151-SCH-2,1,38160.0000,2024-09-22,2024-09-23,2024-09-23,closed,split_schedule
a8169605-e164-5680-b200-4b132d469321,6d613d2d-11e2-55d5-b0f4-a8cf572c4178,POL-00000152-SCH-1,1,59.0000,2025-01-09,2025-01-10,2025-01-10,closed,
54ca88a7-d9ab-59f9-9820-bc0b30b20b83,0437ba15-4eda-5526-aa40-64962c056d6d,POL-00000153-SCH-1,1,118.0000,2024-11-17,2024-11-17,2024-11-17,closed,
5f6024ec-6c1e-518a-a46a-e133b262f317,a38b901d-d0f4-56bb-85ba-7e70f8866156,POL-00000154-SCH-1,1,960.0000,2025-02-08,2025-02-10,2025-02-10,closed,
2895c7ae-b638-5a11-a22f-35a4b953935f,77a335b0-f76a-5a8f-805b-096ac95001c1,POL-00000155-SCH-1,1,1560.0000,2025-12-21,,2025-12-21,closed,
4e6dc508-b93b-5cf9-b9f1-f11bf3249122,a087a4f7-76b3-57ee-a2c2-eed7c2c4d7a8,POL-00000156-SCH-1,1,189.0000,2026-01-30,2026-02-01,2026-02-01,closed,
aa4b2716-0cc3-5ed7-a60c-1f446ad71063,8f3b0bc3-1fda-5ff9-bd01-d0987ffbf056,POL-00000157-SCH-1,1,786.0000,2025-02-10,2025-02-12,2025-02-12,closed,missing_supplier_signal
444c4780-58ed-5708-96b4-c8d89a5972e5,86b41b2c-8089-5ef2-afac-2861af67d47b,POL-00000158-SCH-1,1,80.0000,2025-06-09,2025-06-11,2025-06-11,closed,
da000f37-17fa-5f55-a681-93d6cdf9a659,03623eea-a8cb-5ce8-a432-055ad86d38c3,POL-00000159-SCH-1,1,16.0000,2024-10-05,2024-10-05,2024-10-05,closed,
02e35bdc-3c15-5e7c-a271-342822644a37,d829883d-37a7-57c8-9759-d7118fefd1ac,POL-00000160-SCH-1,1,13.0000,2024-08-05,2024-08-08,2024-08-08,closed,
6a29b3c3-5a71-5f96-8ecc-393695a8ff6c,fd515219-9963-5043-86bb-4125192e6ba4,POL-00000161-SCH-1,1,6432.0000,2025-04-14,2025-04-15,2025-04-15,closed,
0a43100c-c121-5086-a826-5a83f5f2ea6b,bd9c6d3b-0cc4-5191-9d68-6bb68a5cc8ac,POL-00000162-SCH-1,1,6180.0000,2025-02-06,2025-02-07,2025-02-07,closed,missing_supplier_signal;split_schedule
d271a503-a707-581c-b06d-44007aaaf26b,bd9c6d3b-0cc4-5191-9d68-6bb68a5cc8ac,POL-00000162-SCH-2,1,6180.0000,2025-02-14,2025-02-14,2025-02-14,closed,missing_supplier_signal;split_schedule
343e1141-6a0a-570e-9439-537050d73fb9,bd9c6d3b-0cc4-5191-9d68-6bb68a5cc8ac,POL-00000162-SCH-3,1,6180.0000,2025-02-12,2025-02-13,2025-02-13,closed,missing_supplier_signal;split_schedule
cb1bee98-6281-56a9-aa12-392a4febf82b,bd9c6d3b-0cc4-5191-9d68-6bb68a5cc8ac,POL-00000162-SCH-4,1,6180.0000,2025-02-13,2025-02-16,2025-02-16,closed,missing_supplier_signal;split_schedule
a46ae9c1-4202-57a1-a370-e553c65cbc5e,ac3f9ca3-6fd8-5ff6-b511-8984d5a49bae,POL-00000163-SCH-1,1,130.0000,2025-10-15,2025-10-17,2025-10-17,closed,
bf782b2d-7fbc-5047-8724-e28dfa61b671,3167b658-ad3e-55c2-864b-9f6dc5cf3dcf,POL-00000164-SCH-1,1,38.0000,2024-09-09,2024-09-09,2024-09-09,closed,split_schedule
d03f30c1-0b84-5dd2-bf1b-deb437c1a4e3,3167b658-ad3e-55c2-864b-9f6dc5cf3dcf,POL-00000164-SCH-2,1,38.0000,2024-09-15,,2024-09-17,closed,split_schedule
d9d2749e-869b-5494-99a4-43efb2723f77,73a6e20b-fdf7-5c3d-a4fd-f94173898ae3,POL-00000165-SCH-1,1,4140.0000,2025-09-26,2025-09-26,2025-09-26,closed,split_schedule
740293f8-8b3f-528f-9bce-6e6b46f1b3b4,73a6e20b-fdf7-5c3d-a4fd-f94173898ae3,POL-00000165-SCH-2,1,4140.0000,2025-09-26,2025-09-28,2025-09-28,closed,split_schedule
c85205f7-441b-5f88-a9b4-6f025a085f58,73a6e20b-fdf7-5c3d-a4fd-f94173898ae3,POL-00000165-SCH-3,1,4140.0000,2025-09-28,2025-09-30,2025-09-30,closed,split_schedule
c99c8048-79e2-53d6-8762-ca1bae51995b,73a6e20b-fdf7-5c3d-a4fd-f94173898ae3,POL-00000165-SCH-4,1,4140.0000,2025-10-02,2025-10-05,2025-10-05,closed,split_schedule
d11a5765-4a6b-54d4-8296-9a2128787cb7,3b48f4fb-2796-5b7c-9f2e-d8d4b972a310,POL-00000166-SCH-1,1,270.0000,2025-09-20,,2025-09-20,closed,split_schedule
f67d2056-4f49-5a56-bf6b-fde9adee9216,3b48f4fb-2796-5b7c-9f2e-d8d4b972a310,POL-00000166-SCH-2,1,270.0000,2025-09-21,2025-09-22,2025-09-22,closed,split_schedule
fe84b1a0-f3e7-57f8-8cbc-d3a0f51c2e04,3b48f4fb-2796-5b7c-9f2e-d8d4b972a310,POL-00000166-SCH-3,1,270.0000,2025-09-28,2025-09-28,2025-09-28,closed,split_schedule
094695c4-f555-54a3-b289-b93f40d8fd40,3b48f4fb-2796-5b7c-9f2e-d8d4b972a310,POL-00000166-SCH-4,1,270.0000,2025-10-12,2025-10-14,2025-10-14,closed,split_schedule
c2d37dcf-9e5f-5862-858c-fcd4941f44e0,6ea98f6f-2b50-5e3b-824d-8120b0e4163a,POL-00000167-SCH-1,1,21120.0000,2025-01-08,2025-01-08,2025-01-08,closed,
e6757445-29bd-59f7-8aa8-2360d094106d,6db46820-2f74-5def-b029-9d8e6ebba03c,POL-00000168-SCH-1,1,11040.0000,2026-05-26,,2026-05-26,closed,
39176c5a-d8ec-5861-8aa2-bdf2a5df900a,a52e64b5-c2ad-5f39-9ea8-fad292a6581d,POL-00000169-SCH-1,1,14760.0000,2026-03-27,,2026-03-30,closed,
beb6874f-90fc-505c-bcc3-d4d666da2bb4,1051b290-e3df-5e4b-91b6-4df2456bae4a,POL-00000170-SCH-1,1,148.0000,2024-12-16,,2024-12-17,closed,
8c1acfdb-3b8c-5ae1-b8c1-412b74eff7e1,7cbfffa6-f459-5e3e-8b69-90ad43abe3eb,POL-00000171-SCH-1,1,3336.0000,2024-11-21,2024-11-23,2024-11-23,closed,
a4be7967-1c0d-5963-9c5e-58114bbf985b,6328348e-f21e-59e8-907c-dcfcc8ed8c3c,POL-00000172-SCH-1,1,114.0000,2025-08-10,2025-08-11,2025-08-11,closed,
ee4a9aee-9e59-5f1a-b631-f5410c1c447d,f4534cb9-f16a-5f73-b4ce-66fa4d5c107a,POL-00000173-SCH-1,1,18240.0000,2024-12-04,2024-12-05,2024-12-05,closed,
fb00a1d7-48db-5782-9c18-32e4c5658627,8ef43d8d-27bc-5938-8c1b-b1e2ca89d36f,POL-00000174-SCH-1,1,37.0000,2024-10-31,2024-11-01,2024-11-01,closed,supplier_deterioration
0adc50fd-e769-5dbe-b71f-caaf0d342b91,38319365-d5c6-5f50-931e-707d4cfd5a62,POL-00000175-SCH-1,1,53.3333,2025-01-31,2025-02-03,2025-02-03,closed,split_schedule
dffe3c0f-d02c-5f5b-998d-156c878b7986,38319365-d5c6-5f50-931e-707d4cfd5a62,POL-00000175-SCH-2,1,53.3333,2025-02-08,2025-02-10,2025-02-10,closed,split_schedule
5970ed2f-bf12-5490-ba27-551d28365ac5,38319365-d5c6-5f50-931e-707d4cfd5a62,POL-00000175-SCH-3,1,53.3334,2025-02-18,2025-02-19,2025-02-19,closed,split_schedule
83644c3a-6cd4-5b75-99a7-84059b8046ec,d6abc4da-f115-5b65-b1c6-24ec0beb36d9,POL-00000176-SCH-1,1,21120.0000,2025-06-14,2025-06-15,2025-06-15,closed,
61675c56-f6c4-59b2-b37c-bc80994e2b01,7b1d57d2-9def-5ae8-b1ea-6014af93de99,POL-00000177-SCH-1,1,1464.0000,2024-12-15,2024-12-16,2024-12-16,closed,
68dded42-01b4-5905-a5bd-b707898174c0,aa9bc1aa-faaf-5950-9cea-b651777b1fc2,POL-00000178-SCH-1,1,2400.0000,2025-10-13,2025-10-13,2025-10-13,closed,
d9597543-e1d0-56dc-91b1-2db3e31d78cf,65f37411-19b1-54e4-88ba-0fd64e01acd8,POL-00000179-SCH-1,1,166.0000,2025-01-21,2025-01-22,2025-01-22,closed,
09f929b5-958d-52ab-8861-95afab67b523,4903bb3a-76ca-5dc7-9961-ff14c62c986e,POL-00000180-SCH-1,1,264.0000,2025-07-22,2025-07-24,2025-07-24,closed,
ebe8ad4a-8c16-5cd8-a647-44d9871ab49f,cf639996-6d2e-5123-be62-fb7f7eab431e,POL-00000181-SCH-1,1,3056.0000,2025-04-29,2025-04-29,2025-04-29,closed,split_schedule
e427a872-93ea-5cf4-9b07-f65be4f58d8d,cf639996-6d2e-5123-be62-fb7f7eab431e,POL-00000181-SCH-2,1,3056.0000,2025-04-30,2025-05-02,2025-05-02,closed,split_schedule
4bd2a880-1694-5b60-88b0-39165aceb986,cf639996-6d2e-5123-be62-fb7f7eab431e,POL-00000181-SCH-3,1,3056.0000,2025-05-13,2025-05-15,2025-05-15,closed,split_schedule
9c399111-5133-57a8-983c-a9b0b0078ae8,2776f346-c05f-5822-af31-fd30273b4e53,POL-00000182-SCH-1,1,3840.0000,2024-09-08,2024-09-11,2024-09-11,closed,missing_inventory_signal
917c67c3-3405-5c5b-81bc-8fda2a539c1a,dde59706-7141-558f-944c-4019addff4bb,POL-00000183-SCH-1,1,8220.0000,2025-04-20,2025-04-23,2025-04-23,closed,split_schedule
d9077563-7928-562f-b51c-7e2b1108681f,dde59706-7141-558f-944c-4019addff4bb,POL-00000183-SCH-2,1,8220.0000,2025-04-26,2025-04-28,2025-04-28,closed,split_schedule
8d3a8815-9c73-5824-9978-9ee496b4677a,2269f77c-358a-5f22-b58e-8258c8d46bc7,POL-00000184-SCH-1,1,47040.0000,2024-08-23,2024-08-25,2024-08-25,closed,
e6c4659d-4ef0-5d9b-ac6e-2ca019eccd07,d8113daa-29fc-5dcc-9e23-5f69a82f1f4c,POL-00000185-SCH-1,1,16800.0000,2026-01-13,2026-01-14,2026-01-14,closed,missing_supplier_signal
156a378b-44d6-5d3d-8cb7-bdcd5fbb1847,06198182-6bc2-563a-81a9-041e059cfa54,POL-00000186-SCH-1,1,504.0000,2024-08-25,2024-08-27,2024-08-27,closed,
95c00366-ba83-5a5a-b0ff-15496fd1760d,29db1425-b742-5939-a46c-6586f1925402,POL-00000187-SCH-1,1,56.0000,2026-03-20,2026-03-20,2026-03-20,closed,
e0c83258-564f-5cf9-8827-54b3d46eb426,1bfc6b4c-bc10-5068-a0e3-c7a048fce5d8,POL-00000188-SCH-1,1,97.0000,2025-03-31,2025-03-31,2025-03-31,closed,
ad0b613b-7dc2-5ab4-855e-492b78e6825a,f808a450-df33-58af-b40d-9392767007aa,POL-00000189-SCH-1,1,468.0000,2026-02-04,2026-02-04,2026-02-04,closed,split_schedule
5fe025c0-4875-5e13-978c-cef6911ead2e,f808a450-df33-58af-b40d-9392767007aa,POL-00000189-SCH-2,1,468.0000,2026-02-04,2026-02-06,2026-02-06,closed,split_schedule
eb24bf8d-fa50-5ee6-9508-336b9dfe48d9,1a3f0e75-ab4b-57b6-abd7-9c332f61126f,POL-00000190-SCH-1,1,15120.0000,2025-11-08,2025-11-09,2025-11-09,closed,
12d89a4d-c53e-5c55-9e99-67818562a52f,b37b2dff-2f3f-5b80-b78e-137c5ae9abb2,POL-00000191-SCH-1,1,240.0000,2026-06-04,2026-06-05,2026-06-05,closed,
0dd9b4cf-665a-5793-8f87-ce230798a419,22e08307-9602-5ed6-a421-690a03941285,POL-00000192-SCH-1,1,82.0000,2025-01-24,2025-01-26,2025-01-26,closed,
af1d4cad-3b21-5286-ac72-aecdc45c23e4,cf5d0a12-5eba-5058-986a-d59fd72b433f,POL-00000193-SCH-1,1,369.0000,2026-04-10,2026-04-10,2026-04-10,closed,split_schedule;supplier_deterioration
740e8de6-cadc-5820-b0cf-9335ea1560c3,cf5d0a12-5eba-5058-986a-d59fd72b433f,POL-00000193-SCH-2,1,369.0000,2026-04-12,2026-04-12,2026-04-12,closed,split_schedule;supplier_deterioration
7338d33a-edd9-563e-9d5c-0d486b94ec84,cf5d0a12-5eba-5058-986a-d59fd72b433f,POL-00000193-SCH-3,1,369.0000,2026-04-11,2026-04-14,2026-04-14,closed,split_schedule;supplier_deterioration
cc412a59-fb32-5b42-921b-e911c0f20fe8,cf5d0a12-5eba-5058-986a-d59fd72b433f,POL-00000193-SCH-4,1,369.0000,2026-05-03,2026-05-04,2026-05-04,closed,split_schedule;supplier_deterioration
b4bddc2b-e016-5853-9204-b192f7f977e1,641dd0bb-5030-5fbc-b75c-2a936dca980e,POL-00000194-SCH-1,1,169.0000,2024-11-28,2024-11-28,2024-11-28,closed,
f360955a-cf36-5626-89a0-7028cd184d13,2feb2d77-c6be-5724-80f9-adbd94f4d437,POL-00000195-SCH-1,1,7680.0000,2024-11-20,,2024-11-23,closed,
a7299003-2e82-5788-8bec-b88648d9d169,e54a72d2-87d1-5afa-9048-84f6dc969b79,POL-00000196-SCH-1,1,47.0000,2025-04-04,2025-04-07,2025-04-07,closed,
370b5ac4-2f0e-5ff3-b625-9c9601889da4,a0ce60fa-b026-5af8-9034-d5ba0875a608,POL-00000197-SCH-1,1,91.0000,2024-07-10,2024-07-10,2024-07-10,closed,
e89edcf2-78c5-552b-b57a-b6307f76630e,c3ad142a-bd1d-50c2-9e96-cafda40b8cc7,POL-00000198-SCH-1,1,12240.0000,2026-01-02,2026-01-02,2026-01-02,closed,missing_supplier_signal
5f8e3695-9657-54e7-95a1-10f6ca7141f5,a504e0e2-c0c5-5168-bdee-c66bfdf4815b,POL-00000199-SCH-1,1,50.3333,2025-09-04,2025-09-06,2025-09-06,closed,missing_supplier_signal;split_schedule
af61d125-85d2-59e7-94c7-3799cd6d313c,a504e0e2-c0c5-5168-bdee-c66bfdf4815b,POL-00000199-SCH-2,1,50.3333,2025-09-12,2025-09-13,2025-09-13,closed,missing_supplier_signal;split_schedule
cc264685-ddc5-5744-80f6-80116a7e2742,a504e0e2-c0c5-5168-bdee-c66bfdf4815b,POL-00000199-SCH-3,1,50.3334,2025-09-22,2025-09-22,2025-09-22,closed,missing_supplier_signal;split_schedule
7063717f-ef4b-5bd9-abf6-f5c536a8d5a4,9c79b061-deb5-5819-b110-7c5d6cdb4032,POL-00000200-SCH-1,1,3240.0000,2025-04-13,2025-04-13,2025-04-13,closed,
98c549f3-4094-5569-ab22-0dd48a10e0a5,7efaa5e7-7691-524a-84d5-3274c68fc054,POL-00000201-SCH-1,1,102.0000,2025-07-29,2025-07-31,2025-07-31,closed,
43c13dc5-fec3-57c0-8db3-98eade3a6ab0,6934a247-3f8d-5b6c-b8de-b955f8a6ffa1,POL-00000202-SCH-1,1,62.0000,2024-10-13,2024-10-14,2024-10-14,closed,
e46327e3-dd8c-5881-b967-27f77d4224bf,72132dfe-323e-5b97-ba0f-fe23e5da7d10,POL-00000203-SCH-1,1,216.0000,2025-09-26,2025-09-26,2025-09-26,closed,split_schedule
8da600f6-e72d-5f48-86bc-d6c2d42fcc86,72132dfe-323e-5b97-ba0f-fe23e5da7d10,POL-00000203-SCH-2,1,216.0000,2025-09-28,2025-09-29,2025-09-29,closed,split_schedule
6ab84019-3dfa-5261-8fe8-fe4356cc246c,72132dfe-323e-5b97-ba0f-fe23e5da7d10,POL-00000203-SCH-3,1,216.0000,2025-09-30,2025-09-30,2025-09-30,closed,split_schedule
3e998323-e6d8-5de0-b4be-ceb977ec9412,72132dfe-323e-5b97-ba0f-fe23e5da7d10,POL-00000203-SCH-4,1,216.0000,2025-10-06,2025-10-08,2025-10-08,closed,split_schedule
dbd514ae-c6a2-5154-84cf-a4b62ba413ef,90addeaa-403e-5468-8111-bcc997aa1a63,POL-00000204-SCH-1,1,96.0000,2025-03-17,2025-03-19,2025-03-19,closed,split_schedule;supplier_deterioration
e5c54ef9-4832-506b-8454-751007f88b54,90addeaa-403e-5468-8111-bcc997aa1a63,POL-00000204-SCH-2,1,96.0000,2025-03-21,2025-03-22,2025-03-22,closed,split_schedule;supplier_deterioration
0d21dbc0-a352-58b4-96fc-8dd20d5e3320,90addeaa-403e-5468-8111-bcc997aa1a63,POL-00000204-SCH-3,1,96.0000,2025-03-22,2025-03-23,2025-03-23,closed,split_schedule;supplier_deterioration
b5406dd2-45d8-5632-bd5c-c837cb80e9f2,90addeaa-403e-5468-8111-bcc997aa1a63,POL-00000204-SCH-4,1,96.0000,2025-04-10,2025-04-12,2025-04-12,closed,split_schedule;supplier_deterioration
f505930d-87ee-5a20-88c0-eb27f7cf30ce,a1e53b27-6b29-5395-87b1-32c1014079a3,POL-00000205-SCH-1,1,320.0000,2024-09-29,2024-09-29,2024-09-29,closed,missing_supplier_signal;split_schedule
644e804f-01bf-5a12-8572-ea1ebb8974c5,a1e53b27-6b29-5395-87b1-32c1014079a3,POL-00000205-SCH-2,1,320.0000,2024-10-04,2024-10-07,2024-10-07,closed,missing_supplier_signal;split_schedule
83dc7724-afb5-5ce5-b784-ba09c3daf353,a1e53b27-6b29-5395-87b1-32c1014079a3,POL-00000205-SCH-3,1,320.0000,2024-10-10,2024-10-13,2024-10-13,closed,missing_supplier_signal;split_schedule
a50e6972-317d-5665-bcfd-35f744f509be,0d273e17-8944-5975-82f4-80dfd65a1146,POL-00000206-SCH-1,1,216.0000,2024-10-02,2024-10-04,2024-10-04,closed,
1de667af-1e01-5825-b7e4-b716f586be34,236a8488-b9eb-5bf0-8e43-9d81790b67d1,POL-00000207-SCH-1,1,1464.0000,2026-03-21,2026-03-23,2026-03-23,closed,demand_shock;missing_inventory_signal
49ab345d-3e9d-5f37-bc6a-6dce5046e194,7fc7e07c-cbe4-5b05-ad40-43fe3f5c9b29,POL-00000208-SCH-1,1,1056.0000,2025-09-10,2025-09-11,2025-09-11,closed,supplier_deterioration
38b3844a-25af-525a-87b9-662b8c28eb3d,c20cab24-c05a-55b5-9b4f-636627430562,POL-00000209-SCH-1,1,13800.0000,2025-09-16,,2025-09-19,closed,
11d7c920-ad2f-55a2-9ef6-03fa2c8157f7,28b1dfd9-a760-577a-921d-bfc4439fe708,POL-00000210-SCH-1,1,38400.0000,2025-07-02,2025-07-05,2025-07-05,closed,
7204989d-e224-599e-b7c4-a66771a775f5,cfbd845d-d3bc-53af-84f0-48a81d5bb358,POL-00000211-SCH-1,1,22800.0000,2026-03-18,2026-03-21,2026-03-21,closed,
42c3c6eb-1b02-5d95-97e7-1159abdb579b,4439d443-b2e1-5dd8-a38a-d29f9e1ba229,POL-00000212-SCH-1,1,19800.0000,2025-06-06,2025-06-09,2025-06-09,closed,
76270145-a425-516a-95d1-895fcba6ac9c,87139e8e-8410-5937-9738-9545157df4dc,POL-00000213-SCH-1,1,2370.0000,2024-08-23,2024-08-24,2024-08-24,closed,split_schedule
dd6e592c-c701-5b3f-a899-cf80912f53bd,87139e8e-8410-5937-9738-9545157df4dc,POL-00000213-SCH-2,1,2370.0000,2024-08-25,2024-08-27,2024-08-27,closed,split_schedule
77b24b8f-291d-59e8-af2c-d1936fc2a52a,87139e8e-8410-5937-9738-9545157df4dc,POL-00000213-SCH-3,1,2370.0000,2024-09-01,,2024-09-03,closed,split_schedule
33c7081a-b077-5c3f-a1e1-0af2ac95c7bd,87139e8e-8410-5937-9738-9545157df4dc,POL-00000213-SCH-4,1,2370.0000,2024-08-28,2024-08-30,2024-08-30,closed,split_schedule
1d14924b-4369-5f42-b4db-eca78071d60e,9abe715e-af8a-52d9-a1e0-8b79053e3da2,POL-00000214-SCH-1,1,35280.0000,2024-12-23,2024-12-26,2024-12-26,closed,supplier_deterioration
6f21e04b-a580-51f4-aaeb-6ab4ca29b12e,47a81703-8da9-5143-83e0-c9572da39831,POL-00000215-SCH-1,1,3432.0000,2024-11-15,2024-11-16,2024-11-16,closed,split_schedule
606026bd-562c-59e8-b653-edfa050900b1,47a81703-8da9-5143-83e0-c9572da39831,POL-00000215-SCH-2,1,3432.0000,2024-11-18,2024-11-19,2024-11-19,closed,split_schedule
ddd1754b-8897-51c3-9d00-2bbf15e2d0df,48814169-0bdf-5a4e-8a10-e56e76eee637,POL-00000216-SCH-1,1,11040.0000,2025-01-15,2025-01-17,2025-01-17,closed,
660de52d-9e04-5735-8582-b576703abd37,7d22936f-6d41-5078-b725-f9ad33453679,POL-00000217-SCH-1,1,2148.0000,2025-01-08,2025-01-10,2025-01-10,closed,split_schedule
0dbe688c-24f2-55e3-95b7-8956f76f66dd,7d22936f-6d41-5078-b725-f9ad33453679,POL-00000217-SCH-2,1,2148.0000,2025-01-09,2025-01-12,2025-01-12,closed,split_schedule
cda52b72-ea71-577d-9212-58c68c5049b2,7d22936f-6d41-5078-b725-f9ad33453679,POL-00000217-SCH-3,1,2148.0000,2025-01-13,2025-01-14,2025-01-14,closed,split_schedule
ee150dd0-52e9-51da-92a7-e67d2e9689e6,7d22936f-6d41-5078-b725-f9ad33453679,POL-00000217-SCH-4,1,2148.0000,2025-01-14,2025-01-16,2025-01-16,closed,split_schedule
ac392579-1727-5a84-910e-0c94c9adafc3,fc70ffa1-40c9-568b-abf6-657f8e70da93,POL-00000218-SCH-1,1,75360.0000,2025-03-03,2025-03-04,2025-03-04,closed,
3f277717-5984-55aa-9f98-fdef47cec49c,45694d7d-1253-56e2-9504-8f5c348e0be7,POL-00000219-SCH-1,1,62.0000,2026-04-10,2026-04-10,2026-04-10,closed,
524af191-6ac9-52bc-bdc8-2ae8d135092d,bc7d8145-21e4-5393-8c6d-cbecb9eaeb9f,POL-00000220-SCH-1,1,2040.0000,2026-05-30,2026-05-31,2026-05-31,closed,
d7280858-fef9-5fdc-9555-95b132b77dd1,02b82783-cdd4-596a-b15a-fb98b29a7812,POL-00000221-SCH-1,1,9000.0000,2025-11-07,2025-11-08,2025-11-08,closed,missing_supplier_signal;split_schedule
5f2f6b50-09b0-5160-b710-d0f638cb200a,02b82783-cdd4-596a-b15a-fb98b29a7812,POL-00000221-SCH-2,1,9000.0000,2025-11-09,2025-11-12,2025-11-12,closed,missing_supplier_signal;split_schedule
e470f6af-f8ad-5906-b7b9-9e8b4622eb1d,02b82783-cdd4-596a-b15a-fb98b29a7812,POL-00000221-SCH-3,1,9000.0000,2025-11-14,,2025-11-14,closed,missing_supplier_signal;split_schedule
1f70710c-7158-5778-99cd-661b4aa52503,02b82783-cdd4-596a-b15a-fb98b29a7812,POL-00000221-SCH-4,1,9000.0000,2025-11-24,2025-11-26,2025-11-26,closed,missing_supplier_signal;split_schedule
3f9c75ae-6037-51e6-a0a7-d31954d94601,ea69a9e1-8a1f-5ed8-bb8d-7b38ab9ddbe3,POL-00000222-SCH-1,1,804.0000,2025-01-28,2025-01-29,2025-01-29,closed,
8596099d-4040-5ebe-ae43-5aef9371d68c,8e267c4d-53d0-5cd1-9562-aaa9a5d390db,POL-00000223-SCH-1,1,6240.0000,2024-09-17,2024-09-20,2024-09-20,closed,
a5c14427-372b-5a7f-a06c-a97d985ab162,c30f42dd-18d6-58a3-9ebf-f777aa9e9143,POL-00000224-SCH-1,1,2832.0000,2025-02-23,2025-02-25,2025-02-25,closed,
63480908-117c-57f8-b4c7-d3a5a558dc31,4bda4646-48cb-5f85-85cf-4842b63395bd,POL-00000225-SCH-1,1,58080.0000,2026-01-01,2026-01-03,2026-01-03,closed,
cedb5b49-0dd7-5f1a-819d-edc6c5822fef,83f86a5b-7c01-5480-9dad-403de265dc11,POL-00000226-SCH-1,1,2400.0000,2024-10-08,2024-10-09,2024-10-09,closed,
80f36faf-115e-5fb7-a9bf-57ec9a4f506a,fb856137-f680-538b-951b-be559e5af34b,POL-00000227-SCH-1,1,92.0000,2025-02-04,2025-02-06,2025-02-06,closed,
d9c864d0-9c54-5a4c-acc9-4174958b5261,0aa69a85-defc-5f67-85a7-a0d8b7841d70,POL-00000228-SCH-1,1,6240.0000,2026-03-14,2026-03-15,2026-03-15,closed,
e52fbc6c-3106-5ef1-b0f3-3935c8c802d1,2082e536-6068-5fe6-856a-20c451fd59e9,POL-00000229-SCH-1,1,616.0000,2026-01-17,2026-01-19,2026-01-19,closed,split_schedule
2e0dca82-c8ed-5c86-9c0c-209d4bda0824,2082e536-6068-5fe6-856a-20c451fd59e9,POL-00000229-SCH-2,1,616.0000,2026-01-22,2026-01-24,2026-01-24,closed,split_schedule
354cec79-9aee-551f-844f-d2f9c7c62289,2082e536-6068-5fe6-856a-20c451fd59e9,POL-00000229-SCH-3,1,616.0000,2026-01-27,2026-01-29,2026-01-29,closed,split_schedule
26ddef58-db6d-5e97-adc0-4d02e13ac928,2d467a48-3bc0-5fc1-a2de-4dcd026bb5e0,POL-00000230-SCH-1,1,516.0000,2025-10-02,2025-10-05,2025-10-05,closed,
142631a6-cdb5-5138-9c40-f2d63df1da05,20ba59f3-1b38-53bc-bbf2-181166b52f9e,POL-00000231-SCH-1,1,42.0000,2026-08-03,2026-08-03,2026-08-03,open,
ec1cc67a-b879-5fd7-a270-25d6aabdc35e,5863a450-141c-52b2-8fc1-2c4f85ee9584,POL-00000232-SCH-1,1,3960.0000,2026-07-16,2026-07-17,2026-07-17,open,
eaf432df-7172-5b8e-9565-5e64a0300b2f,69a65c3d-a7ff-5cf9-88d3-bbdbb227db1f,POL-00000233-SCH-1,1,5064.0000,2026-06-26,2026-06-29,2026-06-29,open,
013a0663-5971-55a1-b4ad-81fe9d98de02,67ef137e-c39a-5e4f-8c79-6e504a90a059,POL-00000234-SCH-1,1,1140.0000,2026-06-21,2026-06-22,2026-06-22,open,
b1504290-fed7-59fe-b28c-c7b92478e0f9,f693e7f8-8b66-5437-a2ad-0af47c8511ba,POL-00000235-SCH-1,1,35760.0000,2026-08-12,2026-08-14,2026-08-14,open,
bbe2143d-1ca9-5f61-b24c-9d7e86df4243,c23d9d48-d2e9-5905-875d-f7cbda995da5,POL-00000236-SCH-1,1,21120.0000,2026-06-20,,2026-06-22,open,
25ddca43-24d3-5c2d-8a07-204434f77bef,5db09946-3506-5ce9-a2a3-6a726b8c4b94,POL-00000237-SCH-1,1,173.0000,2026-06-28,2026-07-01,2026-07-01,open,
8e86645d-f260-5124-9e2b-a7d62df0be63,a96bc6d9-901a-5312-a24e-4c8f21580b7f,POL-00000238-SCH-1,1,1272.0000,2026-08-09,2026-08-12,2026-08-12,on_hold,
42aa93a1-f89f-5374-ad35-9c6ff7e49f46,34a36bf8-3ea7-5ede-a07b-642d7b72dafc,POL-00000239-SCH-1,1,384.0000,2026-06-24,2026-06-25,2026-06-25,on_hold,split_schedule
bcde440f-14f4-5141-ae1d-38e90ddd41de,34a36bf8-3ea7-5ede-a07b-642d7b72dafc,POL-00000239-SCH-2,1,384.0000,2026-07-02,2026-07-02,2026-07-02,on_hold,split_schedule
7fc19d0b-db88-54b6-9de0-6da3bf39ea0c,34a36bf8-3ea7-5ede-a07b-642d7b72dafc,POL-00000239-SCH-3,1,384.0000,2026-06-29,2026-07-01,2026-07-01,on_hold,split_schedule
98bcae96-f8af-542d-9e01-825e36329581,34a36bf8-3ea7-5ede-a07b-642d7b72dafc,POL-00000239-SCH-4,1,384.0000,2026-07-15,2026-07-16,2026-07-16,on_hold,split_schedule
fda630da-a22d-59e9-9899-2cad1460e0e6,cb0a58cb-6d7d-505e-ab03-fda7308eba39,POL-00000240-SCH-1,1,193.0000,2026-06-20,2026-06-22,2026-06-22,open,
db9ba43c-ee8e-580e-bee6-a64a4b110dbc,84f967e7-b08d-56de-be1d-10dfdf0dc623,POL-00000241-SCH-1,1,77.0000,2026-07-15,2026-07-18,2026-07-18,open,missing_inventory_signal;split_schedule
36be1ced-1e15-5b18-af53-8c419a3edc95,84f967e7-b08d-56de-be1d-10dfdf0dc623,POL-00000241-SCH-2,1,77.0000,2026-07-21,2026-07-24,2026-07-24,open,missing_inventory_signal;split_schedule
a0cebf15-3773-5b0f-8a97-9e9b19b524b1,1274e6f3-b6af-59f2-8b15-ec5273ce784b,POL-00000242-SCH-1,1,27840.0000,2026-07-04,2026-07-06,2026-07-06,open,
4b417171-552c-541d-9427-c0ae93a1ff9f,4f870043-6859-5bae-a261-596bfefeae64,POL-00000243-SCH-1,1,180.0000,2026-08-14,2026-08-14,2026-08-14,open,
0b79036d-f72d-521f-874d-2d723abbcc9c,020bbbcf-ba14-5571-9371-84f63257bf60,POL-00000244-SCH-1,1,1048.0000,2026-07-01,2026-07-04,2026-07-04,open,split_schedule
f807df0c-df19-5e08-887b-bd412ca77cad,020bbbcf-ba14-5571-9371-84f63257bf60,POL-00000244-SCH-2,1,1048.0000,2026-07-05,2026-07-07,2026-07-07,open,split_schedule
c2865fe9-a9b0-540b-87a4-a999a7cfdca1,020bbbcf-ba14-5571-9371-84f63257bf60,POL-00000244-SCH-3,1,1048.0000,2026-07-20,2026-07-20,2026-07-20,open,split_schedule
ab31de6b-db9c-5805-ae5f-ea3b01441507,5096eb4b-57a6-5e02-9cb5-80fcce3dc454,POL-00000245-SCH-1,1,6.2500,2026-06-21,2026-06-22,2026-06-22,open,split_schedule
22f9f8f2-4123-55fb-937e-c0085b194b93,5096eb4b-57a6-5e02-9cb5-80fcce3dc454,POL-00000245-SCH-2,1,6.2500,2026-06-23,2026-06-26,2026-06-26,open,split_schedule
bd6c1b7e-b6af-5f0b-a2e9-bb2a0feb8026,5096eb4b-57a6-5e02-9cb5-80fcce3dc454,POL-00000245-SCH-3,1,6.2500,2026-06-24,2026-06-26,2026-06-26,open,split_schedule
5517355d-b27c-52f5-a6b9-c620b2bdba54,5096eb4b-57a6-5e02-9cb5-80fcce3dc454,POL-00000245-SCH-4,1,6.2500,2026-07-13,,2026-07-13,open,split_schedule
73959a2e-8517-5580-be76-b6c96566fe55,28e402f4-13cf-5b10-9fc1-61be6b12e430,POL-00000246-SCH-1,1,528.0000,2026-06-21,2026-06-22,2026-06-22,open,split_schedule
7ee2a2ed-7d26-58e5-9649-cc39115b92fb,28e402f4-13cf-5b10-9fc1-61be6b12e430,POL-00000246-SCH-2,1,528.0000,2026-06-23,2026-06-24,2026-06-24,open,split_schedule
88e7a54a-4479-528c-9450-cf0f5b195511,28e402f4-13cf-5b10-9fc1-61be6b12e430,POL-00000246-SCH-3,1,528.0000,2026-06-25,2026-06-26,2026-06-26,open,split_schedule
2f6e4ac1-1cd2-532e-9db5-2c7d821fcce8,28e402f4-13cf-5b10-9fc1-61be6b12e430,POL-00000246-SCH-4,1,528.0000,2026-07-03,2026-07-04,2026-07-04,open,split_schedule
49f6e641-98d0-57f1-bd76-1da6ec930033,97b7ba0f-447c-5992-85e9-a76792aac805,POL-00000247-SCH-1,1,142.0000,2026-07-24,2026-07-27,2026-07-27,open,
abd4f220-228c-5a51-b8b6-cf97cfaff9e6,57091412-8265-5e6e-a668-f35f422b049f,POL-00000248-SCH-1,1,372.0000,2026-07-02,2026-07-02,2026-07-02,open,missing_supplier_signal
a3ba4afe-9f1d-5b3a-b2eb-24012f1cc3bc,f562b0e3-e479-5200-845b-f38069e7f712,POL-00000249-SCH-1,1,600.0000,2026-06-19,2026-06-22,2026-06-22,open,receipt_reversal
cb51efe4-e2f0-56b3-8789-28db041e4684,6245ccde-23ea-5459-93da-2823b8af6b90,POL-00000250-SCH-1,1,9648.0000,2026-07-09,2026-07-10,2026-07-10,open,supplier_commitment_breach
9fc5e458-f153-54a0-883c-cc4a3184f57d,48ed627a-0055-5133-b9bc-111f2f7c28f3,POL-00000251-SCH-1,1,2160.0000,2026-07-21,2026-07-22,2026-07-22,open,supplier_deterioration
f2280e9b-5ab9-5f44-8a34-cb8719c1033a,dd4499bf-56bf-5b8d-88bf-c7cc009b76b7,POL-00000252-SCH-1,1,130.0000,2026-08-12,2026-08-14,2026-08-14,open,demand_shock
317f5114-6d09-5395-9a4d-51317ed4f303,34a94756-0101-53d3-ae7f-b13beb47b1c9,POL-00000253-SCH-1,1,19680.0000,2026-08-12,2026-08-14,2026-08-14,open,receipt_correction
2afc763a-bd78-517b-b2ad-0f94ee6ee783,2164ee6f-8623-5da5-8c46-291823ffa56e,POL-00000254-SCH-1,1,33.7500,2026-07-28,2026-07-28,2026-07-28,open,split_schedule
5f2dd7ab-acb3-52a8-a523-42a5c0b8f110,2164ee6f-8623-5da5-8c46-291823ffa56e,POL-00000254-SCH-2,1,33.7500,2026-08-05,2026-08-05,2026-08-05,open,split_schedule
561b56fc-eb8a-581a-99e9-74288d6f7686,2164ee6f-8623-5da5-8c46-291823ffa56e,POL-00000254-SCH-3,1,33.7500,2026-08-06,2026-08-09,2026-08-09,open,split_schedule
d3596ed1-ac6e-50c4-8d72-41400d2c1f79,2164ee6f-8623-5da5-8c46-291823ffa56e,POL-00000254-SCH-4,1,33.7500,2026-08-17,2026-08-18,2026-08-18,open,split_schedule
7ae2c4be-99f6-59fb-a6fb-7425fac7866d,e352c6c8-f604-5992-8022-9093ab1ff4df,POL-00000255-SCH-1,1,14520.0000,2026-07-11,2026-07-13,2026-07-13,open,inventory_reallocation_opportunity
2b5eaa1a-f1aa-5329-8539-3292c79f5749,cdc0784f-19e1-507f-b963-e356d5f52824,POL-00000256-SCH-1,1,2400.0000,2026-08-12,2026-08-14,2026-08-14,on_hold,false_positive_source_data_correction
f899d145-2477-511a-87a1-97cefabedf7d,2c383d3a-d0b1-5dee-910d-a3b56916e241,POL-00000257-SCH-1,1,120.0000,2026-07-05,2026-07-07,2026-07-07,open,overdue_critical_order
4b699d22-8e12-5938-951c-98a5e3e28ac5,c1c8f959-e8b1-5e8c-a79d-f8566f1057cd,POL-00000258-SCH-1,1,1152.0000,2026-06-21,2026-06-22,2026-06-22,open,partial_receipt_remaining_exposure
9e2f3cd1-e705-55aa-a50d-17d4a73d0a65,fba26f22-480f-545e-839a-f909ba148543,POL-00000259-SCH-1,1,197.0000,2026-06-23,2026-06-25,2026-06-25,open,missing_inventory_signal
ec110d70-f59a-5e9b-add4-0b0a19b7ad57,6ab7ad2f-5c4d-569c-8389-8a4e4242e8a5,POL-00000260-SCH-1,1,104.0000,2026-06-19,2026-06-22,2026-06-22,open,missing_supplier_signal
