id,source_load_id,product_id,site_id,source_requirement_ref,requirement_version,requirement_type,required_date,required_quantity,corrects_requirement_id,demand_class,product_category,demand_shock_flag,scenario_ids,scenario_types
2a71b742-5390-5007-aab4-286d66383d79,4aa2878d-7160-57a6-8595-bf7156857f7a,809cf264-7def-5354-9470-0a2384ba5a22,83d1dcfc-cfa9-52c8-a5a3-cbb9679d5d59,DEM-809cf264-7def-5354-9470-0a2384ba5a22-MEL-DC-1,1,firm,2026-07-07,185.0117,,X,components,false,,
1e78811a-975d-5bb0-bd53-ea197e91bc41,4aa2878d-7160-57a6-8595-bf7156857f7a,809cf264-7def-5354-9470-0a2384ba5a22,83d1dcfc-cfa9-52c8-a5a3-cbb9679d5d59,DEM-809cf264-7def-5354-9470-0a2384ba5a22-MEL-DC-2,1,forecast,2026-07-14,160.5760,,X,components,false,,
a7ef0883-e809-52ad-8fcd-58d221486cc0,4aa2878d-7160-57a6-8595-bf7156857f7a,809cf264-7def-5354-9470-0a2384ba5a22,83d1dcfc-cfa9-52c8-a5a3-cbb9679d5d59,DEM-809cf264-7def-5354-9470-0a2384ba5a22-MEL-DC-3,1,forecast,2026-07-21,129.1984,,X,components,false,,
ce06bdcb-e1df-5fd2-b51a-158ae8a51fa1,4aa2878d-7160-57a6-8595-bf7156857f7a,809cf264-7def-5354-9470-0a2384ba5a22,83d1dcfc-cfa9-52c8-a5a3-cbb9679d5d59,DEM-809cf264-7def-5354-9470-0a2384ba5a22-MEL-DC-4,1,forecast,2026-07-28,164.3116,,X,components,false,,
7b098bf1-f6c9-5c4f-885e-b1186e9d7001,4aa2878d-7160-57a6-8595-bf7156857f7a,809cf264-7def-5354-9470-0a2384ba5a22,cd80660b-3e07-58ef-88fb-4dfd4c14f755,DEM-809cf264-7def-5354-9470-0a2384ba5a22-GEEL-MFG-1,1,firm,2026-07-07,181.8127,,X,components,false,,
fd3a4c81-7a44-5d29-b58c-8bfa398f22c6,4aa2878d-7160-57a6-8595-bf7156857f7a,809cf264-7def-5354-9470-0a2384ba5a22,cd80660b-3e07-58ef-88fb-4dfd4c14f755,DEM-809cf264-7def-5354-9470-0a2384ba5a22-GEEL-MFG-2,1,forecast,2026-07-14,137.7772,,X,components,false,,
7ce61a2e-1497-56df-8a32-d728645697ad,4aa2878d-7160-57a6-8595-bf7156857f7a,809cf264-7def-5354-9470-0a2384ba5a22,cd80660b-3e07-58ef-88fb-4dfd4c14f755,DEM-809cf264-7def-5354-9470-0a2384ba5a22-GEEL-MFG-3,1,forecast,2026-07-21,123.8162,,X,components,false,,
671be7e8-f208-5a60-843b-a8383701ac4e,4aa2878d-7160-57a6-8595-bf7156857f7a,809cf264-7def-5354-9470-0a2384ba5a22,cd80660b-3e07-58ef-88fb-4dfd4c14f755,DEM-809cf264-7def-5354-9470-0a2384ba5a22-GEEL-MFG-4,1,forecast,2026-07-28,176.1085,,X,components,false,,
c3a712d2-015e-5c0a-9401-0fb431cf5c61,4aa2878d-7160-57a6-8595-bf7156857f7a,a7d6c9e4-45c8-576f-87b5-1b26791e19d6,83d1dcfc-cfa9-52c8-a5a3-cbb9679d5d59,DEM-a7d6c9e4-45c8-576f-87b5-1b26791e19d6-MEL-DC-1,1,firm,2026-07-07,109.5325,,X,resale_finished_goods,false,,
b9f5d51f-1b72-5a48-a05c-d83e3a680415,4aa2878d-7160-57a6-8595-bf7156857f7a,a7d6c9e4-45c8-576f-87b5-1b26791e19d6,83d1dcfc-cfa9-52c8-a5a3-cbb9679d5d59,DEM-a7d6c9e4-45c8-576f-87b5-1b26791e19d6-MEL-DC-2,1,forecast,2026-07-14,136.8959,,X,resale_finished_goods,false,,
58b15d36-64b7-54cc-8ff6-d3bc7bfd625c,4aa2878d-7160-57a6-8595-bf7156857f7a,a7d6c9e4-45c8-576f-87b5-1b26791e19d6,83d1dcfc-cfa9-52c8-a5a3-cbb9679d5d59,DEM-a7d6c9e4-45c8-576f-87b5-1b26791e19d6-MEL-DC-3,1,forecast,2026-07-21,103.2787,,X,resale_finished_goods,false,,
bb72d4d1-6bc9-5ecc-a8c9-dd62ba3e239e,4aa2878d-7160-57a6-8595-bf7156857f7a,a7d6c9e4-45c8-576f-87b5-1b26791e19d6,83d1dcfc-cfa9-52c8-a5a3-cbb9679d5d59,DEM-a7d6c9e4-45c8-576f-87b5-1b26791e19d6-MEL-DC-4,1,forecast,2026-07-28,170.5399,,X,resale_finished_goods,false,,
487292d2-ff54-5a83-8cca-cd48064b0801,4aa2878d-7160-57a6-8595-bf7156857f7a,a7d6c9e4-45c8-576f-87b5-1b26791e19d6,cd80660b-3e07-58ef-88fb-4dfd4c14f755,DEM-a7d6c9e4-45c8-576f-87b5-1b26791e19d6-GEEL-MFG-1,1,firm,2026-07-07,290.4167,,X,resale_finished_goods,true,f9b7419a-d261-544e-b526-3ea3f62bbddc,demand_shock
279722fe-23da-583b-b012-e8b590b44345,4aa2878d-7160-57a6-8595-bf7156857f7a,a7d6c9e4-45c8-576f-87b5-1b26791e19d6,cd80660b-3e07-58ef-88fb-4dfd4c14f755,DEM-a7d6c9e4-45c8-576f-87b5-1b26791e19d6-GEEL-MFG-2,1,forecast,2026-07-14,96.8461,,X,resale_finished_goods,false,f9b7419a-d261-544e-b526-3ea3f62bbddc,demand_shock
220dfaf9-1bdf-5ac5-8d8d-ffeebb914bb5,4aa2878d-7160-57a6-8595-bf7156857f7a,a7d6c9e4-45c8-576f-87b5-1b26791e19d6,cd80660b-3e07-58ef-88fb-4dfd4c14f755,DEM-a7d6c9e4-45c8-576f-87b5-1b26791e19d6-GEEL-MFG-3,1,forecast,2026-07-21,133.6743,,X,resale_finished_goods,false,f9b7419a-d261-544e-b526-3ea3f62bbddc,demand_shock
b944bcf7-b49e-57ce-8f65-f3a2c4166dab,4aa2878d-7160-57a6-8595-bf7156857f7a,a7d6c9e4-45c8-576f-87b5-1b26791e19d6,cd80660b-3e07-58ef-88fb-4dfd4c14f755,DEM-a7d6c9e4-45c8-576f-87b5-1b26791e19d6-GEEL-MFG-4,1,forecast,2026-07-28,119.1440,,X,resale_finished_goods,false,f9b7419a-d261-544e-b526-3ea3f62bbddc,demand_shock
892f2c1f-23e2-5cac-8a5b-81c08cb3dddb,4aa2878d-7160-57a6-8595-bf7156857f7a,c893506d-df7e-55aa-9afa-b952b5e81a69,83d1dcfc-cfa9-52c8-a5a3-cbb9679d5d59,DEM-c893506d-df7e-55aa-9afa-b952b5e81a69-MEL-DC-1,1,firm,2026-07-07,108.3859,,X,components,false,,
e24bc32f-18dc-53e8-808a-434a25a0a2d8,4aa2878d-7160-57a6-8595-bf7156857f7a,c893506d-df7e-55aa-9afa-b952b5e81a69,83d1dcfc-cfa9-52c8-a5a3-cbb9679d5d59,DEM-c893506d-df7e-55aa-9afa-b952b5e81a69-MEL-DC-2,1,forecast,2026-07-14,136.4371,,X,components,false,,
6c07988d-8415-550c-a08c-05d650d865a5,4aa2878d-7160-57a6-8595-bf7156857f7a,c893506d-df7e-55aa-9afa-b952b5e81a69,83d1dcfc-cfa9-52c8-a5a3-cbb9679d5d59,DEM-c893506d-df7e-55aa-9afa-b952b5e81a69-MEL-DC-3,1,forecast,2026-07-21,176.4276,,X,components,false,,
ab95283e-abd4-5e6d-9864-8e3c9c10e5e8,4aa2878d-7160-57a6-8595-bf7156857f7a,c893506d-df7e-55aa-9afa-b952b5e81a69,83d1dcfc-cfa9-52c8-a5a3-cbb9679d5d59,DEM-c893506d-df7e-55aa-9afa-b952b5e81a69-MEL-DC-4,1,forecast,2026-07-28,116.3152,,X,components,false,,
22d8766f-b839-5ae3-8e01-b5ce5dd10b6f,4aa2878d-7160-57a6-8595-bf7156857f7a,c893506d-df7e-55aa-9afa-b952b5e81a69,cd80660b-3e07-58ef-88fb-4dfd4c14f755,DEM-c893506d-df7e-55aa-9afa-b952b5e81a69-GEEL-MFG-1,1,firm,2026-07-07,229.9117,,X,components,true,,
3b310d85-ff06-56dd-ab2b-228967bf68a5,4aa2878d-7160-57a6-8595-bf7156857f7a,c893506d-df7e-55aa-9afa-b952b5e81a69,cd80660b-3e07-58ef-88fb-4dfd4c14f755,DEM-c893506d-df7e-55aa-9afa-b952b5e81a69-GEEL-MFG-2,1,forecast,2026-07-14,187.0337,,X,components,false,,
1b0dfd52-f3cc-5418-82f3-4bcb5797d9ad,4aa2878d-7160-57a6-8595-bf7156857f7a,c893506d-df7e-55aa-9afa-b952b5e81a69,cd80660b-3e07-58ef-88fb-4dfd4c14f755,DEM-c893506d-df7e-55aa-9afa-b952b5e81a69-GEEL-MFG-3,1,forecast,2026-07-21,132.3647,,X,components,false,,
b481551b-63de-50c7-a088-e8afc1d47525,4aa2878d-7160-57a6-8595-bf7156857f7a,c893506d-df7e-55aa-9afa-b952b5e81a69,cd80660b-3e07-58ef-88fb-4dfd4c14f755,DEM-c893506d-df7e-55aa-9afa-b952b5e81a69-GEEL-MFG-4,1,forecast,2026-07-28,183.7912,,X,components,false,,
7b74d0fd-c024-5553-aee1-738101712dc4,4aa2878d-7160-57a6-8595-bf7156857f7a,fe8d9660-d333-56ab-a5ca-bb18ef310089,83d1dcfc-cfa9-52c8-a5a3-cbb9679d5d59,DEM-fe8d9660-d333-56ab-a5ca-bb18ef310089-MEL-DC-1,1,firm,2026-07-07,193.8748,,Y,components,true,48d368d5-2563-58aa-95ee-27672f36b725,demand_shock
62061be5-ce87-5797-9907-aa08c0f89a03,4aa2878d-7160-57a6-8595-bf7156857f7a,fe8d9660-d333-56ab-a5ca-bb18ef310089,83d1dcfc-cfa9-52c8-a5a3-cbb9679d5d59,DEM-fe8d9660-d333-56ab-a5ca-bb18ef310089-MEL-DC-2,1,forecast,2026-07-14,116.6022,,Y,components,false,48d368d5-2563-58aa-95ee-27672f36b725,demand_shock
afea9d5b-fe5a-5e0e-ad9e-3065678c894a,4aa2878d-7160-57a6-8595-bf7156857f7a,fe8d9660-d333-56ab-a5ca-bb18ef310089,83d1dcfc-cfa9-52c8-a5a3-cbb9679d5d59,DEM-fe8d9660-d333-56ab-a5ca-bb18ef310089-MEL-DC-3,1,forecast,2026-07-21,89.2260,,Y,components,false,48d368d5-2563-58aa-95ee-27672f36b725,demand_shock
d045e95f-daf6-54cc-b753-99c2b26a2221,4aa2878d-7160-57a6-8595-bf7156857f7a,fe8d9660-d333-56ab-a5ca-bb18ef310089,83d1dcfc-cfa9-52c8-a5a3-cbb9679d5d59,DEM-fe8d9660-d333-56ab-a5ca-bb18ef310089-MEL-DC-4,1,forecast,2026-07-28,97.0011,,Y,components,false,48d368d5-2563-58aa-95ee-27672f36b725,demand_shock
df502334-ca2b-5bc7-a528-626f1f1a5067,4aa2878d-7160-57a6-8595-bf7156857f7a,fe8d9660-d333-56ab-a5ca-bb18ef310089,cd80660b-3e07-58ef-88fb-4dfd4c14f755,DEM-fe8d9660-d333-56ab-a5ca-bb18ef310089-GEEL-MFG-1,1,firm,2026-07-07,67.8126,,Y,components,false,,
cf5a1d6d-8c70-5acd-aa1d-f9f22f201955,4aa2878d-7160-57a6-8595-bf7156857f7a,fe8d9660-d333-56ab-a5ca-bb18ef310089,cd80660b-3e07-58ef-88fb-4dfd4c14f755,DEM-fe8d9660-d333-56ab-a5ca-bb18ef310089-GEEL-MFG-2,1,forecast,2026-07-14,76.4118,,Y,components,false,,
b631251f-93b9-5f1e-a621-037221b42ec6,4aa2878d-7160-57a6-8595-bf7156857f7a,fe8d9660-d333-56ab-a5ca-bb18ef310089,cd80660b-3e07-58ef-88fb-4dfd4c14f755,DEM-fe8d9660-d333-56ab-a5ca-bb18ef310089-GEEL-MFG-3,1,forecast,2026-07-21,92.4259,,Y,components,false,,
de5745cb-8298-5af9-a673-8d2266bf13ea,4aa2878d-7160-57a6-8595-bf7156857f7a,fe8d9660-d333-56ab-a5ca-bb18ef310089,cd80660b-3e07-58ef-88fb-4dfd4c14f755,DEM-fe8d9660-d333-56ab-a5ca-bb18ef310089-GEEL-MFG-4,1,forecast,2026-07-28,105.7428,,Y,components,false,,
1b046e4b-facb-589b-a035-86a9972a4364,4aa2878d-7160-57a6-8595-bf7156857f7a,83051d14-4fa3-53bd-ac60-523a406fc21f,83d1dcfc-cfa9-52c8-a5a3-cbb9679d5d59,DEM-83051d14-4fa3-53bd-ac60-523a406fc21f-MEL-DC-1,1,firm,2026-07-07,93.1441,,Y,resale_finished_goods,false,,
93897664-349c-5140-9c14-a83bf7c16867,4aa2878d-7160-57a6-8595-bf7156857f7a,83051d14-4fa3-53bd-ac60-523a406fc21f,83d1dcfc-cfa9-52c8-a5a3-cbb9679d5d59,DEM-83051d14-4fa3-53bd-ac60-523a406fc21f-MEL-DC-2,1,forecast,2026-07-14,94.6512,,Y,resale_finished_goods,false,,
a8359238-a839-5c87-8e5b-6479e3c5a1a7,4aa2878d-7160-57a6-8595-bf7156857f7a,83051d14-4fa3-53bd-ac60-523a406fc21f,83d1dcfc-cfa9-52c8-a5a3-cbb9679d5d59,DEM-83051d14-4fa3-53bd-ac60-523a406fc21f-MEL-DC-3,1,forecast,2026-07-21,74.8936,,Y,resale_finished_goods,false,,
291e402c-bd5d-591c-b6f2-f2a7e6c77c7b,4aa2878d-7160-57a6-8595-bf7156857f7a,83051d14-4fa3-53bd-ac60-523a406fc21f,83d1dcfc-cfa9-52c8-a5a3-cbb9679d5d59,DEM-83051d14-4fa3-53bd-ac60-523a406fc21f-MEL-DC-4,1,forecast,2026-07-28,156.8410,,Y,resale_finished_goods,true,,
237030f3-416b-556c-992b-16cfbc29db08,4aa2878d-7160-57a6-8595-bf7156857f7a,83051d14-4fa3-53bd-ac60-523a406fc21f,cd80660b-3e07-58ef-88fb-4dfd4c14f755,DEM-83051d14-4fa3-53bd-ac60-523a406fc21f-GEEL-MFG-1,1,firm,2026-07-07,201.0084,,Y,resale_finished_goods,true,8964d56d-1702-5191-9df7-14023e2e1e5c,demand_shock
30a2cd50-0b28-5038-83aa-a2bcdb4b9af7,4aa2878d-7160-57a6-8595-bf7156857f7a,83051d14-4fa3-53bd-ac60-523a406fc21f,cd80660b-3e07-58ef-88fb-4dfd4c14f755,DEM-83051d14-4fa3-53bd-ac60-523a406fc21f-GEEL-MFG-2,1,forecast,2026-07-14,112.2801,,Y,resale_finished_goods,false,8964d56d-1702-5191-9df7-14023e2e1e5c,demand_shock
da709a00-6fee-5071-a145-6a71f6ac36cc,4aa2878d-7160-57a6-8595-bf7156857f7a,83051d14-4fa3-53bd-ac60-523a406fc21f,cd80660b-3e07-58ef-88fb-4dfd4c14f755,DEM-83051d14-4fa3-53bd-ac60-523a406fc21f-GEEL-MFG-3,1,forecast,2026-07-21,83.7941,,Y,resale_finished_goods,false,8964d56d-1702-5191-9df7-14023e2e1e5c,demand_shock
470d037c-8ab0-5082-92d1-8ade0a2cdd6d,4aa2878d-7160-57a6-8595-bf7156857f7a,83051d14-4fa3-53bd-ac60-523a406fc21f,cd80660b-3e07-58ef-88fb-4dfd4c14f755,DEM-83051d14-4fa3-53bd-ac60-523a406fc21f-GEEL-MFG-4,1,forecast,2026-07-28,95.6324,,Y,resale_finished_goods,false,8964d56d-1702-5191-9df7-14023e2e1e5c,demand_shock
f1d171a3-8096-515c-a857-bb03a62d0ef7,4aa2878d-7160-57a6-8595-bf7156857f7a,9de01ee7-8a99-53e4-9894-1eb2457782be,83d1dcfc-cfa9-52c8-a5a3-cbb9679d5d59,DEM-9de01ee7-8a99-53e4-9894-1eb2457782be-MEL-DC-1,1,firm,2026-07-07,93.3256,,Y,resale_finished_goods,false,,
2e55c9b7-08d0-5524-b713-cdcf7115b0f3,4aa2878d-7160-57a6-8595-bf7156857f7a,9de01ee7-8a99-53e4-9894-1eb2457782be,83d1dcfc-cfa9-52c8-a5a3-cbb9679d5d59,DEM-9de01ee7-8a99-53e4-9894-1eb2457782be-MEL-DC-2,1,forecast,2026-07-14,100.4265,,Y,resale_finished_goods,false,,
d32c7f92-38ec-5663-a2c3-64f19dbbf53f,4aa2878d-7160-57a6-8595-bf7156857f7a,9de01ee7-8a99-53e4-9894-1eb2457782be,83d1dcfc-cfa9-52c8-a5a3-cbb9679d5d59,DEM-9de01ee7-8a99-53e4-9894-1eb2457782be-MEL-DC-3,1,forecast,2026-07-21,64.1644,,Y,resale_finished_goods,false,,
23f9230d-467e-5d66-8cc4-fc1dd8308a53,4aa2878d-7160-57a6-8595-bf7156857f7a,9de01ee7-8a99-53e4-9894-1eb2457782be,83d1dcfc-cfa9-52c8-a5a3-cbb9679d5d59,DEM-9de01ee7-8a99-53e4-9894-1eb2457782be-MEL-DC-4,1,forecast,2026-07-28,102.9201,,Y,resale_finished_goods,false,,
59788134-9257-50e3-bc3c-bfd603d61b2e,4aa2878d-7160-57a6-8595-bf7156857f7a,9de01ee7-8a99-53e4-9894-1eb2457782be,cd80660b-3e07-58ef-88fb-4dfd4c14f755,DEM-9de01ee7-8a99-53e4-9894-1eb2457782be-GEEL-MFG-1,1,firm,2026-07-07,69.8078,,Y,resale_finished_goods,false,,
f6544796-e3e5-5b14-b4b3-c4136381c128,4aa2878d-7160-57a6-8595-bf7156857f7a,9de01ee7-8a99-53e4-9894-1eb2457782be,cd80660b-3e07-58ef-88fb-4dfd4c14f755,DEM-9de01ee7-8a99-53e4-9894-1eb2457782be-GEEL-MFG-2,1,forecast,2026-07-14,66.4138,,Y,resale_finished_goods,false,,
49ce9b5b-724d-57c2-9646-14f104e8bb84,4aa2878d-7160-57a6-8595-bf7156857f7a,9de01ee7-8a99-53e4-9894-1eb2457782be,cd80660b-3e07-58ef-88fb-4dfd4c14f755,DEM-9de01ee7-8a99-53e4-9894-1eb2457782be-GEEL-MFG-3,1,forecast,2026-07-21,114.4788,,Y,resale_finished_goods,false,,
0dae7e7f-0599-5fd6-ab57-7af08a325e1e,4aa2878d-7160-57a6-8595-bf7156857f7a,9de01ee7-8a99-53e4-9894-1eb2457782be,cd80660b-3e07-58ef-88fb-4dfd4c14f755,DEM-9de01ee7-8a99-53e4-9894-1eb2457782be-GEEL-MFG-4,1,forecast,2026-07-28,96.2364,,Y,resale_finished_goods,false,,
08e14c1e-aad2-552d-90a8-a09fdf13443b,4aa2878d-7160-57a6-8595-bf7156857f7a,0ddb5f45-3bf7-5460-a1dc-4b0097c4c8d6,83d1dcfc-cfa9-52c8-a5a3-cbb9679d5d59,DEM-0ddb5f45-3bf7-5460-a1dc-4b0097c4c8d6-MEL-DC-1,1,firm,2026-07-07,242.8116,,X,mro_consumables,true,03cb6996-1c9a-5d08-999e-f42912b41041,demand_shock
946e58f2-5afb-5515-b531-e4af4554f35c,4aa2878d-7160-57a6-8595-bf7156857f7a,0ddb5f45-3bf7-5460-a1dc-4b0097c4c8d6,83d1dcfc-cfa9-52c8-a5a3-cbb9679d5d59,DEM-0ddb5f45-3bf7-5460-a1dc-4b0097c4c8d6-MEL-DC-2,1,forecast,2026-07-14,116.1538,,X,mro_consumables,false,03cb6996-1c9a-5d08-999e-f42912b41041,demand_shock
795088c7-ddd6-50e4-94e9-c53f170dca3f,4aa2878d-7160-57a6-8595-bf7156857f7a,0ddb5f45-3bf7-5460-a1dc-4b0097c4c8d6,83d1dcfc-cfa9-52c8-a5a3-cbb9679d5d59,DEM-0ddb5f45-3bf7-5460-a1dc-4b0097c4c8d6-MEL-DC-3,1,forecast,2026-07-21,151.3445,,X,mro_consumables,false,03cb6996-1c9a-5d08-999e-f42912b41041,demand_shock
6037ee98-4990-574a-ad32-2349cc08e766,4aa2878d-7160-57a6-8595-bf7156857f7a,0ddb5f45-3bf7-5460-a1dc-4b0097c4c8d6,83d1dcfc-cfa9-52c8-a5a3-cbb9679d5d59,DEM-0ddb5f45-3bf7-5460-a1dc-4b0097c4c8d6-MEL-DC-4,1,forecast,2026-07-28,169.4487,,X,mro_consumables,false,03cb6996-1c9a-5d08-999e-f42912b41041,demand_shock
b1e98223-75df-5ceb-8d99-5350a33badd7,4aa2878d-7160-57a6-8595-bf7156857f7a,0ddb5f45-3bf7-5460-a1dc-4b0097c4c8d6,cd80660b-3e07-58ef-88fb-4dfd4c14f755,DEM-0ddb5f45-3bf7-5460-a1dc-4b0097c4c8d6-GEEL-MFG-1,1,firm,2026-07-07,248.2458,,X,mro_consumables,true,98f200ac-eb12-5833-acd6-2403a53b3358,demand_shock
6bd4eb8b-0830-5f8a-8922-0a1875d72fbb,4aa2878d-7160-57a6-8595-bf7156857f7a,0ddb5f45-3bf7-5460-a1dc-4b0097c4c8d6,cd80660b-3e07-58ef-88fb-4dfd4c14f755,DEM-0ddb5f45-3bf7-5460-a1dc-4b0097c4c8d6-GEEL-MFG-2,1,forecast,2026-07-14,125.8263,,X,mro_consumables,false,98f200ac-eb12-5833-acd6-2403a53b3358,demand_shock
3f9c974a-5111-5916-8a30-64c9459c526c,4aa2878d-7160-57a6-8595-bf7156857f7a,0ddb5f45-3bf7-5460-a1dc-4b0097c4c8d6,cd80660b-3e07-58ef-88fb-4dfd4c14f755,DEM-0ddb5f45-3bf7-5460-a1dc-4b0097c4c8d6-GEEL-MFG-3,1,forecast,2026-07-21,132.7223,,X,mro_consumables,false,98f200ac-eb12-5833-acd6-2403a53b3358,demand_shock
90a1967a-d217-5f35-bbfd-7a2ea1f28cac,4aa2878d-7160-57a6-8595-bf7156857f7a,0ddb5f45-3bf7-5460-a1dc-4b0097c4c8d6,cd80660b-3e07-58ef-88fb-4dfd4c14f755,DEM-0ddb5f45-3bf7-5460-a1dc-4b0097c4c8d6-GEEL-MFG-4,1,forecast,2026-07-28,167.3664,,X,mro_consumables,false,98f200ac-eb12-5833-acd6-2403a53b3358,demand_shock
c49640c7-df1f-54b2-a901-a10ec0011f53,4aa2878d-7160-57a6-8595-bf7156857f7a,fadf08a0-1d4f-563b-bd91-b87b31f373eb,83d1dcfc-cfa9-52c8-a5a3-cbb9679d5d59,DEM-fadf08a0-1d4f-563b-bd91-b87b31f373eb-MEL-DC-1,1,firm,2026-07-07,247.5585,,X,resale_finished_goods,true,027e6d0c-80a6-5f84-82a1-90e2b3f64eee,demand_shock
e20a8f35-caa0-5762-ab96-d66126088d59,4aa2878d-7160-57a6-8595-bf7156857f7a,fadf08a0-1d4f-563b-bd91-b87b31f373eb,83d1dcfc-cfa9-52c8-a5a3-cbb9679d5d59,DEM-fadf08a0-1d4f-563b-bd91-b87b31f373eb-MEL-DC-2,1,forecast,2026-07-14,104.4408,,X,resale_finished_goods,false,027e6d0c-80a6-5f84-82a1-90e2b3f64eee,demand_shock
20b94c0b-2867-550c-b76a-c20d5426ce74,4aa2878d-7160-57a6-8595-bf7156857f7a,fadf08a0-1d4f-563b-bd91-b87b31f373eb,83d1dcfc-cfa9-52c8-a5a3-cbb9679d5d59,DEM-fadf08a0-1d4f-563b-bd91-b87b31f373eb-MEL-DC-3,1,forecast,2026-07-21,166.2686,,X,resale_finished_goods,false,027e6d0c-80a6-5f84-82a1-90e2b3f64eee,demand_shock
1c20ba5b-1fe9-5a9a-9feb-9983ab720d35,4aa2878d-7160-57a6-8595-bf7156857f7a,fadf08a0-1d4f-563b-bd91-b87b31f373eb,83d1dcfc-cfa9-52c8-a5a3-cbb9679d5d59,DEM-fadf08a0-1d4f-563b-bd91-b87b31f373eb-MEL-DC-4,1,forecast,2026-07-28,162.5260,,X,resale_finished_goods,false,027e6d0c-80a6-5f84-82a1-90e2b3f64eee,demand_shock
7086771c-b527-5234-9198-25712625edf5,4aa2878d-7160-57a6-8595-bf7156857f7a,fadf08a0-1d4f-563b-bd91-b87b31f373eb,cd80660b-3e07-58ef-88fb-4dfd4c14f755,DEM-fadf08a0-1d4f-563b-bd91-b87b31f373eb-GEEL-MFG-1,1,firm,2026-07-07,361.1189,,X,resale_finished_goods,true,c34c619a-7381-59c4-a211-e7e901e78448,demand_shock
8de5d615-2a77-5141-8909-76b49d02e747,4aa2878d-7160-57a6-8595-bf7156857f7a,fadf08a0-1d4f-563b-bd91-b87b31f373eb,cd80660b-3e07-58ef-88fb-4dfd4c14f755,DEM-fadf08a0-1d4f-563b-bd91-b87b31f373eb-GEEL-MFG-2,1,forecast,2026-07-14,173.1140,,X,resale_finished_goods,false,c34c619a-7381-59c4-a211-e7e901e78448,demand_shock
ca4fad1e-7c9c-54cd-b9e1-826b4c04e82d,4aa2878d-7160-57a6-8595-bf7156857f7a,fadf08a0-1d4f-563b-bd91-b87b31f373eb,cd80660b-3e07-58ef-88fb-4dfd4c14f755,DEM-fadf08a0-1d4f-563b-bd91-b87b31f373eb-GEEL-MFG-3,1,forecast,2026-07-21,113.9577,,X,resale_finished_goods,false,c34c619a-7381-59c4-a211-e7e901e78448,demand_shock
d3ff2215-9bad-5df1-aaf2-556b65828a4f,4aa2878d-7160-57a6-8595-bf7156857f7a,fadf08a0-1d4f-563b-bd91-b87b31f373eb,cd80660b-3e07-58ef-88fb-4dfd4c14f755,DEM-fadf08a0-1d4f-563b-bd91-b87b31f373eb-GEEL-MFG-4,1,forecast,2026-07-28,175.7698,,X,resale_finished_goods,false,c34c619a-7381-59c4-a211-e7e901e78448,demand_shock
567870a3-f6a9-530e-b897-257f3157a43a,4aa2878d-7160-57a6-8595-bf7156857f7a,f6f9c5be-111c-512f-b859-607b24323b36,83d1dcfc-cfa9-52c8-a5a3-cbb9679d5d59,DEM-f6f9c5be-111c-512f-b859-607b24323b36-MEL-DC-1,1,firm,2026-07-07,92.6711,,X,resale_finished_goods,false,,
011da783-f012-5525-9f7f-3ebf20ba9566,4aa2878d-7160-57a6-8595-bf7156857f7a,f6f9c5be-111c-512f-b859-607b24323b36,83d1dcfc-cfa9-52c8-a5a3-cbb9679d5d59,DEM-f6f9c5be-111c-512f-b859-607b24323b36-MEL-DC-2,1,forecast,2026-07-14,148.8250,,X,resale_finished_goods,false,,
55d80c18-454e-5467-827b-69960a10b12d,4aa2878d-7160-57a6-8595-bf7156857f7a,f6f9c5be-111c-512f-b859-607b24323b36,83d1dcfc-cfa9-52c8-a5a3-cbb9679d5d59,DEM-f6f9c5be-111c-512f-b859-607b24323b36-MEL-DC-3,1,forecast,2026-07-21,183.6470,,X,resale_finished_goods,false,,
e811376a-52a5-5d96-8d6a-52c5795d95b6,4aa2878d-7160-57a6-8595-bf7156857f7a,f6f9c5be-111c-512f-b859-607b24323b36,83d1dcfc-cfa9-52c8-a5a3-cbb9679d5d59,DEM-f6f9c5be-111c-512f-b859-607b24323b36-MEL-DC-4,1,forecast,2026-07-28,92.5862,,X,resale_finished_goods,false,,
04bbe2da-3c55-5649-abbb-d4f8bc4f36bd,4aa2878d-7160-57a6-8595-bf7156857f7a,f6f9c5be-111c-512f-b859-607b24323b36,cd80660b-3e07-58ef-88fb-4dfd4c14f755,DEM-f6f9c5be-111c-512f-b859-607b24323b36-GEEL-MFG-1,1,firm,2026-07-07,153.4885,,X,resale_finished_goods,false,,
08598142-199b-5621-92de-944fc274685c,4aa2878d-7160-57a6-8595-bf7156857f7a,f6f9c5be-111c-512f-b859-607b24323b36,cd80660b-3e07-58ef-88fb-4dfd4c14f755,DEM-f6f9c5be-111c-512f-b859-607b24323b36-GEEL-MFG-2,1,forecast,2026-07-14,135.6960,,X,resale_finished_goods,false,,
ea37dc57-7a80-5a41-a2d0-876204f22054,4aa2878d-7160-57a6-8595-bf7156857f7a,f6f9c5be-111c-512f-b859-607b24323b36,cd80660b-3e07-58ef-88fb-4dfd4c14f755,DEM-f6f9c5be-111c-512f-b859-607b24323b36-GEEL-MFG-3,1,forecast,2026-07-21,126.2353,,X,resale_finished_goods,false,,
1732de71-3594-5289-8d43-38b1a4ac905f,4aa2878d-7160-57a6-8595-bf7156857f7a,f6f9c5be-111c-512f-b859-607b24323b36,cd80660b-3e07-58ef-88fb-4dfd4c14f755,DEM-f6f9c5be-111c-512f-b859-607b24323b36-GEEL-MFG-4,1,forecast,2026-07-28,144.7249,,X,resale_finished_goods,false,,
4e8f9dda-2395-5ffe-8c51-92403d159006,4aa2878d-7160-57a6-8595-bf7156857f7a,36da40b4-9e68-5588-9074-f6f8ee0422d2,83d1dcfc-cfa9-52c8-a5a3-cbb9679d5d59,DEM-36da40b4-9e68-5588-9074-f6f8ee0422d2-MEL-DC-1,1,firm,2026-07-07,116.8754,,Y,resale_finished_goods,false,,
4f74bdf9-3ff7-5ff8-ac13-22e0a234c392,4aa2878d-7160-57a6-8595-bf7156857f7a,36da40b4-9e68-5588-9074-f6f8ee0422d2,83d1dcfc-cfa9-52c8-a5a3-cbb9679d5d59,DEM-36da40b4-9e68-5588-9074-f6f8ee0422d2-MEL-DC-2,1,forecast,2026-07-14,81.8199,,Y,resale_finished_goods,false,,
b75a981c-9b9b-523a-8a2d-9eaf6bb5773f,4aa2878d-7160-57a6-8595-bf7156857f7a,36da40b4-9e68-5588-9074-f6f8ee0422d2,83d1dcfc-cfa9-52c8-a5a3-cbb9679d5d59,DEM-36da40b4-9e68-5588-9074-f6f8ee0422d2-MEL-DC-3,1,forecast,2026-07-21,121.4094,,Y,resale_finished_goods,false,,
a885880f-b180-5809-941b-b2c8db73b182,4aa2878d-7160-57a6-8595-bf7156857f7a,36da40b4-9e68-5588-9074-f6f8ee0422d2,83d1dcfc-cfa9-52c8-a5a3-cbb9679d5d59,DEM-36da40b4-9e68-5588-9074-f6f8ee0422d2-MEL-DC-4,1,forecast,2026-07-28,60.6091,,Y,resale_finished_goods,false,,
a613d43f-c0a9-5212-aea2-a795e9d8dd24,4aa2878d-7160-57a6-8595-bf7156857f7a,36da40b4-9e68-5588-9074-f6f8ee0422d2,cd80660b-3e07-58ef-88fb-4dfd4c14f755,DEM-36da40b4-9e68-5588-9074-f6f8ee0422d2-GEEL-MFG-1,1,firm,2026-07-07,73.3184,,Y,resale_finished_goods,false,,
45062017-7bbe-5202-8aae-83cdb1915306,4aa2878d-7160-57a6-8595-bf7156857f7a,36da40b4-9e68-5588-9074-f6f8ee0422d2,cd80660b-3e07-58ef-88fb-4dfd4c14f755,DEM-36da40b4-9e68-5588-9074-f6f8ee0422d2-GEEL-MFG-2,1,forecast,2026-07-14,110.6167,,Y,resale_finished_goods,false,,
5fb49dae-5b81-5621-84ed-6139d2c75f13,4aa2878d-7160-57a6-8595-bf7156857f7a,36da40b4-9e68-5588-9074-f6f8ee0422d2,cd80660b-3e07-58ef-88fb-4dfd4c14f755,DEM-36da40b4-9e68-5588-9074-f6f8ee0422d2-GEEL-MFG-3,1,forecast,2026-07-21,82.7926,,Y,resale_finished_goods,false,,
2a3eb530-c35b-5878-91dc-28c8f58e16cd,4aa2878d-7160-57a6-8595-bf7156857f7a,36da40b4-9e68-5588-9074-f6f8ee0422d2,cd80660b-3e07-58ef-88fb-4dfd4c14f755,DEM-36da40b4-9e68-5588-9074-f6f8ee0422d2-GEEL-MFG-4,1,forecast,2026-07-28,101.1780,,Y,resale_finished_goods,false,,
d37aac38-0227-54b3-b770-82d5ff7f178d,4aa2878d-7160-57a6-8595-bf7156857f7a,f3239f2c-2ddf-5cd9-8fe5-d2d009ee11fc,83d1dcfc-cfa9-52c8-a5a3-cbb9679d5d59,DEM-f3239f2c-2ddf-5cd9-8fe5-d2d009ee11fc-MEL-DC-1,1,firm,2026-07-07,38.4294,,Z,components,false,,
a2293ce2-20ef-52b1-a67a-6de8022246d4,4aa2878d-7160-57a6-8595-bf7156857f7a,f3239f2c-2ddf-5cd9-8fe5-d2d009ee11fc,83d1dcfc-cfa9-52c8-a5a3-cbb9679d5d59,DEM-f3239f2c-2ddf-5cd9-8fe5-d2d009ee11fc-MEL-DC-2,1,forecast,2026-07-14,0.0000,,Z,components,false,,
b1148d8f-06c6-542e-9427-69386a9a6cb1,4aa2878d-7160-57a6-8595-bf7156857f7a,f3239f2c-2ddf-5cd9-8fe5-d2d009ee11fc,83d1dcfc-cfa9-52c8-a5a3-cbb9679d5d59,DEM-f3239f2c-2ddf-5cd9-8fe5-d2d009ee11fc-MEL-DC-3,1,forecast,2026-07-21,0.0000,,Z,components,false,,
39fd6381-a4cc-5654-b065-245daa7ff9d6,4aa2878d-7160-57a6-8595-bf7156857f7a,f3239f2c-2ddf-5cd9-8fe5-d2d009ee11fc,83d1dcfc-cfa9-52c8-a5a3-cbb9679d5d59,DEM-f3239f2c-2ddf-5cd9-8fe5-d2d009ee11fc-MEL-DC-4,1,forecast,2026-07-28,45.0073,,Z,components,false,,
280a5e63-a69c-5e66-b9a8-db02d74de86c,4aa2878d-7160-57a6-8595-bf7156857f7a,f3239f2c-2ddf-5cd9-8fe5-d2d009ee11fc,cd80660b-3e07-58ef-88fb-4dfd4c14f755,DEM-f3239f2c-2ddf-5cd9-8fe5-d2d009ee11fc-GEEL-MFG-1,1,firm,2026-07-07,85.6573,,Z,components,true,26c64d8f-fb24-5a4a-90d3-9060b44deef5,demand_shock
6284d4d8-3714-5dbc-9437-12452624bfe7,4aa2878d-7160-57a6-8595-bf7156857f7a,f3239f2c-2ddf-5cd9-8fe5-d2d009ee11fc,cd80660b-3e07-58ef-88fb-4dfd4c14f755,DEM-f3239f2c-2ddf-5cd9-8fe5-d2d009ee11fc-GEEL-MFG-2,1,forecast,2026-07-14,33.8444,,Z,components,false,26c64d8f-fb24-5a4a-90d3-9060b44deef5,demand_shock
afb05844-fb73-5d69-ac16-69155fe16604,4aa2878d-7160-57a6-8595-bf7156857f7a,f3239f2c-2ddf-5cd9-8fe5-d2d009ee11fc,cd80660b-3e07-58ef-88fb-4dfd4c14f755,DEM-f3239f2c-2ddf-5cd9-8fe5-d2d009ee11fc-GEEL-MFG-3,1,forecast,2026-07-21,32.0208,,Z,components,false,26c64d8f-fb24-5a4a-90d3-9060b44deef5,demand_shock
49325ca3-6a2d-5135-84d0-c811c4a914fa,4aa2878d-7160-57a6-8595-bf7156857f7a,f3239f2c-2ddf-5cd9-8fe5-d2d009ee11fc,cd80660b-3e07-58ef-88fb-4dfd4c14f755,DEM-f3239f2c-2ddf-5cd9-8fe5-d2d009ee11fc-GEEL-MFG-4,1,forecast,2026-07-28,46.3023,,Z,components,false,26c64d8f-fb24-5a4a-90d3-9060b44deef5,demand_shock
2844489e-6c10-553d-8684-634a0f1a0531,4aa2878d-7160-57a6-8595-bf7156857f7a,0856837c-6661-582a-8826-9267d93a18a5,83d1dcfc-cfa9-52c8-a5a3-cbb9679d5d59,DEM-0856837c-6661-582a-8826-9267d93a18a5-MEL-DC-1,1,firm,2026-07-07,143.5387,,X,components,false,,
fd87efd4-fd09-5b55-89d3-450db7acc3c9,4aa2878d-7160-57a6-8595-bf7156857f7a,0856837c-6661-582a-8826-9267d93a18a5,83d1dcfc-cfa9-52c8-a5a3-cbb9679d5d59,DEM-0856837c-6661-582a-8826-9267d93a18a5-MEL-DC-2,1,forecast,2026-07-14,133.5762,,X,components,false,,
75751367-12a2-5870-8d35-aec78d4bcebb,4aa2878d-7160-57a6-8595-bf7156857f7a,0856837c-6661-582a-8826-9267d93a18a5,83d1dcfc-cfa9-52c8-a5a3-cbb9679d5d59,DEM-0856837c-6661-582a-8826-9267d93a18a5-MEL-DC-3,1,forecast,2026-07-21,91.4399,,X,components,false,,
d9abdaad-7888-5198-ab7f-d47fbd8947e2,4aa2878d-7160-57a6-8595-bf7156857f7a,0856837c-6661-582a-8826-9267d93a18a5,83d1dcfc-cfa9-52c8-a5a3-cbb9679d5d59,DEM-0856837c-6661-582a-8826-9267d93a18a5-MEL-DC-4,1,forecast,2026-07-28,134.8057,,X,components,false,,
9d749512-8dc9-5d9f-b65f-b9dd556cb513,4aa2878d-7160-57a6-8595-bf7156857f7a,0856837c-6661-582a-8826-9267d93a18a5,cd80660b-3e07-58ef-88fb-4dfd4c14f755,DEM-0856837c-6661-582a-8826-9267d93a18a5-GEEL-MFG-1,1,firm,2026-07-07,95.8687,,X,components,false,,
18daca97-8dd3-5eb9-8048-d385796a2ef5,4aa2878d-7160-57a6-8595-bf7156857f7a,0856837c-6661-582a-8826-9267d93a18a5,cd80660b-3e07-58ef-88fb-4dfd4c14f755,DEM-0856837c-6661-582a-8826-9267d93a18a5-GEEL-MFG-2,1,forecast,2026-07-14,114.5024,,X,components,false,,
7a00c683-9951-5759-b6a8-4cc3fcab0de7,4aa2878d-7160-57a6-8595-bf7156857f7a,0856837c-6661-582a-8826-9267d93a18a5,cd80660b-3e07-58ef-88fb-4dfd4c14f755,DEM-0856837c-6661-582a-8826-9267d93a18a5-GEEL-MFG-3,1,forecast,2026-07-21,100.0552,,X,components,false,,
2691d871-b23f-54db-be5c-240ed57fa8e8,4aa2878d-7160-57a6-8595-bf7156857f7a,0856837c-6661-582a-8826-9267d93a18a5,cd80660b-3e07-58ef-88fb-4dfd4c14f755,DEM-0856837c-6661-582a-8826-9267d93a18a5-GEEL-MFG-4,1,forecast,2026-07-28,131.6681,,X,components,false,,
96edd28b-b4ce-5513-a914-4385c365d19c,4aa2878d-7160-57a6-8595-bf7156857f7a,381d75e6-fb26-5f96-9820-6bdce61f0879,83d1dcfc-cfa9-52c8-a5a3-cbb9679d5d59,DEM-381d75e6-fb26-5f96-9820-6bdce61f0879-MEL-DC-1,1,firm,2026-07-07,58.7445,,Y,components,false,,
4dd94e5d-ef2c-580d-a41f-c9a629721a11,4aa2878d-7160-57a6-8595-bf7156857f7a,381d75e6-fb26-5f96-9820-6bdce61f0879,83d1dcfc-cfa9-52c8-a5a3-cbb9679d5d59,DEM-381d75e6-fb26-5f96-9820-6bdce61f0879-MEL-DC-2,1,forecast,2026-07-14,118.3986,,Y,components,false,,
94664d2c-4403-5470-9eb9-259a2b664bb3,4aa2878d-7160-57a6-8595-bf7156857f7a,381d75e6-fb26-5f96-9820-6bdce61f0879,83d1dcfc-cfa9-52c8-a5a3-cbb9679d5d59,DEM-381d75e6-fb26-5f96-9820-6bdce61f0879-MEL-DC-3,1,forecast,2026-07-21,86.0031,,Y,components,false,,
46e7c87a-103d-533c-92ec-a1a0390607a4,4aa2878d-7160-57a6-8595-bf7156857f7a,381d75e6-fb26-5f96-9820-6bdce61f0879,83d1dcfc-cfa9-52c8-a5a3-cbb9679d5d59,DEM-381d75e6-fb26-5f96-9820-6bdce61f0879-MEL-DC-4,1,forecast,2026-07-28,84.5679,,Y,components,false,,
eec2d3ec-332b-577b-bb13-2d15f4874a41,4aa2878d-7160-57a6-8595-bf7156857f7a,381d75e6-fb26-5f96-9820-6bdce61f0879,cd80660b-3e07-58ef-88fb-4dfd4c14f755,DEM-381d75e6-fb26-5f96-9820-6bdce61f0879-GEEL-MFG-1,1,firm,2026-07-07,61.9600,,Y,components,false,,
6f3e3c82-a911-5b49-afd4-67a93f73b0e2,4aa2878d-7160-57a6-8595-bf7156857f7a,381d75e6-fb26-5f96-9820-6bdce61f0879,cd80660b-3e07-58ef-88fb-4dfd4c14f755,DEM-381d75e6-fb26-5f96-9820-6bdce61f0879-GEEL-MFG-2,1,forecast,2026-07-14,67.6365,,Y,components,false,,
48c60ce2-93ed-5fd5-9ddd-7b20f18da16f,4aa2878d-7160-57a6-8595-bf7156857f7a,381d75e6-fb26-5f96-9820-6bdce61f0879,cd80660b-3e07-58ef-88fb-4dfd4c14f755,DEM-381d75e6-fb26-5f96-9820-6bdce61f0879-GEEL-MFG-3,1,forecast,2026-07-21,90.9554,,Y,components,false,,
f2676563-113b-596f-a3f0-8366b573795b,4aa2878d-7160-57a6-8595-bf7156857f7a,381d75e6-fb26-5f96-9820-6bdce61f0879,cd80660b-3e07-58ef-88fb-4dfd4c14f755,DEM-381d75e6-fb26-5f96-9820-6bdce61f0879-GEEL-MFG-4,1,forecast,2026-07-28,121.1958,,Y,components,false,,
f1eee118-cb58-50f7-bf2f-fa7fec491aa3,4aa2878d-7160-57a6-8595-bf7156857f7a,e6a7fc53-496a-5ae2-a882-4d4bf1223c4c,83d1dcfc-cfa9-52c8-a5a3-cbb9679d5d59,DEM-e6a7fc53-496a-5ae2-a882-4d4bf1223c4c-MEL-DC-1,1,firm,2026-07-07,140.4071,,X,components,false,,
e86d8d9e-af1e-5fec-bff4-cc959ee754fd,4aa2878d-7160-57a6-8595-bf7156857f7a,e6a7fc53-496a-5ae2-a882-4d4bf1223c4c,83d1dcfc-cfa9-52c8-a5a3-cbb9679d5d59,DEM-e6a7fc53-496a-5ae2-a882-4d4bf1223c4c-MEL-DC-2,1,forecast,2026-07-14,120.5547,,X,components,false,,
8eae5d31-60ee-5610-a387-0f738ad78913,4aa2878d-7160-57a6-8595-bf7156857f7a,e6a7fc53-496a-5ae2-a882-4d4bf1223c4c,83d1dcfc-cfa9-52c8-a5a3-cbb9679d5d59,DEM-e6a7fc53-496a-5ae2-a882-4d4bf1223c4c-MEL-DC-3,1,forecast,2026-07-21,175.1066,,X,components,false,,
23529f30-8116-590c-9f9e-55786c48cd99,4aa2878d-7160-57a6-8595-bf7156857f7a,e6a7fc53-496a-5ae2-a882-4d4bf1223c4c,83d1dcfc-cfa9-52c8-a5a3-cbb9679d5d59,DEM-e6a7fc53-496a-5ae2-a882-4d4bf1223c4c-MEL-DC-4,1,forecast,2026-07-28,146.7021,,X,components,false,,
1c9cd9c2-9623-5365-9cc6-ea43da06f814,4aa2878d-7160-57a6-8595-bf7156857f7a,e6a7fc53-496a-5ae2-a882-4d4bf1223c4c,cd80660b-3e07-58ef-88fb-4dfd4c14f755,DEM-e6a7fc53-496a-5ae2-a882-4d4bf1223c4c-GEEL-MFG-1,1,firm,2026-07-07,264.4805,,X,components,true,,
a79136b4-cbcf-54a3-8690-c4df1fea0b15,4aa2878d-7160-57a6-8595-bf7156857f7a,e6a7fc53-496a-5ae2-a882-4d4bf1223c4c,cd80660b-3e07-58ef-88fb-4dfd4c14f755,DEM-e6a7fc53-496a-5ae2-a882-4d4bf1223c4c-GEEL-MFG-2,1,forecast,2026-07-14,188.6826,,X,components,false,,
1de41580-9be7-5a17-af33-b561c07e8c85,4aa2878d-7160-57a6-8595-bf7156857f7a,e6a7fc53-496a-5ae2-a882-4d4bf1223c4c,cd80660b-3e07-58ef-88fb-4dfd4c14f755,DEM-e6a7fc53-496a-5ae2-a882-4d4bf1223c4c-GEEL-MFG-3,1,forecast,2026-07-21,135.1432,,X,components,false,,
732b0479-863d-5dd5-a9ea-d74fd681aa8a,4aa2878d-7160-57a6-8595-bf7156857f7a,e6a7fc53-496a-5ae2-a882-4d4bf1223c4c,cd80660b-3e07-58ef-88fb-4dfd4c14f755,DEM-e6a7fc53-496a-5ae2-a882-4d4bf1223c4c-GEEL-MFG-4,1,forecast,2026-07-28,132.1098,,X,components,false,,
5b43bde0-254a-5af4-8088-7dd734fd5a6c,4aa2878d-7160-57a6-8595-bf7156857f7a,bba8ffc9-9e7c-5b77-a53d-ae09beffb73b,83d1dcfc-cfa9-52c8-a5a3-cbb9679d5d59,DEM-bba8ffc9-9e7c-5b77-a53d-ae09beffb73b-MEL-DC-1,1,firm,2026-07-07,114.3583,,Y,mro_consumables,false,,
90920bd0-bf53-5e57-97ab-edb341b38258,4aa2878d-7160-57a6-8595-bf7156857f7a,bba8ffc9-9e7c-5b77-a53d-ae09beffb73b,83d1dcfc-cfa9-52c8-a5a3-cbb9679d5d59,DEM-bba8ffc9-9e7c-5b77-a53d-ae09beffb73b-MEL-DC-2,1,forecast,2026-07-14,70.9346,,Y,mro_consumables,false,,
b263b70c-c755-5c4a-899b-9107e291002b,4aa2878d-7160-57a6-8595-bf7156857f7a,bba8ffc9-9e7c-5b77-a53d-ae09beffb73b,83d1dcfc-cfa9-52c8-a5a3-cbb9679d5d59,DEM-bba8ffc9-9e7c-5b77-a53d-ae09beffb73b-MEL-DC-3,1,forecast,2026-07-21,116.3714,,Y,mro_consumables,false,,
3ec2b7a6-21b7-5e85-a346-7cd0dd5b8ade,4aa2878d-7160-57a6-8595-bf7156857f7a,bba8ffc9-9e7c-5b77-a53d-ae09beffb73b,83d1dcfc-cfa9-52c8-a5a3-cbb9679d5d59,DEM-bba8ffc9-9e7c-5b77-a53d-ae09beffb73b-MEL-DC-4,1,forecast,2026-07-28,93.3567,,Y,mro_consumables,false,,
e78f4165-ca93-510e-8fe1-48221c11ec4d,4aa2878d-7160-57a6-8595-bf7156857f7a,bba8ffc9-9e7c-5b77-a53d-ae09beffb73b,cd80660b-3e07-58ef-88fb-4dfd4c14f755,DEM-bba8ffc9-9e7c-5b77-a53d-ae09beffb73b-GEEL-MFG-1,1,firm,2026-07-07,63.4884,,Y,mro_consumables,false,,
9edbb209-62e6-543d-8c3e-5a9659c95d1d,4aa2878d-7160-57a6-8595-bf7156857f7a,bba8ffc9-9e7c-5b77-a53d-ae09beffb73b,cd80660b-3e07-58ef-88fb-4dfd4c14f755,DEM-bba8ffc9-9e7c-5b77-a53d-ae09beffb73b-GEEL-MFG-2,1,forecast,2026-07-14,182.8706,,Y,mro_consumables,true,,
f652adb3-14fe-5704-86c2-8a41a43b2a4e,4aa2878d-7160-57a6-8595-bf7156857f7a,bba8ffc9-9e7c-5b77-a53d-ae09beffb73b,cd80660b-3e07-58ef-88fb-4dfd4c14f755,DEM-bba8ffc9-9e7c-5b77-a53d-ae09beffb73b-GEEL-MFG-3,1,forecast,2026-07-21,71.7121,,Y,mro_consumables,false,,
2f100279-cfdd-5e2d-92d1-9c0b1ff72cb7,4aa2878d-7160-57a6-8595-bf7156857f7a,bba8ffc9-9e7c-5b77-a53d-ae09beffb73b,cd80660b-3e07-58ef-88fb-4dfd4c14f755,DEM-bba8ffc9-9e7c-5b77-a53d-ae09beffb73b-GEEL-MFG-4,1,forecast,2026-07-28,184.3338,,Y,mro_consumables,true,,
f8b754eb-95de-57fb-8bae-600fac97877a,4aa2878d-7160-57a6-8595-bf7156857f7a,733a52f6-ddae-5ec5-a1d3-e06d5ca3460e,83d1dcfc-cfa9-52c8-a5a3-cbb9679d5d59,DEM-733a52f6-ddae-5ec5-a1d3-e06d5ca3460e-MEL-DC-1,1,firm,2026-07-07,110.4240,,Y,resale_finished_goods,false,,
1617f147-2855-5a03-b471-7490e40e4e59,4aa2878d-7160-57a6-8595-bf7156857f7a,733a52f6-ddae-5ec5-a1d3-e06d5ca3460e,83d1dcfc-cfa9-52c8-a5a3-cbb9679d5d59,DEM-733a52f6-ddae-5ec5-a1d3-e06d5ca3460e-MEL-DC-2,1,forecast,2026-07-14,80.8665,,Y,resale_finished_goods,false,,
8c85b80a-1346-5b41-a907-1e27a28d0d13,4aa2878d-7160-57a6-8595-bf7156857f7a,733a52f6-ddae-5ec5-a1d3-e06d5ca3460e,83d1dcfc-cfa9-52c8-a5a3-cbb9679d5d59,DEM-733a52f6-ddae-5ec5-a1d3-e06d5ca3460e-MEL-DC-3,1,forecast,2026-07-21,62.3806,,Y,resale_finished_goods,false,,
f7282683-27f0-568a-b0ab-f435bcd54a09,4aa2878d-7160-57a6-8595-bf7156857f7a,733a52f6-ddae-5ec5-a1d3-e06d5ca3460e,83d1dcfc-cfa9-52c8-a5a3-cbb9679d5d59,DEM-733a52f6-ddae-5ec5-a1d3-e06d5ca3460e-MEL-DC-4,1,forecast,2026-07-28,79.0148,,Y,resale_finished_goods,false,,
2305b023-f078-59c2-9a7a-13c673c979c2,4aa2878d-7160-57a6-8595-bf7156857f7a,733a52f6-ddae-5ec5-a1d3-e06d5ca3460e,cd80660b-3e07-58ef-88fb-4dfd4c14f755,DEM-733a52f6-ddae-5ec5-a1d3-e06d5ca3460e-GEEL-MFG-1,1,firm,2026-07-07,69.4054,,Y,resale_finished_goods,false,,
e1006194-6712-5341-86ba-3c90322b5b5c,4aa2878d-7160-57a6-8595-bf7156857f7a,733a52f6-ddae-5ec5-a1d3-e06d5ca3460e,cd80660b-3e07-58ef-88fb-4dfd4c14f755,DEM-733a52f6-ddae-5ec5-a1d3-e06d5ca3460e-GEEL-MFG-2,1,forecast,2026-07-14,60.0512,,Y,resale_finished_goods,false,,
b09d7dcb-f615-5767-8889-d387bcd15610,4aa2878d-7160-57a6-8595-bf7156857f7a,733a52f6-ddae-5ec5-a1d3-e06d5ca3460e,cd80660b-3e07-58ef-88fb-4dfd4c14f755,DEM-733a52f6-ddae-5ec5-a1d3-e06d5ca3460e-GEEL-MFG-3,1,forecast,2026-07-21,100.2294,,Y,resale_finished_goods,false,,
356c24ef-e7f2-53db-a2fe-6d6ab85f27ba,4aa2878d-7160-57a6-8595-bf7156857f7a,733a52f6-ddae-5ec5-a1d3-e06d5ca3460e,cd80660b-3e07-58ef-88fb-4dfd4c14f755,DEM-733a52f6-ddae-5ec5-a1d3-e06d5ca3460e-GEEL-MFG-4,1,forecast,2026-07-28,84.6967,,Y,resale_finished_goods,false,,
80f73a40-e8f1-5180-aa2e-223086665c4f,4aa2878d-7160-57a6-8595-bf7156857f7a,ce149183-f698-5b38-9d6f-47394dafce45,83d1dcfc-cfa9-52c8-a5a3-cbb9679d5d59,DEM-ce149183-f698-5b38-9d6f-47394dafce45-MEL-DC-1,1,firm,2026-07-07,86.9568,,Y,resale_finished_goods,false,,
2bff8299-d653-5d3a-bb1d-d9f44b6cd466,4aa2878d-7160-57a6-8595-bf7156857f7a,ce149183-f698-5b38-9d6f-47394dafce45,83d1dcfc-cfa9-52c8-a5a3-cbb9679d5d59,DEM-ce149183-f698-5b38-9d6f-47394dafce45-MEL-DC-2,1,forecast,2026-07-14,113.7311,,Y,resale_finished_goods,false,,
83015e80-b685-57b5-9e83-88b6f6aebb10,4aa2878d-7160-57a6-8595-bf7156857f7a,ce149183-f698-5b38-9d6f-47394dafce45,83d1dcfc-cfa9-52c8-a5a3-cbb9679d5d59,DEM-ce149183-f698-5b38-9d6f-47394dafce45-MEL-DC-3,1,forecast,2026-07-21,77.0886,,Y,resale_finished_goods,false,,
303221a5-2b2e-5b60-a9f6-a34e26befb17,4aa2878d-7160-57a6-8595-bf7156857f7a,ce149183-f698-5b38-9d6f-47394dafce45,83d1dcfc-cfa9-52c8-a5a3-cbb9679d5d59,DEM-ce149183-f698-5b38-9d6f-47394dafce45-MEL-DC-4,1,forecast,2026-07-28,74.5498,,Y,resale_finished_goods,false,,
17581a7a-c2c2-5cd7-9cb6-9bfe89af638f,4aa2878d-7160-57a6-8595-bf7156857f7a,ce149183-f698-5b38-9d6f-47394dafce45,cd80660b-3e07-58ef-88fb-4dfd4c14f755,DEM-ce149183-f698-5b38-9d6f-47394dafce45-GEEL-MFG-1,1,firm,2026-07-07,100.8612,,Y,resale_finished_goods,false,,
ad835654-f488-5881-8faf-0eee7bd7491d,4aa2878d-7160-57a6-8595-bf7156857f7a,ce149183-f698-5b38-9d6f-47394dafce45,cd80660b-3e07-58ef-88fb-4dfd4c14f755,DEM-ce149183-f698-5b38-9d6f-47394dafce45-GEEL-MFG-2,1,forecast,2026-07-14,110.3335,,Y,resale_finished_goods,false,,
430cf415-9204-5206-a228-97f1a4046ed0,4aa2878d-7160-57a6-8595-bf7156857f7a,ce149183-f698-5b38-9d6f-47394dafce45,cd80660b-3e07-58ef-88fb-4dfd4c14f755,DEM-ce149183-f698-5b38-9d6f-47394dafce45-GEEL-MFG-3,1,forecast,2026-07-21,83.3476,,Y,resale_finished_goods,false,,
e05e270a-a470-5735-8b65-765dbc3b3eeb,4aa2878d-7160-57a6-8595-bf7156857f7a,ce149183-f698-5b38-9d6f-47394dafce45,cd80660b-3e07-58ef-88fb-4dfd4c14f755,DEM-ce149183-f698-5b38-9d6f-47394dafce45-GEEL-MFG-4,1,forecast,2026-07-28,115.9929,,Y,resale_finished_goods,false,,
c7f4ca89-70ac-5eb1-9be4-6c00c80a037a,4aa2878d-7160-57a6-8595-bf7156857f7a,1f4d4772-a022-5cfc-a96e-04c7ad0d1a55,83d1dcfc-cfa9-52c8-a5a3-cbb9679d5d59,DEM-1f4d4772-a022-5cfc-a96e-04c7ad0d1a55-MEL-DC-1,1,firm,2026-07-07,108.6437,,X,components,false,,
8ed4795c-c48b-53b5-bf1d-eba46de457ad,4aa2878d-7160-57a6-8595-bf7156857f7a,1f4d4772-a022-5cfc-a96e-04c7ad0d1a55,83d1dcfc-cfa9-52c8-a5a3-cbb9679d5d59,DEM-1f4d4772-a022-5cfc-a96e-04c7ad0d1a55-MEL-DC-2,1,forecast,2026-07-14,149.3050,,X,components,false,,
aff67cf3-3a3d-5ce0-93f5-9977302bf23d,4aa2878d-7160-57a6-8595-bf7156857f7a,1f4d4772-a022-5cfc-a96e-04c7ad0d1a55,83d1dcfc-cfa9-52c8-a5a3-cbb9679d5d59,DEM-1f4d4772-a022-5cfc-a96e-04c7ad0d1a55-MEL-DC-3,1,forecast,2026-07-21,237.4300,,X,components,true,,
73ad2d73-07fc-5aad-a580-5627ff08c262,4aa2878d-7160-57a6-8595-bf7156857f7a,1f4d4772-a022-5cfc-a96e-04c7ad0d1a55,83d1dcfc-cfa9-52c8-a5a3-cbb9679d5d59,DEM-1f4d4772-a022-5cfc-a96e-04c7ad0d1a55-MEL-DC-4,1,forecast,2026-07-28,117.5735,,X,components,false,,
71db1a86-6ec3-5c7f-b0dc-97c9921b25a8,4aa2878d-7160-57a6-8595-bf7156857f7a,1f4d4772-a022-5cfc-a96e-04c7ad0d1a55,cd80660b-3e07-58ef-88fb-4dfd4c14f755,DEM-1f4d4772-a022-5cfc-a96e-04c7ad0d1a55-GEEL-MFG-1,1,firm,2026-07-07,172.0771,,X,components,false,,
d12441f5-b6c5-571e-9d9c-d4c089ed6f22,4aa2878d-7160-57a6-8595-bf7156857f7a,1f4d4772-a022-5cfc-a96e-04c7ad0d1a55,cd80660b-3e07-58ef-88fb-4dfd4c14f755,DEM-1f4d4772-a022-5cfc-a96e-04c7ad0d1a55-GEEL-MFG-2,1,forecast,2026-07-14,171.7582,,X,components,false,,
191189d0-b9fd-52a6-9e43-2b73931736a6,4aa2878d-7160-57a6-8595-bf7156857f7a,1f4d4772-a022-5cfc-a96e-04c7ad0d1a55,cd80660b-3e07-58ef-88fb-4dfd4c14f755,DEM-1f4d4772-a022-5cfc-a96e-04c7ad0d1a55-GEEL-MFG-3,1,forecast,2026-07-21,160.6200,,X,components,false,,
5ecc5546-b7bd-50ac-9d16-13ab9cea6101,4aa2878d-7160-57a6-8595-bf7156857f7a,1f4d4772-a022-5cfc-a96e-04c7ad0d1a55,cd80660b-3e07-58ef-88fb-4dfd4c14f755,DEM-1f4d4772-a022-5cfc-a96e-04c7ad0d1a55-GEEL-MFG-4,1,forecast,2026-07-28,120.9931,,X,components,false,,
d287540b-6dbf-59e5-88b9-30988c39a09f,4aa2878d-7160-57a6-8595-bf7156857f7a,b94cba32-e7de-5d7c-afea-23fba919ed21,83d1dcfc-cfa9-52c8-a5a3-cbb9679d5d59,DEM-b94cba32-e7de-5d7c-afea-23fba919ed21-MEL-DC-1,1,firm,2026-07-07,163.4064,,X,resale_finished_goods,false,,
07df58d8-515d-540c-ae6e-1db37765c165,4aa2878d-7160-57a6-8595-bf7156857f7a,b94cba32-e7de-5d7c-afea-23fba919ed21,83d1dcfc-cfa9-52c8-a5a3-cbb9679d5d59,DEM-b94cba32-e7de-5d7c-afea-23fba919ed21-MEL-DC-2,1,forecast,2026-07-14,146.9102,,X,resale_finished_goods,false,,
3a657afd-08a1-5f09-98e7-a1041b7c1efc,4aa2878d-7160-57a6-8595-bf7156857f7a,b94cba32-e7de-5d7c-afea-23fba919ed21,83d1dcfc-cfa9-52c8-a5a3-cbb9679d5d59,DEM-b94cba32-e7de-5d7c-afea-23fba919ed21-MEL-DC-3,1,forecast,2026-07-21,100.5981,,X,resale_finished_goods,false,,
e216ee6c-af3a-5b10-bcc9-0b756d3f0d86,4aa2878d-7160-57a6-8595-bf7156857f7a,b94cba32-e7de-5d7c-afea-23fba919ed21,83d1dcfc-cfa9-52c8-a5a3-cbb9679d5d59,DEM-b94cba32-e7de-5d7c-afea-23fba919ed21-MEL-DC-4,1,forecast,2026-07-28,183.3902,,X,resale_finished_goods,false,,
53988b21-0ea8-52b5-b348-6fbc062e9723,4aa2878d-7160-57a6-8595-bf7156857f7a,b94cba32-e7de-5d7c-afea-23fba919ed21,cd80660b-3e07-58ef-88fb-4dfd4c14f755,DEM-b94cba32-e7de-5d7c-afea-23fba919ed21-GEEL-MFG-1,1,firm,2026-07-07,101.2920,,X,resale_finished_goods,false,,
a2ae4b1e-6c93-512f-b1cd-441741436363,4aa2878d-7160-57a6-8595-bf7156857f7a,b94cba32-e7de-5d7c-afea-23fba919ed21,cd80660b-3e07-58ef-88fb-4dfd4c14f755,DEM-b94cba32-e7de-5d7c-afea-23fba919ed21-GEEL-MFG-2,1,forecast,2026-07-14,104.9456,,X,resale_finished_goods,false,,
dbc3ce6b-62a5-5ab7-b28b-1fda3b55c2b0,4aa2878d-7160-57a6-8595-bf7156857f7a,b94cba32-e7de-5d7c-afea-23fba919ed21,cd80660b-3e07-58ef-88fb-4dfd4c14f755,DEM-b94cba32-e7de-5d7c-afea-23fba919ed21-GEEL-MFG-3,1,forecast,2026-07-21,183.0537,,X,resale_finished_goods,false,,
46264239-d7db-5481-aab6-d872ed530f59,4aa2878d-7160-57a6-8595-bf7156857f7a,b94cba32-e7de-5d7c-afea-23fba919ed21,cd80660b-3e07-58ef-88fb-4dfd4c14f755,DEM-b94cba32-e7de-5d7c-afea-23fba919ed21-GEEL-MFG-4,1,forecast,2026-07-28,142.3833,,X,resale_finished_goods,false,,
ec3edee2-2d4b-59b3-ab2b-f0cc7c34b12c,4aa2878d-7160-57a6-8595-bf7156857f7a,943fffff-3f21-52fd-a307-b259a6fef658,83d1dcfc-cfa9-52c8-a5a3-cbb9679d5d59,DEM-943fffff-3f21-52fd-a307-b259a6fef658-MEL-DC-1,1,firm,2026-07-07,156.4390,,X,resale_finished_goods,false,,
2a6c57a8-631b-5ace-995b-9873e784a2d3,4aa2878d-7160-57a6-8595-bf7156857f7a,943fffff-3f21-52fd-a307-b259a6fef658,83d1dcfc-cfa9-52c8-a5a3-cbb9679d5d59,DEM-943fffff-3f21-52fd-a307-b259a6fef658-MEL-DC-2,1,forecast,2026-07-14,152.2172,,X,resale_finished_goods,false,,
6d837d3f-f3f2-5145-897e-6e8efbc44b9e,4aa2878d-7160-57a6-8595-bf7156857f7a,943fffff-3f21-52fd-a307-b259a6fef658,83d1dcfc-cfa9-52c8-a5a3-cbb9679d5d59,DEM-943fffff-3f21-52fd-a307-b259a6fef658-MEL-DC-3,1,forecast,2026-07-21,168.4330,,X,resale_finished_goods,false,,
36d96546-b02e-5cbd-8510-3f9c1998f424,4aa2878d-7160-57a6-8595-bf7156857f7a,943fffff-3f21-52fd-a307-b259a6fef658,83d1dcfc-cfa9-52c8-a5a3-cbb9679d5d59,DEM-943fffff-3f21-52fd-a307-b259a6fef658-MEL-DC-4,1,forecast,2026-07-28,139.8881,,X,resale_finished_goods,false,,
3af7b8f4-6318-58fb-b0ca-d2ef91480b81,4aa2878d-7160-57a6-8595-bf7156857f7a,943fffff-3f21-52fd-a307-b259a6fef658,cd80660b-3e07-58ef-88fb-4dfd4c14f755,DEM-943fffff-3f21-52fd-a307-b259a6fef658-GEEL-MFG-1,1,firm,2026-07-07,136.1550,,X,resale_finished_goods,false,,
f2cb99dd-9de6-5a96-8f61-0bda2f411d02,4aa2878d-7160-57a6-8595-bf7156857f7a,943fffff-3f21-52fd-a307-b259a6fef658,cd80660b-3e07-58ef-88fb-4dfd4c14f755,DEM-943fffff-3f21-52fd-a307-b259a6fef658-GEEL-MFG-2,1,forecast,2026-07-14,99.9581,,X,resale_finished_goods,false,,
9aaf884d-114c-5c5c-bed4-be7f83bfd091,4aa2878d-7160-57a6-8595-bf7156857f7a,943fffff-3f21-52fd-a307-b259a6fef658,cd80660b-3e07-58ef-88fb-4dfd4c14f755,DEM-943fffff-3f21-52fd-a307-b259a6fef658-GEEL-MFG-3,1,forecast,2026-07-21,135.0801,,X,resale_finished_goods,false,,
a2b55027-73af-57c1-a3da-bf1c6ba48673,4aa2878d-7160-57a6-8595-bf7156857f7a,943fffff-3f21-52fd-a307-b259a6fef658,cd80660b-3e07-58ef-88fb-4dfd4c14f755,DEM-943fffff-3f21-52fd-a307-b259a6fef658-GEEL-MFG-4,1,forecast,2026-07-28,94.5623,,X,resale_finished_goods,false,,
6b59bd72-4039-5c75-a29b-a69e6fc69332,4aa2878d-7160-57a6-8595-bf7156857f7a,f8133fbe-749f-5b84-a762-a62025fd96d1,83d1dcfc-cfa9-52c8-a5a3-cbb9679d5d59,DEM-f8133fbe-749f-5b84-a762-a62025fd96d1-MEL-DC-1,1,firm,2026-07-07,305.1213,,X,components,true,eb53618d-a2b1-5537-bc77-47657fc911c5,demand_shock
72cbb130-0877-57bc-ac43-091e8165c7d9,4aa2878d-7160-57a6-8595-bf7156857f7a,f8133fbe-749f-5b84-a762-a62025fd96d1,83d1dcfc-cfa9-52c8-a5a3-cbb9679d5d59,DEM-f8133fbe-749f-5b84-a762-a62025fd96d1-MEL-DC-2,1,forecast,2026-07-14,102.6608,,X,components,false,eb53618d-a2b1-5537-bc77-47657fc911c5,demand_shock
d23f8638-fb27-5f59-b9ea-04ef7d91ba6b,4aa2878d-7160-57a6-8595-bf7156857f7a,f8133fbe-749f-5b84-a762-a62025fd96d1,83d1dcfc-cfa9-52c8-a5a3-cbb9679d5d59,DEM-f8133fbe-749f-5b84-a762-a62025fd96d1-MEL-DC-3,1,forecast,2026-07-21,126.5351,,X,components,false,eb53618d-a2b1-5537-bc77-47657fc911c5,demand_shock
bfaf14cc-30fb-5b18-b372-4d7204f5b1b8,4aa2878d-7160-57a6-8595-bf7156857f7a,f8133fbe-749f-5b84-a762-a62025fd96d1,83d1dcfc-cfa9-52c8-a5a3-cbb9679d5d59,DEM-f8133fbe-749f-5b84-a762-a62025fd96d1-MEL-DC-4,1,forecast,2026-07-28,146.4617,,X,components,false,eb53618d-a2b1-5537-bc77-47657fc911c5,demand_shock
1ebd2a7d-09c3-592d-a789-64c571059874,4aa2878d-7160-57a6-8595-bf7156857f7a,f8133fbe-749f-5b84-a762-a62025fd96d1,cd80660b-3e07-58ef-88fb-4dfd4c14f755,DEM-f8133fbe-749f-5b84-a762-a62025fd96d1-GEEL-MFG-1,1,firm,2026-07-07,154.3092,,X,components,false,,
4ae06dfb-d8e0-56d4-bd26-1c1e5bee5380,4aa2878d-7160-57a6-8595-bf7156857f7a,f8133fbe-749f-5b84-a762-a62025fd96d1,cd80660b-3e07-58ef-88fb-4dfd4c14f755,DEM-f8133fbe-749f-5b84-a762-a62025fd96d1-GEEL-MFG-2,1,forecast,2026-07-14,136.3692,,X,components,false,,
65451230-166d-5569-afd6-160ae45ec732,4aa2878d-7160-57a6-8595-bf7156857f7a,f8133fbe-749f-5b84-a762-a62025fd96d1,cd80660b-3e07-58ef-88fb-4dfd4c14f755,DEM-f8133fbe-749f-5b84-a762-a62025fd96d1-GEEL-MFG-3,1,forecast,2026-07-21,123.5253,,X,components,false,,
cf4ea5a0-8b06-5a72-9f81-30e0ba54a3b2,4aa2878d-7160-57a6-8595-bf7156857f7a,f8133fbe-749f-5b84-a762-a62025fd96d1,cd80660b-3e07-58ef-88fb-4dfd4c14f755,DEM-f8133fbe-749f-5b84-a762-a62025fd96d1-GEEL-MFG-4,1,forecast,2026-07-28,115.2967,,X,components,false,,
3f5abec5-f689-527a-925b-371950538546,4aa2878d-7160-57a6-8595-bf7156857f7a,c3f298ca-9a69-574b-b887-cd9160b10d7e,83d1dcfc-cfa9-52c8-a5a3-cbb9679d5d59,DEM-c3f298ca-9a69-574b-b887-cd9160b10d7e-MEL-DC-1,1,firm,2026-07-07,145.1489,,X,packaging,false,,
50d41e54-9f3c-57b4-8bc1-26072c6195ff,4aa2878d-7160-57a6-8595-bf7156857f7a,c3f298ca-9a69-574b-b887-cd9160b10d7e,83d1dcfc-cfa9-52c8-a5a3-cbb9679d5d59,DEM-c3f298ca-9a69-574b-b887-cd9160b10d7e-MEL-DC-2,1,forecast,2026-07-14,92.6659,,X,packaging,false,,
b99c6bb5-fd41-52bb-bf7b-568cc3981c0f,4aa2878d-7160-57a6-8595-bf7156857f7a,c3f298ca-9a69-574b-b887-cd9160b10d7e,83d1dcfc-cfa9-52c8-a5a3-cbb9679d5d59,DEM-c3f298ca-9a69-574b-b887-cd9160b10d7e-MEL-DC-3,1,forecast,2026-07-21,107.4528,,X,packaging,false,,
1c07ae43-ec78-525f-8f38-dca54552bb9e,4aa2878d-7160-57a6-8595-bf7156857f7a,c3f298ca-9a69-574b-b887-cd9160b10d7e,83d1dcfc-cfa9-52c8-a5a3-cbb9679d5d59,DEM-c3f298ca-9a69-574b-b887-cd9160b10d7e-MEL-DC-4,1,forecast,2026-07-28,157.1476,,X,packaging,false,,
59b79ed5-da20-5447-960d-447befba63dc,4aa2878d-7160-57a6-8595-bf7156857f7a,c3f298ca-9a69-574b-b887-cd9160b10d7e,cd80660b-3e07-58ef-88fb-4dfd4c14f755,DEM-c3f298ca-9a69-574b-b887-cd9160b10d7e-GEEL-MFG-1,1,firm,2026-07-07,158.3111,,X,packaging,false,,
da346ac8-d359-5efc-9a16-b9b9ea3b7162,4aa2878d-7160-57a6-8595-bf7156857f7a,c3f298ca-9a69-574b-b887-cd9160b10d7e,cd80660b-3e07-58ef-88fb-4dfd4c14f755,DEM-c3f298ca-9a69-574b-b887-cd9160b10d7e-GEEL-MFG-2,1,forecast,2026-07-14,185.9089,,X,packaging,false,,
75383aac-d9bf-591e-841b-8e620f05cb64,4aa2878d-7160-57a6-8595-bf7156857f7a,c3f298ca-9a69-574b-b887-cd9160b10d7e,cd80660b-3e07-58ef-88fb-4dfd4c14f755,DEM-c3f298ca-9a69-574b-b887-cd9160b10d7e-GEEL-MFG-3,1,forecast,2026-07-21,91.8750,,X,packaging,false,,
577ca29e-1710-5762-9826-ba2e372a4f15,4aa2878d-7160-57a6-8595-bf7156857f7a,c3f298ca-9a69-574b-b887-cd9160b10d7e,cd80660b-3e07-58ef-88fb-4dfd4c14f755,DEM-c3f298ca-9a69-574b-b887-cd9160b10d7e-GEEL-MFG-4,1,forecast,2026-07-28,122.7515,,X,packaging,false,,
0fa032fc-e31e-58a1-8cfc-eba9e1bf1d80,4aa2878d-7160-57a6-8595-bf7156857f7a,845990f3-480b-5068-96a7-56555c9bfded,83d1dcfc-cfa9-52c8-a5a3-cbb9679d5d59,DEM-845990f3-480b-5068-96a7-56555c9bfded-MEL-DC-1,1,firm,2026-07-07,59.3571,,Y,resale_finished_goods,false,,
ee30bb25-8184-5289-9c15-adb8bf4718f3,4aa2878d-7160-57a6-8595-bf7156857f7a,845990f3-480b-5068-96a7-56555c9bfded,83d1dcfc-cfa9-52c8-a5a3-cbb9679d5d59,DEM-845990f3-480b-5068-96a7-56555c9bfded-MEL-DC-2,1,forecast,2026-07-14,92.0167,,Y,resale_finished_goods,false,,
688db179-1059-5837-9385-66e89a509b6b,4aa2878d-7160-57a6-8595-bf7156857f7a,845990f3-480b-5068-96a7-56555c9bfded,83d1dcfc-cfa9-52c8-a5a3-cbb9679d5d59,DEM-845990f3-480b-5068-96a7-56555c9bfded-MEL-DC-3,1,forecast,2026-07-21,114.1338,,Y,resale_finished_goods,false,,
eb6b5e55-528a-5813-8296-d5080d74ac83,4aa2878d-7160-57a6-8595-bf7156857f7a,845990f3-480b-5068-96a7-56555c9bfded,83d1dcfc-cfa9-52c8-a5a3-cbb9679d5d59,DEM-845990f3-480b-5068-96a7-56555c9bfded-MEL-DC-4,1,forecast,2026-07-28,88.3526,,Y,resale_finished_goods,false,,
4205535b-be7e-5437-bcbd-4ab7d4e3ae09,4aa2878d-7160-57a6-8595-bf7156857f7a,845990f3-480b-5068-96a7-56555c9bfded,cd80660b-3e07-58ef-88fb-4dfd4c14f755,DEM-845990f3-480b-5068-96a7-56555c9bfded-GEEL-MFG-1,1,firm,2026-07-07,91.6392,,Y,resale_finished_goods,false,,
e21dcacf-e441-5e94-bd91-dd1bae48f509,4aa2878d-7160-57a6-8595-bf7156857f7a,845990f3-480b-5068-96a7-56555c9bfded,cd80660b-3e07-58ef-88fb-4dfd4c14f755,DEM-845990f3-480b-5068-96a7-56555c9bfded-GEEL-MFG-2,1,forecast,2026-07-14,94.6452,,Y,resale_finished_goods,false,,
61e3634c-289e-5c8f-866f-cc673228f977,4aa2878d-7160-57a6-8595-bf7156857f7a,845990f3-480b-5068-96a7-56555c9bfded,cd80660b-3e07-58ef-88fb-4dfd4c14f755,DEM-845990f3-480b-5068-96a7-56555c9bfded-GEEL-MFG-3,1,forecast,2026-07-21,119.9679,,Y,resale_finished_goods,false,,
01519c55-7879-5e36-81a1-83ae3fdaa4d0,4aa2878d-7160-57a6-8595-bf7156857f7a,845990f3-480b-5068-96a7-56555c9bfded,cd80660b-3e07-58ef-88fb-4dfd4c14f755,DEM-845990f3-480b-5068-96a7-56555c9bfded-GEEL-MFG-4,1,forecast,2026-07-28,64.3331,,Y,resale_finished_goods,false,,
0e725d64-605e-5e22-93a5-b264dd4f54c6,4aa2878d-7160-57a6-8595-bf7156857f7a,3d05cb9b-d5a0-53d8-84f5-a6128827eb81,83d1dcfc-cfa9-52c8-a5a3-cbb9679d5d59,DEM-3d05cb9b-d5a0-53d8-84f5-a6128827eb81-MEL-DC-1,1,firm,2026-07-07,31.1746,,Z,components,false,,
414408b0-26c1-5264-bef3-5813a43ea0f1,4aa2878d-7160-57a6-8595-bf7156857f7a,3d05cb9b-d5a0-53d8-84f5-a6128827eb81,83d1dcfc-cfa9-52c8-a5a3-cbb9679d5d59,DEM-3d05cb9b-d5a0-53d8-84f5-a6128827eb81-MEL-DC-2,1,forecast,2026-07-14,0.0000,,Z,components,false,,
56a271e6-df24-5be7-81e1-4020ea2ffa64,4aa2878d-7160-57a6-8595-bf7156857f7a,3d05cb9b-d5a0-53d8-84f5-a6128827eb81,83d1dcfc-cfa9-52c8-a5a3-cbb9679d5d59,DEM-3d05cb9b-d5a0-53d8-84f5-a6128827eb81-MEL-DC-3,1,forecast,2026-07-21,41.1126,,Z,components,false,,
2367ff95-d2d1-5f7d-96ae-26daa4b477d4,4aa2878d-7160-57a6-8595-bf7156857f7a,3d05cb9b-d5a0-53d8-84f5-a6128827eb81,83d1dcfc-cfa9-52c8-a5a3-cbb9679d5d59,DEM-3d05cb9b-d5a0-53d8-84f5-a6128827eb81-MEL-DC-4,1,forecast,2026-07-28,0.0000,,Z,components,false,,
c836370b-e34b-550f-88e7-179b9a760e31,4aa2878d-7160-57a6-8595-bf7156857f7a,3d05cb9b-d5a0-53d8-84f5-a6128827eb81,cd80660b-3e07-58ef-88fb-4dfd4c14f755,DEM-3d05cb9b-d5a0-53d8-84f5-a6128827eb81-GEEL-MFG-1,1,firm,2026-07-07,0.0000,,Z,components,false,,
1d596a25-d93b-5053-a2f4-05255ea7f3c8,4aa2878d-7160-57a6-8595-bf7156857f7a,3d05cb9b-d5a0-53d8-84f5-a6128827eb81,cd80660b-3e07-58ef-88fb-4dfd4c14f755,DEM-3d05cb9b-d5a0-53d8-84f5-a6128827eb81-GEEL-MFG-2,1,forecast,2026-07-14,0.0000,,Z,components,false,,
093a022f-151b-592e-82c6-37a525acf7c4,4aa2878d-7160-57a6-8595-bf7156857f7a,3d05cb9b-d5a0-53d8-84f5-a6128827eb81,cd80660b-3e07-58ef-88fb-4dfd4c14f755,DEM-3d05cb9b-d5a0-53d8-84f5-a6128827eb81-GEEL-MFG-3,1,forecast,2026-07-21,42.7783,,Z,components,false,,
4b24eb0f-49fb-5125-8299-4e94a3f7b9f5,4aa2878d-7160-57a6-8595-bf7156857f7a,3d05cb9b-d5a0-53d8-84f5-a6128827eb81,cd80660b-3e07-58ef-88fb-4dfd4c14f755,DEM-3d05cb9b-d5a0-53d8-84f5-a6128827eb81-GEEL-MFG-4,1,forecast,2026-07-28,0.0000,,Z,components,false,,
86c3e5ff-202b-5222-86a8-0554a819f82b,4aa2878d-7160-57a6-8595-bf7156857f7a,2bc50dec-b057-52d9-bb68-4422b67e6c08,83d1dcfc-cfa9-52c8-a5a3-cbb9679d5d59,DEM-2bc50dec-b057-52d9-bb68-4422b67e6c08-MEL-DC-1,1,firm,2026-07-07,181.7800,,X,mro_consumables,false,,
a3672265-d135-5375-b3bc-6acdb900c722,4aa2878d-7160-57a6-8595-bf7156857f7a,2bc50dec-b057-52d9-bb68-4422b67e6c08,83d1dcfc-cfa9-52c8-a5a3-cbb9679d5d59,DEM-2bc50dec-b057-52d9-bb68-4422b67e6c08-MEL-DC-2,1,forecast,2026-07-14,152.5636,,X,mro_consumables,false,,
6e781c70-b718-552b-abf6-01716a3cb68c,4aa2878d-7160-57a6-8595-bf7156857f7a,2bc50dec-b057-52d9-bb68-4422b67e6c08,83d1dcfc-cfa9-52c8-a5a3-cbb9679d5d59,DEM-2bc50dec-b057-52d9-bb68-4422b67e6c08-MEL-DC-3,1,forecast,2026-07-21,147.1869,,X,mro_consumables,false,,
b306e61a-4ccc-5c49-8614-922ee3f0bbf4,4aa2878d-7160-57a6-8595-bf7156857f7a,2bc50dec-b057-52d9-bb68-4422b67e6c08,83d1dcfc-cfa9-52c8-a5a3-cbb9679d5d59,DEM-2bc50dec-b057-52d9-bb68-4422b67e6c08-MEL-DC-4,1,forecast,2026-07-28,101.8851,,X,mro_consumables,false,,
f2a1abd6-18a4-590f-ad78-439c191908bd,4aa2878d-7160-57a6-8595-bf7156857f7a,2bc50dec-b057-52d9-bb68-4422b67e6c08,cd80660b-3e07-58ef-88fb-4dfd4c14f755,DEM-2bc50dec-b057-52d9-bb68-4422b67e6c08-GEEL-MFG-1,1,firm,2026-07-07,104.5477,,X,mro_consumables,false,,
58102106-0f76-58c2-b496-379ed417dc16,4aa2878d-7160-57a6-8595-bf7156857f7a,2bc50dec-b057-52d9-bb68-4422b67e6c08,cd80660b-3e07-58ef-88fb-4dfd4c14f755,DEM-2bc50dec-b057-52d9-bb68-4422b67e6c08-GEEL-MFG-2,1,forecast,2026-07-14,109.9947,,X,mro_consumables,false,,
8e40cc51-d284-52d4-bdcd-91c6c4cf137b,4aa2878d-7160-57a6-8595-bf7156857f7a,2bc50dec-b057-52d9-bb68-4422b67e6c08,cd80660b-3e07-58ef-88fb-4dfd4c14f755,DEM-2bc50dec-b057-52d9-bb68-4422b67e6c08-GEEL-MFG-3,1,forecast,2026-07-21,117.5116,,X,mro_consumables,false,,
58005207-ddd9-52c6-b931-b9a780b4308f,4aa2878d-7160-57a6-8595-bf7156857f7a,2bc50dec-b057-52d9-bb68-4422b67e6c08,cd80660b-3e07-58ef-88fb-4dfd4c14f755,DEM-2bc50dec-b057-52d9-bb68-4422b67e6c08-GEEL-MFG-4,1,forecast,2026-07-28,142.3999,,X,mro_consumables,false,,
fd23fabb-5ac9-5267-a12c-3f6a3f9e5094,4aa2878d-7160-57a6-8595-bf7156857f7a,156f1b61-81f0-5bee-8acc-b26bfd4d94be,83d1dcfc-cfa9-52c8-a5a3-cbb9679d5d59,DEM-156f1b61-81f0-5bee-8acc-b26bfd4d94be-MEL-DC-1,1,firm,2026-07-07,148.2031,,X,components,false,,
539ef23a-cef5-506a-be3b-1bf20aab5d4b,4aa2878d-7160-57a6-8595-bf7156857f7a,156f1b61-81f0-5bee-8acc-b26bfd4d94be,83d1dcfc-cfa9-52c8-a5a3-cbb9679d5d59,DEM-156f1b61-81f0-5bee-8acc-b26bfd4d94be-MEL-DC-2,1,forecast,2026-07-14,103.6043,,X,components,false,,
f5c1b977-bd7d-515a-937e-4cf6e08401f3,4aa2878d-7160-57a6-8595-bf7156857f7a,156f1b61-81f0-5bee-8acc-b26bfd4d94be,83d1dcfc-cfa9-52c8-a5a3-cbb9679d5d59,DEM-156f1b61-81f0-5bee-8acc-b26bfd4d94be-MEL-DC-3,1,forecast,2026-07-21,166.2730,,X,components,false,,
646ec743-4f5a-575d-908e-130d2638a765,4aa2878d-7160-57a6-8595-bf7156857f7a,156f1b61-81f0-5bee-8acc-b26bfd4d94be,83d1dcfc-cfa9-52c8-a5a3-cbb9679d5d59,DEM-156f1b61-81f0-5bee-8acc-b26bfd4d94be-MEL-DC-4,1,forecast,2026-07-28,182.2789,,X,components,false,,
adb9a070-1676-5e16-8e36-720df66b19ae,4aa2878d-7160-57a6-8595-bf7156857f7a,156f1b61-81f0-5bee-8acc-b26bfd4d94be,cd80660b-3e07-58ef-88fb-4dfd4c14f755,DEM-156f1b61-81f0-5bee-8acc-b26bfd4d94be-GEEL-MFG-1,1,firm,2026-07-07,176.2837,,X,components,false,,
b5ac4fee-083b-5763-ae7d-a1f0bbfa52d9,4aa2878d-7160-57a6-8595-bf7156857f7a,156f1b61-81f0-5bee-8acc-b26bfd4d94be,cd80660b-3e07-58ef-88fb-4dfd4c14f755,DEM-156f1b61-81f0-5bee-8acc-b26bfd4d94be-GEEL-MFG-2,1,forecast,2026-07-14,173.9297,,X,components,false,,
425b480c-3f6d-5cfb-bb20-fd7512ff6c87,4aa2878d-7160-57a6-8595-bf7156857f7a,156f1b61-81f0-5bee-8acc-b26bfd4d94be,cd80660b-3e07-58ef-88fb-4dfd4c14f755,DEM-156f1b61-81f0-5bee-8acc-b26bfd4d94be-GEEL-MFG-3,1,forecast,2026-07-21,158.4096,,X,components,false,,
3b61f9e7-652c-5617-b540-788e66bf7f90,4aa2878d-7160-57a6-8595-bf7156857f7a,156f1b61-81f0-5bee-8acc-b26bfd4d94be,cd80660b-3e07-58ef-88fb-4dfd4c14f755,DEM-156f1b61-81f0-5bee-8acc-b26bfd4d94be-GEEL-MFG-4,1,forecast,2026-07-28,184.8462,,X,components,false,,
ca8b9f8e-0eef-5699-8195-5f8e76cf4bab,4aa2878d-7160-57a6-8595-bf7156857f7a,3260e462-15f7-59e3-a229-c6e4260bb97a,83d1dcfc-cfa9-52c8-a5a3-cbb9679d5d59,DEM-3260e462-15f7-59e3-a229-c6e4260bb97a-MEL-DC-1,1,firm,2026-07-07,173.8481,,X,mro_consumables,false,,
f9305c3b-14b9-51e3-af7b-a6f13436eeb7,4aa2878d-7160-57a6-8595-bf7156857f7a,3260e462-15f7-59e3-a229-c6e4260bb97a,83d1dcfc-cfa9-52c8-a5a3-cbb9679d5d59,DEM-3260e462-15f7-59e3-a229-c6e4260bb97a-MEL-DC-2,1,forecast,2026-07-14,166.7792,,X,mro_consumables,false,,
f9e41b14-6052-5a00-8d40-db932c831249,4aa2878d-7160-57a6-8595-bf7156857f7a,3260e462-15f7-59e3-a229-c6e4260bb97a,83d1dcfc-cfa9-52c8-a5a3-cbb9679d5d59,DEM-3260e462-15f7-59e3-a229-c6e4260bb97a-MEL-DC-3,1,forecast,2026-07-21,175.4431,,X,mro_consumables,false,,
b8682cc8-4345-5ad4-a335-127241cdaecd,4aa2878d-7160-57a6-8595-bf7156857f7a,3260e462-15f7-59e3-a229-c6e4260bb97a,83d1dcfc-cfa9-52c8-a5a3-cbb9679d5d59,DEM-3260e462-15f7-59e3-a229-c6e4260bb97a-MEL-DC-4,1,forecast,2026-07-28,144.0739,,X,mro_consumables,false,,
8424d93c-4867-55f8-8ac3-825fd2d63e85,4aa2878d-7160-57a6-8595-bf7156857f7a,3260e462-15f7-59e3-a229-c6e4260bb97a,cd80660b-3e07-58ef-88fb-4dfd4c14f755,DEM-3260e462-15f7-59e3-a229-c6e4260bb97a-GEEL-MFG-1,1,firm,2026-07-07,148.6382,,X,mro_consumables,false,,
09673c29-c573-55e3-a76b-0722885917ab,4aa2878d-7160-57a6-8595-bf7156857f7a,3260e462-15f7-59e3-a229-c6e4260bb97a,cd80660b-3e07-58ef-88fb-4dfd4c14f755,DEM-3260e462-15f7-59e3-a229-c6e4260bb97a-GEEL-MFG-2,1,forecast,2026-07-14,162.8089,,X,mro_consumables,false,,
de8e23e1-2ef8-5885-8215-dcaf688f6885,4aa2878d-7160-57a6-8595-bf7156857f7a,3260e462-15f7-59e3-a229-c6e4260bb97a,cd80660b-3e07-58ef-88fb-4dfd4c14f755,DEM-3260e462-15f7-59e3-a229-c6e4260bb97a-GEEL-MFG-3,1,forecast,2026-07-21,108.2650,,X,mro_consumables,false,,
3fcfa4e2-2c58-5313-aa10-e388d6f7f37c,4aa2878d-7160-57a6-8595-bf7156857f7a,3260e462-15f7-59e3-a229-c6e4260bb97a,cd80660b-3e07-58ef-88fb-4dfd4c14f755,DEM-3260e462-15f7-59e3-a229-c6e4260bb97a-GEEL-MFG-4,1,forecast,2026-07-28,107.9120,,X,mro_consumables,false,,
c9827443-fefa-5ba0-a557-41d534ccb7d4,4aa2878d-7160-57a6-8595-bf7156857f7a,e7ae4d79-bd0e-5dd7-b736-930307e54235,83d1dcfc-cfa9-52c8-a5a3-cbb9679d5d59,DEM-e7ae4d79-bd0e-5dd7-b736-930307e54235-MEL-DC-1,1,firm,2026-07-07,31.5684,,Z,resale_finished_goods,false,,
1b4451ca-e52f-5321-adbb-e9d3c377b19e,4aa2878d-7160-57a6-8595-bf7156857f7a,e7ae4d79-bd0e-5dd7-b736-930307e54235,83d1dcfc-cfa9-52c8-a5a3-cbb9679d5d59,DEM-e7ae4d79-bd0e-5dd7-b736-930307e54235-MEL-DC-2,1,forecast,2026-07-14,32.8006,,Z,resale_finished_goods,false,,
0ff98d58-e30a-5dbe-b697-921d803e8589,4aa2878d-7160-57a6-8595-bf7156857f7a,e7ae4d79-bd0e-5dd7-b736-930307e54235,83d1dcfc-cfa9-52c8-a5a3-cbb9679d5d59,DEM-e7ae4d79-bd0e-5dd7-b736-930307e54235-MEL-DC-3,1,forecast,2026-07-21,38.4821,,Z,resale_finished_goods,false,,
93a74ad2-0576-5699-8fc1-6d007d8cfa61,4aa2878d-7160-57a6-8595-bf7156857f7a,e7ae4d79-bd0e-5dd7-b736-930307e54235,83d1dcfc-cfa9-52c8-a5a3-cbb9679d5d59,DEM-e7ae4d79-bd0e-5dd7-b736-930307e54235-MEL-DC-4,1,forecast,2026-07-28,44.9046,,Z,resale_finished_goods,false,,
56d12d39-44fb-5319-9fc9-1226edcd928b,4aa2878d-7160-57a6-8595-bf7156857f7a,e7ae4d79-bd0e-5dd7-b736-930307e54235,cd80660b-3e07-58ef-88fb-4dfd4c14f755,DEM-e7ae4d79-bd0e-5dd7-b736-930307e54235-GEEL-MFG-1,1,firm,2026-07-07,47.1613,,Z,resale_finished_goods,false,,
bccef766-ed7c-5057-9b7c-4e5e56daf92f,4aa2878d-7160-57a6-8595-bf7156857f7a,e7ae4d79-bd0e-5dd7-b736-930307e54235,cd80660b-3e07-58ef-88fb-4dfd4c14f755,DEM-e7ae4d79-bd0e-5dd7-b736-930307e54235-GEEL-MFG-2,1,forecast,2026-07-14,33.3157,,Z,resale_finished_goods,false,,
b964be4f-71a9-5a19-b45c-60dc44fd9a3a,4aa2878d-7160-57a6-8595-bf7156857f7a,e7ae4d79-bd0e-5dd7-b736-930307e54235,cd80660b-3e07-58ef-88fb-4dfd4c14f755,DEM-e7ae4d79-bd0e-5dd7-b736-930307e54235-GEEL-MFG-3,1,forecast,2026-07-21,28.9909,,Z,resale_finished_goods,false,,
e78582ef-ad55-529f-b674-1cc765c3aa05,4aa2878d-7160-57a6-8595-bf7156857f7a,e7ae4d79-bd0e-5dd7-b736-930307e54235,cd80660b-3e07-58ef-88fb-4dfd4c14f755,DEM-e7ae4d79-bd0e-5dd7-b736-930307e54235-GEEL-MFG-4,1,forecast,2026-07-28,41.1544,,Z,resale_finished_goods,false,,
e6ddec78-6c33-5de1-96cc-bfe2e21a8a9e,4aa2878d-7160-57a6-8595-bf7156857f7a,802e4010-8aa6-5fb1-bc87-5f2947921061,83d1dcfc-cfa9-52c8-a5a3-cbb9679d5d59,DEM-802e4010-8aa6-5fb1-bc87-5f2947921061-MEL-DC-1,1,firm,2026-07-07,101.2962,,X,components,false,,
4a0df3e8-1cf4-542d-b64c-351f7ea8e42f,4aa2878d-7160-57a6-8595-bf7156857f7a,802e4010-8aa6-5fb1-bc87-5f2947921061,83d1dcfc-cfa9-52c8-a5a3-cbb9679d5d59,DEM-802e4010-8aa6-5fb1-bc87-5f2947921061-MEL-DC-2,1,forecast,2026-07-14,157.3134,,X,components,false,,
5bf380db-7bec-5828-b752-845063d25d19,4aa2878d-7160-57a6-8595-bf7156857f7a,802e4010-8aa6-5fb1-bc87-5f2947921061,83d1dcfc-cfa9-52c8-a5a3-cbb9679d5d59,DEM-802e4010-8aa6-5fb1-bc87-5f2947921061-MEL-DC-3,1,forecast,2026-07-21,109.3730,,X,components,false,,
433dc1f4-555a-5410-a68e-c1239f4b77e5,4aa2878d-7160-57a6-8595-bf7156857f7a,802e4010-8aa6-5fb1-bc87-5f2947921061,83d1dcfc-cfa9-52c8-a5a3-cbb9679d5d59,DEM-802e4010-8aa6-5fb1-bc87-5f2947921061-MEL-DC-4,1,forecast,2026-07-28,141.5960,,X,components,false,,
cb507f2f-4b19-58a7-ad21-f29fd6c09f0c,4aa2878d-7160-57a6-8595-bf7156857f7a,802e4010-8aa6-5fb1-bc87-5f2947921061,cd80660b-3e07-58ef-88fb-4dfd4c14f755,DEM-802e4010-8aa6-5fb1-bc87-5f2947921061-GEEL-MFG-1,1,firm,2026-07-07,115.7220,,X,components,false,,
fbbad3ee-a8bc-51a5-8b35-881c86151829,4aa2878d-7160-57a6-8595-bf7156857f7a,802e4010-8aa6-5fb1-bc87-5f2947921061,cd80660b-3e07-58ef-88fb-4dfd4c14f755,DEM-802e4010-8aa6-5fb1-bc87-5f2947921061-GEEL-MFG-2,1,forecast,2026-07-14,117.6386,,X,components,false,,
605eaa2f-96e7-5090-a70a-a9bca6bd14ab,4aa2878d-7160-57a6-8595-bf7156857f7a,802e4010-8aa6-5fb1-bc87-5f2947921061,cd80660b-3e07-58ef-88fb-4dfd4c14f755,DEM-802e4010-8aa6-5fb1-bc87-5f2947921061-GEEL-MFG-3,1,forecast,2026-07-21,135.1242,,X,components,false,,
be7f46ac-b9a5-5690-8826-b423399aa03d,4aa2878d-7160-57a6-8595-bf7156857f7a,802e4010-8aa6-5fb1-bc87-5f2947921061,cd80660b-3e07-58ef-88fb-4dfd4c14f755,DEM-802e4010-8aa6-5fb1-bc87-5f2947921061-GEEL-MFG-4,1,forecast,2026-07-28,186.3154,,X,components,false,,
352082f8-b331-5ca9-95b2-c0aacda4263f,4aa2878d-7160-57a6-8595-bf7156857f7a,1d765b5d-108b-588d-90bf-0a5f7c702f58,83d1dcfc-cfa9-52c8-a5a3-cbb9679d5d59,DEM-1d765b5d-108b-588d-90bf-0a5f7c702f58-MEL-DC-1,1,firm,2026-07-07,120.7805,,X,resale_finished_goods,false,,
9caa5f33-81b3-5dbe-b5ae-dcfb342e5145,4aa2878d-7160-57a6-8595-bf7156857f7a,1d765b5d-108b-588d-90bf-0a5f7c702f58,83d1dcfc-cfa9-52c8-a5a3-cbb9679d5d59,DEM-1d765b5d-108b-588d-90bf-0a5f7c702f58-MEL-DC-2,1,forecast,2026-07-14,176.6096,,X,resale_finished_goods,false,,
72e36b00-9cb8-5506-9833-e9a53f3863c0,4aa2878d-7160-57a6-8595-bf7156857f7a,1d765b5d-108b-588d-90bf-0a5f7c702f58,83d1dcfc-cfa9-52c8-a5a3-cbb9679d5d59,DEM-1d765b5d-108b-588d-90bf-0a5f7c702f58-MEL-DC-3,1,forecast,2026-07-21,330.0225,,X,resale_finished_goods,true,,
ff8802ba-dc71-5bdf-9852-ebd4c4be604c,4aa2878d-7160-57a6-8595-bf7156857f7a,1d765b5d-108b-588d-90bf-0a5f7c702f58,83d1dcfc-cfa9-52c8-a5a3-cbb9679d5d59,DEM-1d765b5d-108b-588d-90bf-0a5f7c702f58-MEL-DC-4,1,forecast,2026-07-28,178.5327,,X,resale_finished_goods,false,,
c67feed1-dc4c-558e-a929-3bba6947ee7f,4aa2878d-7160-57a6-8595-bf7156857f7a,1d765b5d-108b-588d-90bf-0a5f7c702f58,cd80660b-3e07-58ef-88fb-4dfd4c14f755,DEM-1d765b5d-108b-588d-90bf-0a5f7c702f58-GEEL-MFG-1,1,firm,2026-07-07,114.0540,,X,resale_finished_goods,false,,
f65410b1-cab0-5ad7-a7e0-eeffeee32d7c,4aa2878d-7160-57a6-8595-bf7156857f7a,1d765b5d-108b-588d-90bf-0a5f7c702f58,cd80660b-3e07-58ef-88fb-4dfd4c14f755,DEM-1d765b5d-108b-588d-90bf-0a5f7c702f58-GEEL-MFG-2,1,forecast,2026-07-14,109.1118,,X,resale_finished_goods,false,,
4e4c929d-49c2-59f5-8a1b-28b4716a5cad,4aa2878d-7160-57a6-8595-bf7156857f7a,1d765b5d-108b-588d-90bf-0a5f7c702f58,cd80660b-3e07-58ef-88fb-4dfd4c14f755,DEM-1d765b5d-108b-588d-90bf-0a5f7c702f58-GEEL-MFG-3,1,forecast,2026-07-21,116.9363,,X,resale_finished_goods,false,,
77696d35-2a39-59e0-ab12-dd320e770fff,4aa2878d-7160-57a6-8595-bf7156857f7a,1d765b5d-108b-588d-90bf-0a5f7c702f58,cd80660b-3e07-58ef-88fb-4dfd4c14f755,DEM-1d765b5d-108b-588d-90bf-0a5f7c702f58-GEEL-MFG-4,1,forecast,2026-07-28,154.8140,,X,resale_finished_goods,false,,
640cff46-ed5e-5362-b46e-53656c609f49,4aa2878d-7160-57a6-8595-bf7156857f7a,73ffaed7-94be-55a5-afed-0d1e98f52b44,83d1dcfc-cfa9-52c8-a5a3-cbb9679d5d59,DEM-73ffaed7-94be-55a5-afed-0d1e98f52b44-MEL-DC-1,1,firm,2026-07-07,34.7244,,Z,components,false,,
306dbed4-20c7-536f-9718-5b5a7da8ea50,4aa2878d-7160-57a6-8595-bf7156857f7a,73ffaed7-94be-55a5-afed-0d1e98f52b44,83d1dcfc-cfa9-52c8-a5a3-cbb9679d5d59,DEM-73ffaed7-94be-55a5-afed-0d1e98f52b44-MEL-DC-2,1,forecast,2026-07-14,46.1454,,Z,components,false,,
9ab4df76-44b5-5838-bb76-28aff336b6e9,4aa2878d-7160-57a6-8595-bf7156857f7a,73ffaed7-94be-55a5-afed-0d1e98f52b44,83d1dcfc-cfa9-52c8-a5a3-cbb9679d5d59,DEM-73ffaed7-94be-55a5-afed-0d1e98f52b44-MEL-DC-3,1,forecast,2026-07-21,0.0000,,Z,components,false,,
ca905647-5423-5b0d-be54-dfd35cdaf506,4aa2878d-7160-57a6-8595-bf7156857f7a,73ffaed7-94be-55a5-afed-0d1e98f52b44,83d1dcfc-cfa9-52c8-a5a3-cbb9679d5d59,DEM-73ffaed7-94be-55a5-afed-0d1e98f52b44-MEL-DC-4,1,forecast,2026-07-28,30.5023,,Z,components,false,,
b5d4a5c7-463a-5e52-b402-678f4ccce7f0,4aa2878d-7160-57a6-8595-bf7156857f7a,73ffaed7-94be-55a5-afed-0d1e98f52b44,cd80660b-3e07-58ef-88fb-4dfd4c14f755,DEM-73ffaed7-94be-55a5-afed-0d1e98f52b44-GEEL-MFG-1,1,firm,2026-07-07,36.1569,,Z,components,false,,
bd9a9d0d-3fad-5f5c-ab6d-42f476488f55,4aa2878d-7160-57a6-8595-bf7156857f7a,73ffaed7-94be-55a5-afed-0d1e98f52b44,cd80660b-3e07-58ef-88fb-4dfd4c14f755,DEM-73ffaed7-94be-55a5-afed-0d1e98f52b44-GEEL-MFG-2,1,forecast,2026-07-14,0.0000,,Z,components,false,,
2cea177a-1617-5fe3-a724-fce7b5f20a7a,4aa2878d-7160-57a6-8595-bf7156857f7a,73ffaed7-94be-55a5-afed-0d1e98f52b44,cd80660b-3e07-58ef-88fb-4dfd4c14f755,DEM-73ffaed7-94be-55a5-afed-0d1e98f52b44-GEEL-MFG-3,1,forecast,2026-07-21,0.0000,,Z,components,false,,
e4c7ea29-aca7-5e93-8452-44f658e681bb,4aa2878d-7160-57a6-8595-bf7156857f7a,73ffaed7-94be-55a5-afed-0d1e98f52b44,cd80660b-3e07-58ef-88fb-4dfd4c14f755,DEM-73ffaed7-94be-55a5-afed-0d1e98f52b44-GEEL-MFG-4,1,forecast,2026-07-28,23.0459,,Z,components,false,,
bab62c54-eea5-590a-811f-e07de3bb053d,4aa2878d-7160-57a6-8595-bf7156857f7a,26f9d7d6-f6e5-5f66-b038-c4074cf38cff,83d1dcfc-cfa9-52c8-a5a3-cbb9679d5d59,DEM-26f9d7d6-f6e5-5f66-b038-c4074cf38cff-MEL-DC-1,1,firm,2026-07-07,85.5965,,Z,components,true,aa52d56a-4289-5bd2-b460-1a0f9deea6e8,demand_shock
3efbff2e-c487-5ae7-85ee-118130526dee,4aa2878d-7160-57a6-8595-bf7156857f7a,26f9d7d6-f6e5-5f66-b038-c4074cf38cff,83d1dcfc-cfa9-52c8-a5a3-cbb9679d5d59,DEM-26f9d7d6-f6e5-5f66-b038-c4074cf38cff-MEL-DC-2,1,forecast,2026-07-14,0.0000,,Z,components,false,aa52d56a-4289-5bd2-b460-1a0f9deea6e8,demand_shock
00a03614-9274-54ea-bc93-07a544576f2d,4aa2878d-7160-57a6-8595-bf7156857f7a,26f9d7d6-f6e5-5f66-b038-c4074cf38cff,83d1dcfc-cfa9-52c8-a5a3-cbb9679d5d59,DEM-26f9d7d6-f6e5-5f66-b038-c4074cf38cff-MEL-DC-3,1,forecast,2026-07-21,25.8711,,Z,components,false,aa52d56a-4289-5bd2-b460-1a0f9deea6e8,demand_shock
1e26ee23-c078-5392-bdd2-55f20283c86a,4aa2878d-7160-57a6-8595-bf7156857f7a,26f9d7d6-f6e5-5f66-b038-c4074cf38cff,83d1dcfc-cfa9-52c8-a5a3-cbb9679d5d59,DEM-26f9d7d6-f6e5-5f66-b038-c4074cf38cff-MEL-DC-4,1,forecast,2026-07-28,28.9316,,Z,components,false,aa52d56a-4289-5bd2-b460-1a0f9deea6e8,demand_shock
469bc4d2-1b4e-5dfe-819b-9036c9ee2c3d,4aa2878d-7160-57a6-8595-bf7156857f7a,26f9d7d6-f6e5-5f66-b038-c4074cf38cff,cd80660b-3e07-58ef-88fb-4dfd4c14f755,DEM-26f9d7d6-f6e5-5f66-b038-c4074cf38cff-GEEL-MFG-1,1,firm,2026-07-07,0.0000,,Z,components,false,,
3fa4234e-48a0-54ca-a105-e753790ddad2,4aa2878d-7160-57a6-8595-bf7156857f7a,26f9d7d6-f6e5-5f66-b038-c4074cf38cff,cd80660b-3e07-58ef-88fb-4dfd4c14f755,DEM-26f9d7d6-f6e5-5f66-b038-c4074cf38cff-GEEL-MFG-2,1,forecast,2026-07-14,26.0091,,Z,components,false,,
b3edc854-00be-5f2e-8608-4eae87b2554f,4aa2878d-7160-57a6-8595-bf7156857f7a,26f9d7d6-f6e5-5f66-b038-c4074cf38cff,cd80660b-3e07-58ef-88fb-4dfd4c14f755,DEM-26f9d7d6-f6e5-5f66-b038-c4074cf38cff-GEEL-MFG-3,1,forecast,2026-07-21,28.3052,,Z,components,false,,
7ce91cc5-8d29-512b-8009-7dba26d5f989,4aa2878d-7160-57a6-8595-bf7156857f7a,26f9d7d6-f6e5-5f66-b038-c4074cf38cff,cd80660b-3e07-58ef-88fb-4dfd4c14f755,DEM-26f9d7d6-f6e5-5f66-b038-c4074cf38cff-GEEL-MFG-4,1,forecast,2026-07-28,0.0000,,Z,components,false,,
a75c04a1-452d-5887-84d7-47ef7cc7525a,4aa2878d-7160-57a6-8595-bf7156857f7a,258787f4-7c2c-53a6-b106-204498b26f2f,83d1dcfc-cfa9-52c8-a5a3-cbb9679d5d59,DEM-258787f4-7c2c-53a6-b106-204498b26f2f-MEL-DC-1,1,firm,2026-07-07,56.8549,,Z,components,true,b448855d-3690-50d3-9ffb-7badbebfd92f,demand_shock
c2854f12-51ce-543e-b0d1-a8ab02435285,4aa2878d-7160-57a6-8595-bf7156857f7a,258787f4-7c2c-53a6-b106-204498b26f2f,83d1dcfc-cfa9-52c8-a5a3-cbb9679d5d59,DEM-258787f4-7c2c-53a6-b106-204498b26f2f-MEL-DC-2,1,forecast,2026-07-14,28.8196,,Z,components,false,b448855d-3690-50d3-9ffb-7badbebfd92f,demand_shock
5b928b34-c30b-5915-9bae-faded2928462,4aa2878d-7160-57a6-8595-bf7156857f7a,258787f4-7c2c-53a6-b106-204498b26f2f,83d1dcfc-cfa9-52c8-a5a3-cbb9679d5d59,DEM-258787f4-7c2c-53a6-b106-204498b26f2f-MEL-DC-3,1,forecast,2026-07-21,0.0000,,Z,components,false,b448855d-3690-50d3-9ffb-7badbebfd92f,demand_shock
715b6d4b-3820-5854-a5a8-26c6e93ad560,4aa2878d-7160-57a6-8595-bf7156857f7a,258787f4-7c2c-53a6-b106-204498b26f2f,83d1dcfc-cfa9-52c8-a5a3-cbb9679d5d59,DEM-258787f4-7c2c-53a6-b106-204498b26f2f-MEL-DC-4,1,forecast,2026-07-28,32.4832,,Z,components,false,b448855d-3690-50d3-9ffb-7badbebfd92f,demand_shock
774a2795-f7fa-5125-91e9-eb12b066ee54,4aa2878d-7160-57a6-8595-bf7156857f7a,258787f4-7c2c-53a6-b106-204498b26f2f,cd80660b-3e07-58ef-88fb-4dfd4c14f755,DEM-258787f4-7c2c-53a6-b106-204498b26f2f-GEEL-MFG-1,1,firm,2026-07-07,55.8360,,Z,components,true,f014c724-3882-5284-8fe6-db2ca6ac0f74,demand_shock
efc73db9-856d-549e-8920-076fdf56d19e,4aa2878d-7160-57a6-8595-bf7156857f7a,258787f4-7c2c-53a6-b106-204498b26f2f,cd80660b-3e07-58ef-88fb-4dfd4c14f755,DEM-258787f4-7c2c-53a6-b106-204498b26f2f-GEEL-MFG-2,1,forecast,2026-07-14,32.2858,,Z,components,false,f014c724-3882-5284-8fe6-db2ca6ac0f74,demand_shock
14f4dd0f-5b49-5060-9175-2c879763254a,4aa2878d-7160-57a6-8595-bf7156857f7a,258787f4-7c2c-53a6-b106-204498b26f2f,cd80660b-3e07-58ef-88fb-4dfd4c14f755,DEM-258787f4-7c2c-53a6-b106-204498b26f2f-GEEL-MFG-3,1,forecast,2026-07-21,27.4508,,Z,components,false,f014c724-3882-5284-8fe6-db2ca6ac0f74,demand_shock
2b829265-422c-57b7-968e-1fa0ca3c2fa3,4aa2878d-7160-57a6-8595-bf7156857f7a,258787f4-7c2c-53a6-b106-204498b26f2f,cd80660b-3e07-58ef-88fb-4dfd4c14f755,DEM-258787f4-7c2c-53a6-b106-204498b26f2f-GEEL-MFG-4,1,forecast,2026-07-28,31.3028,,Z,components,false,f014c724-3882-5284-8fe6-db2ca6ac0f74,demand_shock
0ae54562-0ee7-589c-8734-151e05c5ddca,4aa2878d-7160-57a6-8595-bf7156857f7a,13c36a28-138e-592b-89a5-f58427ce5201,83d1dcfc-cfa9-52c8-a5a3-cbb9679d5d59,DEM-13c36a28-138e-592b-89a5-f58427ce5201-MEL-DC-1,1,firm,2026-07-07,82.7989,,Y,components,false,,
fd33f21b-55d8-5198-a817-b3a3e7e5a841,4aa2878d-7160-57a6-8595-bf7156857f7a,13c36a28-138e-592b-89a5-f58427ce5201,83d1dcfc-cfa9-52c8-a5a3-cbb9679d5d59,DEM-13c36a28-138e-592b-89a5-f58427ce5201-MEL-DC-2,1,forecast,2026-07-14,61.9139,,Y,components,false,,
e8add2ec-fcc5-5494-baf6-471074f7fdf8,4aa2878d-7160-57a6-8595-bf7156857f7a,13c36a28-138e-592b-89a5-f58427ce5201,83d1dcfc-cfa9-52c8-a5a3-cbb9679d5d59,DEM-13c36a28-138e-592b-89a5-f58427ce5201-MEL-DC-3,1,forecast,2026-07-21,78.5951,,Y,components,false,,
5c726338-c212-5486-b2cf-3979eb645a22,4aa2878d-7160-57a6-8595-bf7156857f7a,13c36a28-138e-592b-89a5-f58427ce5201,83d1dcfc-cfa9-52c8-a5a3-cbb9679d5d59,DEM-13c36a28-138e-592b-89a5-f58427ce5201-MEL-DC-4,1,forecast,2026-07-28,112.1355,,Y,components,false,,
256fd94c-8184-5500-bf0f-e3c8a14d24cf,4aa2878d-7160-57a6-8595-bf7156857f7a,13c36a28-138e-592b-89a5-f58427ce5201,cd80660b-3e07-58ef-88fb-4dfd4c14f755,DEM-13c36a28-138e-592b-89a5-f58427ce5201-GEEL-MFG-1,1,firm,2026-07-07,141.8165,,Y,components,true,88d0f23a-2a2d-5925-9093-e87655bbe514,demand_shock
327c1421-a7ab-5e1c-b019-e0e086708a26,4aa2878d-7160-57a6-8595-bf7156857f7a,13c36a28-138e-592b-89a5-f58427ce5201,cd80660b-3e07-58ef-88fb-4dfd4c14f755,DEM-13c36a28-138e-592b-89a5-f58427ce5201-GEEL-MFG-2,1,forecast,2026-07-14,80.3498,,Y,components,false,88d0f23a-2a2d-5925-9093-e87655bbe514,demand_shock
b4b88fb2-bf13-50e0-b6c3-cd4f7005f211,4aa2878d-7160-57a6-8595-bf7156857f7a,13c36a28-138e-592b-89a5-f58427ce5201,cd80660b-3e07-58ef-88fb-4dfd4c14f755,DEM-13c36a28-138e-592b-89a5-f58427ce5201-GEEL-MFG-3,1,forecast,2026-07-21,87.7849,,Y,components,false,88d0f23a-2a2d-5925-9093-e87655bbe514,demand_shock
2bb4ec89-e508-5acf-81a1-f470966281b9,4aa2878d-7160-57a6-8595-bf7156857f7a,13c36a28-138e-592b-89a5-f58427ce5201,cd80660b-3e07-58ef-88fb-4dfd4c14f755,DEM-13c36a28-138e-592b-89a5-f58427ce5201-GEEL-MFG-4,1,forecast,2026-07-28,61.0111,,Y,components,false,88d0f23a-2a2d-5925-9093-e87655bbe514,demand_shock
8ed15e71-994e-5427-a2fa-3d0b46dd3519,4aa2878d-7160-57a6-8595-bf7156857f7a,b57530b6-83a1-5572-a798-20246dda47c5,83d1dcfc-cfa9-52c8-a5a3-cbb9679d5d59,DEM-b57530b6-83a1-5572-a798-20246dda47c5-MEL-DC-1,1,firm,2026-07-07,117.7352,,X,packaging,false,,
cc3ec683-f045-5326-a7a0-e063af78d583,4aa2878d-7160-57a6-8595-bf7156857f7a,b57530b6-83a1-5572-a798-20246dda47c5,83d1dcfc-cfa9-52c8-a5a3-cbb9679d5d59,DEM-b57530b6-83a1-5572-a798-20246dda47c5-MEL-DC-2,1,forecast,2026-07-14,134.9993,,X,packaging,false,,
63ef37d8-7623-5d59-8f87-2e25e00dc920,4aa2878d-7160-57a6-8595-bf7156857f7a,b57530b6-83a1-5572-a798-20246dda47c5,83d1dcfc-cfa9-52c8-a5a3-cbb9679d5d59,DEM-b57530b6-83a1-5572-a798-20246dda47c5-MEL-DC-3,1,forecast,2026-07-21,118.2560,,X,packaging,false,,
cb780843-1a64-557a-b2eb-8244dfc774b3,4aa2878d-7160-57a6-8595-bf7156857f7a,b57530b6-83a1-5572-a798-20246dda47c5,83d1dcfc-cfa9-52c8-a5a3-cbb9679d5d59,DEM-b57530b6-83a1-5572-a798-20246dda47c5-MEL-DC-4,1,forecast,2026-07-28,150.4440,,X,packaging,false,,
14aad57a-3df2-50ee-be83-fb1cfa25dbc8,4aa2878d-7160-57a6-8595-bf7156857f7a,b57530b6-83a1-5572-a798-20246dda47c5,cd80660b-3e07-58ef-88fb-4dfd4c14f755,DEM-b57530b6-83a1-5572-a798-20246dda47c5-GEEL-MFG-1,1,firm,2026-07-07,152.2438,,X,packaging,false,,
f4a7e150-12c5-529c-b7e0-ef7a000d722c,4aa2878d-7160-57a6-8595-bf7156857f7a,b57530b6-83a1-5572-a798-20246dda47c5,cd80660b-3e07-58ef-88fb-4dfd4c14f755,DEM-b57530b6-83a1-5572-a798-20246dda47c5-GEEL-MFG-2,1,forecast,2026-07-14,176.4458,,X,packaging,false,,
71e8c08c-69e2-534d-807c-6bee6867e82b,4aa2878d-7160-57a6-8595-bf7156857f7a,b57530b6-83a1-5572-a798-20246dda47c5,cd80660b-3e07-58ef-88fb-4dfd4c14f755,DEM-b57530b6-83a1-5572-a798-20246dda47c5-GEEL-MFG-3,1,forecast,2026-07-21,134.9551,,X,packaging,false,,
22a47329-1ea5-5dfb-a250-cf077508ce33,4aa2878d-7160-57a6-8595-bf7156857f7a,b57530b6-83a1-5572-a798-20246dda47c5,cd80660b-3e07-58ef-88fb-4dfd4c14f755,DEM-b57530b6-83a1-5572-a798-20246dda47c5-GEEL-MFG-4,1,forecast,2026-07-28,93.0841,,X,packaging,false,,
4eeb142d-cc86-5626-be1d-90604387c875,4aa2878d-7160-57a6-8595-bf7156857f7a,23303b4e-f08b-5648-a6a2-f350ebc5143c,83d1dcfc-cfa9-52c8-a5a3-cbb9679d5d59,DEM-23303b4e-f08b-5648-a6a2-f350ebc5143c-MEL-DC-1,1,firm,2026-07-07,34.1635,,Z,resale_finished_goods,false,,
cb4c761a-e847-5265-af1e-f83e36edb661,4aa2878d-7160-57a6-8595-bf7156857f7a,23303b4e-f08b-5648-a6a2-f350ebc5143c,83d1dcfc-cfa9-52c8-a5a3-cbb9679d5d59,DEM-23303b4e-f08b-5648-a6a2-f350ebc5143c-MEL-DC-2,1,forecast,2026-07-14,29.5603,,Z,resale_finished_goods,false,,
f847c85c-4280-591a-ba86-4c26160c833a,4aa2878d-7160-57a6-8595-bf7156857f7a,23303b4e-f08b-5648-a6a2-f350ebc5143c,83d1dcfc-cfa9-52c8-a5a3-cbb9679d5d59,DEM-23303b4e-f08b-5648-a6a2-f350ebc5143c-MEL-DC-3,1,forecast,2026-07-21,24.2769,,Z,resale_finished_goods,false,,
f8d3b82c-4140-518a-aa76-2ce70db05682,4aa2878d-7160-57a6-8595-bf7156857f7a,23303b4e-f08b-5648-a6a2-f350ebc5143c,83d1dcfc-cfa9-52c8-a5a3-cbb9679d5d59,DEM-23303b4e-f08b-5648-a6a2-f350ebc5143c-MEL-DC-4,1,forecast,2026-07-28,33.3222,,Z,resale_finished_goods,false,,
6524eb2f-903a-5689-883a-b6cb23119e9b,4aa2878d-7160-57a6-8595-bf7156857f7a,23303b4e-f08b-5648-a6a2-f350ebc5143c,cd80660b-3e07-58ef-88fb-4dfd4c14f755,DEM-23303b4e-f08b-5648-a6a2-f350ebc5143c-GEEL-MFG-1,1,firm,2026-07-07,23.2173,,Z,resale_finished_goods,false,,
a46149d4-26a1-5bab-8b8a-dbac8bdf6b97,4aa2878d-7160-57a6-8595-bf7156857f7a,23303b4e-f08b-5648-a6a2-f350ebc5143c,cd80660b-3e07-58ef-88fb-4dfd4c14f755,DEM-23303b4e-f08b-5648-a6a2-f350ebc5143c-GEEL-MFG-2,1,forecast,2026-07-14,0.0000,,Z,resale_finished_goods,false,,
b94a9a9d-956e-5d97-bed4-a13f86ef2b76,4aa2878d-7160-57a6-8595-bf7156857f7a,23303b4e-f08b-5648-a6a2-f350ebc5143c,cd80660b-3e07-58ef-88fb-4dfd4c14f755,DEM-23303b4e-f08b-5648-a6a2-f350ebc5143c-GEEL-MFG-3,1,forecast,2026-07-21,0.0000,,Z,resale_finished_goods,false,,
cb9dc375-e79f-5518-988e-8b7ca6c781f6,4aa2878d-7160-57a6-8595-bf7156857f7a,23303b4e-f08b-5648-a6a2-f350ebc5143c,cd80660b-3e07-58ef-88fb-4dfd4c14f755,DEM-23303b4e-f08b-5648-a6a2-f350ebc5143c-GEEL-MFG-4,1,forecast,2026-07-28,25.2022,,Z,resale_finished_goods,false,,
e3eca640-0864-5ff8-8610-5033d1bf3cce,4aa2878d-7160-57a6-8595-bf7156857f7a,fb68c10a-55c0-5d65-85fe-0d8330c7d0e5,83d1dcfc-cfa9-52c8-a5a3-cbb9679d5d59,DEM-fb68c10a-55c0-5d65-85fe-0d8330c7d0e5-MEL-DC-1,1,firm,2026-07-07,24.0808,,Z,components,false,,
f3c6fb0c-33d6-5a95-beed-10304a223552,4aa2878d-7160-57a6-8595-bf7156857f7a,fb68c10a-55c0-5d65-85fe-0d8330c7d0e5,83d1dcfc-cfa9-52c8-a5a3-cbb9679d5d59,DEM-fb68c10a-55c0-5d65-85fe-0d8330c7d0e5-MEL-DC-2,1,forecast,2026-07-14,0.0000,,Z,components,false,,
b337a430-a688-517f-b888-10604415b616,4aa2878d-7160-57a6-8595-bf7156857f7a,fb68c10a-55c0-5d65-85fe-0d8330c7d0e5,83d1dcfc-cfa9-52c8-a5a3-cbb9679d5d59,DEM-fb68c10a-55c0-5d65-85fe-0d8330c7d0e5-MEL-DC-3,1,forecast,2026-07-21,0.0000,,Z,components,false,,
35753308-5ccb-5a35-8eaf-66b5f5bb7870,4aa2878d-7160-57a6-8595-bf7156857f7a,fb68c10a-55c0-5d65-85fe-0d8330c7d0e5,83d1dcfc-cfa9-52c8-a5a3-cbb9679d5d59,DEM-fb68c10a-55c0-5d65-85fe-0d8330c7d0e5-MEL-DC-4,1,forecast,2026-07-28,0.0000,,Z,components,false,,
35d221db-6521-5e9a-93e1-9e02efbbb759,4aa2878d-7160-57a6-8595-bf7156857f7a,fb68c10a-55c0-5d65-85fe-0d8330c7d0e5,cd80660b-3e07-58ef-88fb-4dfd4c14f755,DEM-fb68c10a-55c0-5d65-85fe-0d8330c7d0e5-GEEL-MFG-1,1,firm,2026-07-07,28.9341,,Z,components,false,,
fa07226f-779a-5643-a59d-22fa3101dc39,4aa2878d-7160-57a6-8595-bf7156857f7a,fb68c10a-55c0-5d65-85fe-0d8330c7d0e5,cd80660b-3e07-58ef-88fb-4dfd4c14f755,DEM-fb68c10a-55c0-5d65-85fe-0d8330c7d0e5-GEEL-MFG-2,1,forecast,2026-07-14,33.1464,,Z,components,false,,
5a365155-831d-565e-92f8-8a0adbc6c5a7,4aa2878d-7160-57a6-8595-bf7156857f7a,fb68c10a-55c0-5d65-85fe-0d8330c7d0e5,cd80660b-3e07-58ef-88fb-4dfd4c14f755,DEM-fb68c10a-55c0-5d65-85fe-0d8330c7d0e5-GEEL-MFG-3,1,forecast,2026-07-21,26.5648,,Z,components,false,,
850cc94f-d3a8-5db7-93c7-8eda310a8a06,4aa2878d-7160-57a6-8595-bf7156857f7a,fb68c10a-55c0-5d65-85fe-0d8330c7d0e5,cd80660b-3e07-58ef-88fb-4dfd4c14f755,DEM-fb68c10a-55c0-5d65-85fe-0d8330c7d0e5-GEEL-MFG-4,1,forecast,2026-07-28,41.3857,,Z,components,false,,
daa42697-7c9d-5c92-a515-ee6b0aafa2b6,4aa2878d-7160-57a6-8595-bf7156857f7a,9b4cace9-899f-537b-b7be-bed7f160dcf2,83d1dcfc-cfa9-52c8-a5a3-cbb9679d5d59,DEM-9b4cace9-899f-537b-b7be-bed7f160dcf2-MEL-DC-1,1,firm,2026-07-07,67.7255,,Z,resale_finished_goods,true,46d39da9-0e46-584a-a830-da928f525393,demand_shock
92c394bd-cfd9-5df8-8d7a-76c492e9697d,4aa2878d-7160-57a6-8595-bf7156857f7a,9b4cace9-899f-537b-b7be-bed7f160dcf2,83d1dcfc-cfa9-52c8-a5a3-cbb9679d5d59,DEM-9b4cace9-899f-537b-b7be-bed7f160dcf2-MEL-DC-2,1,forecast,2026-07-14,0.0000,,Z,resale_finished_goods,false,46d39da9-0e46-584a-a830-da928f525393,demand_shock
5558031a-5f95-57d6-b104-7bd0475e76a7,4aa2878d-7160-57a6-8595-bf7156857f7a,9b4cace9-899f-537b-b7be-bed7f160dcf2,83d1dcfc-cfa9-52c8-a5a3-cbb9679d5d59,DEM-9b4cace9-899f-537b-b7be-bed7f160dcf2-MEL-DC-3,1,forecast,2026-07-21,0.0000,,Z,resale_finished_goods,false,46d39da9-0e46-584a-a830-da928f525393,demand_shock
21a70a71-2f68-5fce-ac01-a08bc2832aba,4aa2878d-7160-57a6-8595-bf7156857f7a,9b4cace9-899f-537b-b7be-bed7f160dcf2,83d1dcfc-cfa9-52c8-a5a3-cbb9679d5d59,DEM-9b4cace9-899f-537b-b7be-bed7f160dcf2-MEL-DC-4,1,forecast,2026-07-28,40.2861,,Z,resale_finished_goods,false,46d39da9-0e46-584a-a830-da928f525393,demand_shock
74f9364d-780e-5434-8c49-e89438849f42,4aa2878d-7160-57a6-8595-bf7156857f7a,9b4cace9-899f-537b-b7be-bed7f160dcf2,cd80660b-3e07-58ef-88fb-4dfd4c14f755,DEM-9b4cace9-899f-537b-b7be-bed7f160dcf2-GEEL-MFG-1,1,firm,2026-07-07,57.7295,,Z,resale_finished_goods,true,f7fa42e3-02ed-5c3f-9dd4-bac6e4e176e0,demand_shock
69b5408e-3f3d-5d42-96c4-2bf397218915,4aa2878d-7160-57a6-8595-bf7156857f7a,9b4cace9-899f-537b-b7be-bed7f160dcf2,cd80660b-3e07-58ef-88fb-4dfd4c14f755,DEM-9b4cace9-899f-537b-b7be-bed7f160dcf2-GEEL-MFG-2,1,forecast,2026-07-14,0.0000,,Z,resale_finished_goods,false,f7fa42e3-02ed-5c3f-9dd4-bac6e4e176e0,demand_shock
e225eda6-d6f0-5632-a025-95f7f0329458,4aa2878d-7160-57a6-8595-bf7156857f7a,9b4cace9-899f-537b-b7be-bed7f160dcf2,cd80660b-3e07-58ef-88fb-4dfd4c14f755,DEM-9b4cace9-899f-537b-b7be-bed7f160dcf2-GEEL-MFG-3,1,forecast,2026-07-21,0.0000,,Z,resale_finished_goods,false,f7fa42e3-02ed-5c3f-9dd4-bac6e4e176e0,demand_shock
1713e864-3185-557f-907c-4b0a6b7dbd2e,4aa2878d-7160-57a6-8595-bf7156857f7a,9b4cace9-899f-537b-b7be-bed7f160dcf2,cd80660b-3e07-58ef-88fb-4dfd4c14f755,DEM-9b4cace9-899f-537b-b7be-bed7f160dcf2-GEEL-MFG-4,1,forecast,2026-07-28,0.0000,,Z,resale_finished_goods,false,f7fa42e3-02ed-5c3f-9dd4-bac6e4e176e0,demand_shock
910f8d85-c1b3-5e59-9346-24bf74c5f391,4aa2878d-7160-57a6-8595-bf7156857f7a,d4b300ac-9c19-5617-8775-15b2fd6ecff3,83d1dcfc-cfa9-52c8-a5a3-cbb9679d5d59,DEM-d4b300ac-9c19-5617-8775-15b2fd6ecff3-MEL-DC-1,1,firm,2026-07-07,0.0000,,Z,resale_finished_goods,false,,
fecfd46a-b1c8-5288-87ed-20d3e85f6b8a,4aa2878d-7160-57a6-8595-bf7156857f7a,d4b300ac-9c19-5617-8775-15b2fd6ecff3,83d1dcfc-cfa9-52c8-a5a3-cbb9679d5d59,DEM-d4b300ac-9c19-5617-8775-15b2fd6ecff3-MEL-DC-2,1,forecast,2026-07-14,45.6710,,Z,resale_finished_goods,false,,
13ccd593-4034-500d-a2b6-ddfd6bcde2a1,4aa2878d-7160-57a6-8595-bf7156857f7a,d4b300ac-9c19-5617-8775-15b2fd6ecff3,83d1dcfc-cfa9-52c8-a5a3-cbb9679d5d59,DEM-d4b300ac-9c19-5617-8775-15b2fd6ecff3-MEL-DC-3,1,forecast,2026-07-21,0.0000,,Z,resale_finished_goods,false,,
773a96a2-e44c-5044-ae05-6af44336b667,4aa2878d-7160-57a6-8595-bf7156857f7a,d4b300ac-9c19-5617-8775-15b2fd6ecff3,83d1dcfc-cfa9-52c8-a5a3-cbb9679d5d59,DEM-d4b300ac-9c19-5617-8775-15b2fd6ecff3-MEL-DC-4,1,forecast,2026-07-28,39.5866,,Z,resale_finished_goods,false,,
ecd4c03b-b830-5873-9c98-5843c3a14986,4aa2878d-7160-57a6-8595-bf7156857f7a,d4b300ac-9c19-5617-8775-15b2fd6ecff3,cd80660b-3e07-58ef-88fb-4dfd4c14f755,DEM-d4b300ac-9c19-5617-8775-15b2fd6ecff3-GEEL-MFG-1,1,firm,2026-07-07,0.0000,,Z,resale_finished_goods,false,,
fcd0b99c-9932-5ebd-9c77-c38283781cbd,4aa2878d-7160-57a6-8595-bf7156857f7a,d4b300ac-9c19-5617-8775-15b2fd6ecff3,cd80660b-3e07-58ef-88fb-4dfd4c14f755,DEM-d4b300ac-9c19-5617-8775-15b2fd6ecff3-GEEL-MFG-2,1,forecast,2026-07-14,0.0000,,Z,resale_finished_goods,false,,
77cb052b-1664-5c4a-a851-6c834c73b6e8,4aa2878d-7160-57a6-8595-bf7156857f7a,d4b300ac-9c19-5617-8775-15b2fd6ecff3,cd80660b-3e07-58ef-88fb-4dfd4c14f755,DEM-d4b300ac-9c19-5617-8775-15b2fd6ecff3-GEEL-MFG-3,1,forecast,2026-07-21,28.9826,,Z,resale_finished_goods,false,,
2758cabf-6d1f-5fcf-998f-9c11688e8571,4aa2878d-7160-57a6-8595-bf7156857f7a,d4b300ac-9c19-5617-8775-15b2fd6ecff3,cd80660b-3e07-58ef-88fb-4dfd4c14f755,DEM-d4b300ac-9c19-5617-8775-15b2fd6ecff3-GEEL-MFG-4,1,forecast,2026-07-28,40.2853,,Z,resale_finished_goods,false,,
3337664a-a30a-5770-bf45-93c6dd9473a4,4aa2878d-7160-57a6-8595-bf7156857f7a,5a2c36f8-ff5b-53d9-9352-fac73932d34f,83d1dcfc-cfa9-52c8-a5a3-cbb9679d5d59,DEM-5a2c36f8-ff5b-53d9-9352-fac73932d34f-MEL-DC-1,1,firm,2026-07-07,220.9761,,X,components,true,066ea922-4197-565c-a5e8-198f34ba0710,demand_shock
0df2ffb4-0e07-5439-99e6-e180d9d4c107,4aa2878d-7160-57a6-8595-bf7156857f7a,5a2c36f8-ff5b-53d9-9352-fac73932d34f,83d1dcfc-cfa9-52c8-a5a3-cbb9679d5d59,DEM-5a2c36f8-ff5b-53d9-9352-fac73932d34f-MEL-DC-2,1,forecast,2026-07-14,149.2832,,X,components,false,066ea922-4197-565c-a5e8-198f34ba0710,demand_shock
2b74a5c3-ab5a-5132-ac30-ea41d23bef68,4aa2878d-7160-57a6-8595-bf7156857f7a,5a2c36f8-ff5b-53d9-9352-fac73932d34f,83d1dcfc-cfa9-52c8-a5a3-cbb9679d5d59,DEM-5a2c36f8-ff5b-53d9-9352-fac73932d34f-MEL-DC-3,1,forecast,2026-07-21,141.4682,,X,components,false,066ea922-4197-565c-a5e8-198f34ba0710,demand_shock
e8765471-fdc0-5bea-b51e-0202b56b54eb,4aa2878d-7160-57a6-8595-bf7156857f7a,5a2c36f8-ff5b-53d9-9352-fac73932d34f,83d1dcfc-cfa9-52c8-a5a3-cbb9679d5d59,DEM-5a2c36f8-ff5b-53d9-9352-fac73932d34f-MEL-DC-4,1,forecast,2026-07-28,141.2184,,X,components,false,066ea922-4197-565c-a5e8-198f34ba0710,demand_shock
5a55d0cc-9db6-59bd-915b-64d0dd12ea84,4aa2878d-7160-57a6-8595-bf7156857f7a,5a2c36f8-ff5b-53d9-9352-fac73932d34f,cd80660b-3e07-58ef-88fb-4dfd4c14f755,DEM-5a2c36f8-ff5b-53d9-9352-fac73932d34f-GEEL-MFG-1,1,firm,2026-07-07,117.1732,,X,components,false,,
97412b62-cc4a-5840-baf1-6db950cf6975,4aa2878d-7160-57a6-8595-bf7156857f7a,5a2c36f8-ff5b-53d9-9352-fac73932d34f,cd80660b-3e07-58ef-88fb-4dfd4c14f755,DEM-5a2c36f8-ff5b-53d9-9352-fac73932d34f-GEEL-MFG-2,1,forecast,2026-07-14,133.5471,,X,components,false,,
96cf200b-cba4-5ee3-8f0d-962aabc558ce,4aa2878d-7160-57a6-8595-bf7156857f7a,5a2c36f8-ff5b-53d9-9352-fac73932d34f,cd80660b-3e07-58ef-88fb-4dfd4c14f755,DEM-5a2c36f8-ff5b-53d9-9352-fac73932d34f-GEEL-MFG-3,1,forecast,2026-07-21,170.6999,,X,components,false,,
f6617e33-df0e-5d2f-8de0-30472b923649,4aa2878d-7160-57a6-8595-bf7156857f7a,5a2c36f8-ff5b-53d9-9352-fac73932d34f,cd80660b-3e07-58ef-88fb-4dfd4c14f755,DEM-5a2c36f8-ff5b-53d9-9352-fac73932d34f-GEEL-MFG-4,1,forecast,2026-07-28,170.4559,,X,components,false,,
