dataset_name,schema_version,row_count,file_name,file_hash,generator_version,seed,as_of_timestamp,generation_timestamp,configuration_hash
calendar_versions,synthetic-source-v1,1,calendar_versions.csv,477acc1aebb12cd1baa8e84be00633d6c5802b3d451c074087757678e28cb654,1.0.0,20260720,2026-06-30T18:00:00+10:00,2026-06-30T18:00:00+10:00,01080ca88b03e6da7c7f9b61509216c547e0b24e9ff20351c050c4fe97adeb32
delivery_schedules,synthetic-source-v1,363,delivery_schedules.csv,f56a3c67d639b8540a463dc79cdf30fb5ae38667aa8bc5d961a734d4c9999ab1,1.0.0,20260720,2026-06-30T18:00:00+10:00,2026-06-30T18:00:00+10:00,01080ca88b03e6da7c7f9b61509216c547e0b24e9ff20351c050c4fe97adeb32
demand_requirements,synthetic-source-v1,320,demand_requirements.csv,1bf5d8263525d6411a43e502316e183fda65c5b306a751095d07c2b5188539aa,1.0.0,20260720,2026-06-30T18:00:00+10:00,2026-06-30T18:00:00+10:00,01080ca88b03e6da7c7f9b61509216c547e0b24e9ff20351c050c4fe97adeb32
future_receipt_outcomes,synthetic-source-v1,34,future_receipt_outcomes.csv,b66bf56f5958ae3b6a2e8d6c45ba83c10924e3d14826d89f00f5775923510e0a,1.0.0,20260720,2026-06-30T18:00:00+10:00,2026-06-30T18:00:00+10:00,01080ca88b03e6da7c7f9b61509216c547e0b24e9ff20351c050c4fe97adeb32
inventory_snapshots,synthetic-source-v1,81,inventory_snapshots.csv,21a3370b22cadb586dc822ebd9278b32155ae21ec5c4d04830c150c6d07f2338,1.0.0,20260720,2026-06-30T18:00:00+10:00,2026-06-30T18:00:00+10:00,01080ca88b03e6da7c7f9b61509216c547e0b24e9ff20351c050c4fe97adeb32
ownership_mappings,synthetic-source-v1,8,ownership_mappings.csv,003572c1bb3372ed95f84b7082366ccaf41bcfcdf53189fc714a77e689b6556f,1.0.0,20260720,2026-06-30T18:00:00+10:00,2026-06-30T18:00:00+10:00,01080ca88b03e6da7c7f9b61509216c547e0b24e9ff20351c050c4fe97adeb32
pipeline_runs,synthetic-source-v1,1,pipeline_runs.csv,38e95eda1add593b9e44d399af3fba5f18745c735cb4aa6a8bf83bb7a97a768c,1.0.0,20260720,2026-06-30T18:00:00+10:00,2026-06-30T18:00:00+10:00,01080ca88b03e6da7c7f9b61509216c547e0b24e9ff20351c050c4fe97adeb32
product_site_inventory_policies,synthetic-source-v1,80,product_site_inventory_policies.csv,587a50dca6bdc3d2401b019d9f092684a8eb517309165a76ae0197b4d809dbf2,1.0.0,20260720,2026-06-30T18:00:00+10:00,2026-06-30T18:00:00+10:00,01080ca88b03e6da7c7f9b61509216c547e0b24e9ff20351c050c4fe97adeb32
product_versions,synthetic-source-v1,40,product_versions.csv,e3fa3f6be1cf22deab7cf320817acc37544871f361e91f774e093b461b738aff,1.0.0,20260720,2026-06-30T18:00:00+10:00,2026-06-30T18:00:00+10:00,01080ca88b03e6da7c7f9b61509216c547e0b24e9ff20351c050c4fe97adeb32
products,synthetic-source-v1,40,products.csv,e5382545871095dab3595e7a369529dda63d2cd1512e3e00f9251f410dc7a4e6,1.0.0,20260720,2026-06-30T18:00:00+10:00,2026-06-30T18:00:00+10:00,01080ca88b03e6da7c7f9b61509216c547e0b24e9ff20351c050c4fe97adeb32
purchase_order_line_aliases,synthetic-source-v1,260,purchase_order_line_aliases.csv,8541ee0684142d27afbe3d126dff67c1b056fb51ce16681231cb2d1a086c8e24,1.0.0,20260720,2026-06-30T18:00:00+10:00,2026-06-30T18:00:00+10:00,01080ca88b03e6da7c7f9b61509216c547e0b24e9ff20351c050c4fe97adeb32
purchase_order_line_versions,synthetic-source-v1,282,purchase_order_line_versions.csv,98f3a405c60cd9cba499227c469f16bf4bbb288dfb9e1f12e4cb0e8162675109,1.0.0,20260720,2026-06-30T18:00:00+10:00,2026-06-30T18:00:00+10:00,01080ca88b03e6da7c7f9b61509216c547e0b24e9ff20351c050c4fe97adeb32
purchase_order_lines,synthetic-source-v1,260,purchase_order_lines.csv,a916a9782a74321e0c2840027606b421a983ddf0bc1696b5b755c763e277fbab,1.0.0,20260720,2026-06-30T18:00:00+10:00,2026-06-30T18:00:00+10:00,01080ca88b03e6da7c7f9b61509216c547e0b24e9ff20351c050c4fe97adeb32
purchase_order_versions,synthetic-source-v1,103,purchase_order_versions.csv,a40a082cad5b34ed7c9064243bc760305d2c0c49265eca17854a8e43471aea30,1.0.0,20260720,2026-06-30T18:00:00+10:00,2026-06-30T18:00:00+10:00,01080ca88b03e6da7c7f9b61509216c547e0b24e9ff20351c050c4fe97adeb32
purchase_orders,synthetic-source-v1,103,purchase_orders.csv,456169effba0b93d3598c75c0af062450ecdb31c024e023ca76d28bb3105fa10,1.0.0,20260720,2026-06-30T18:00:00+10:00,2026-06-30T18:00:00+10:00,01080ca88b03e6da7c7f9b61509216c547e0b24e9ff20351c050c4fe97adeb32
receipt_allocations,synthetic-source-v1,432,receipt_allocations.csv,cb1f09ed15fe1abc545a019a07c0fe985f7cc5bf012202432297cbd5f70dc831,1.0.0,20260720,2026-06-30T18:00:00+10:00,2026-06-30T18:00:00+10:00,01080ca88b03e6da7c7f9b61509216c547e0b24e9ff20351c050c4fe97adeb32
receipt_transactions,synthetic-source-v1,339,receipt_transactions.csv,f93ac1118abba8aafde225bf226c82a7a7b8cc8070fd194823e9328cce48a3b6,1.0.0,20260720,2026-06-30T18:00:00+10:00,2026-06-30T18:00:00+10:00,01080ca88b03e6da7c7f9b61509216c547e0b24e9ff20351c050c4fe97adeb32
rule_versions,synthetic-source-v1,1,rule_versions.csv,7eb82c96871c6422874703c2e6ac1c31e6a57b6e1dc80eb25368623acfac9d61,1.0.0,20260720,2026-06-30T18:00:00+10:00,2026-06-30T18:00:00+10:00,01080ca88b03e6da7c7f9b61509216c547e0b24e9ff20351c050c4fe97adeb32
scenario_assignments,synthetic-source-v1,123,scenario_assignments.csv,fe6e63ca360cba3731309802de4b069d55d619439e9af7c1e7f7bf25f5da0405,1.0.0,20260720,2026-06-30T18:00:00+10:00,2026-06-30T18:00:00+10:00,01080ca88b03e6da7c7f9b61509216c547e0b24e9ff20351c050c4fe97adeb32
scenario_registry,synthetic-source-v1,123,scenario_registry.csv,51f056bc28dec847f63cd4195e3ae1d3139ca0bfef2e966e8829b7d375a22934,1.0.0,20260720,2026-06-30T18:00:00+10:00,2026-06-30T18:00:00+10:00,01080ca88b03e6da7c7f9b61509216c547e0b24e9ff20351c050c4fe97adeb32
sites,synthetic-source-v1,2,sites.csv,3e69881ff39be7d17a276f1c9284a06b41bda45478082a7396774e64e3cd23af,1.0.0,20260720,2026-06-30T18:00:00+10:00,2026-06-30T18:00:00+10:00,01080ca88b03e6da7c7f9b61509216c547e0b24e9ff20351c050c4fe97adeb32
source_loads,synthetic-source-v1,6,source_loads.csv,2ddb80b3df9c3267d8f1cceb126bc6c9ece5ef6bc7263b8fa7dc53461a4a4a8d,1.0.0,20260720,2026-06-30T18:00:00+10:00,2026-06-30T18:00:00+10:00,01080ca88b03e6da7c7f9b61509216c547e0b24e9ff20351c050c4fe97adeb32
source_systems,synthetic-source-v1,1,source_systems.csv,1a93f5e1acc8010bb314e3c0b5f0f4cab40bae649c25ecb0325306ce95a4fcb0,1.0.0,20260720,2026-06-30T18:00:00+10:00,2026-06-30T18:00:00+10:00,01080ca88b03e6da7c7f9b61509216c547e0b24e9ff20351c050c4fe97adeb32
supplier_commitment_observations,synthetic-source-v1,227,supplier_commitment_observations.csv,b78179e493f503675260943c5872b55fc852fc22245175faeee631a87611b70b,1.0.0,20260720,2026-06-30T18:00:00+10:00,2026-06-30T18:00:00+10:00,01080ca88b03e6da7c7f9b61509216c547e0b24e9ff20351c050c4fe97adeb32
supplier_performance_snapshots,synthetic-source-v1,24,supplier_performance_snapshots.csv,767bb8417e28467a319527a0b9f4ec7bfe6fa7c06fb77e7a46e00c8587a05ff2,1.0.0,20260720,2026-06-30T18:00:00+10:00,2026-06-30T18:00:00+10:00,01080ca88b03e6da7c7f9b61509216c547e0b24e9ff20351c050c4fe97adeb32
supplier_versions,synthetic-source-v1,12,supplier_versions.csv,8fb2f2d0ddb3b3955030ec516dae24734a6a64f56068566542f6fc366669a72f,1.0.0,20260720,2026-06-30T18:00:00+10:00,2026-06-30T18:00:00+10:00,01080ca88b03e6da7c7f9b61509216c547e0b24e9ff20351c050c4fe97adeb32
suppliers,synthetic-source-v1,12,suppliers.csv,a57725ae5e0271d8766ead144bc762d60b6738ca383fd86e084e96c46d743001,1.0.0,20260720,2026-06-30T18:00:00+10:00,2026-06-30T18:00:00+10:00,01080ca88b03e6da7c7f9b61509216c547e0b24e9ff20351c050c4fe97adeb32
synthetic_outcome_observations,synthetic-source-v1,260,synthetic_outcome_observations.csv,44f645db214a7d408a39d2573879bfa9472a8b1ff14bd3e67d01e968e9720efd,1.0.0,20260720,2026-06-30T18:00:00+10:00,2026-06-30T18:00:00+10:00,01080ca88b03e6da7c7f9b61509216c547e0b24e9ff20351c050c4fe97adeb32
uom_conversions,synthetic-source-v1,120,uom_conversions.csv,474e2ab338251ba97a0a92de8a016af2aaa3a1307d6d2580bc3f0d37d40e1664,1.0.0,20260720,2026-06-30T18:00:00+10:00,2026-06-30T18:00:00+10:00,01080ca88b03e6da7c7f9b61509216c547e0b24e9ff20351c050c4fe97adeb32
users,synthetic-source-v1,21,users.csv,ee5d7f3de219c7e90915f00cf9c1c7dd5af54ebf0514ece8c7199c177c18116b,1.0.0,20260720,2026-06-30T18:00:00+10:00,2026-06-30T18:00:00+10:00,01080ca88b03e6da7c7f9b61509216c547e0b24e9ff20351c050c4fe97adeb32
