id,po_line_id,source_system_id,source_po_number,source_line_number,valid_from,valid_to,correction_reason
91a8198b-a698-50c3-b51c-f273e5b74c48,bc1b72de-5c04-5c9e-a521-5dafe99d39ad,c169851f-18a3-51fb-a3fb-9af1d41a47ef,PO-0000001,1,2025-11-13T09:00:00+10:00,,
092715f6-dd2c-5b14-83b1-f71e714b06dc,3c7415da-2e3d-5d66-8de4-9ae45c8a5ef0,c169851f-18a3-51fb-a3fb-9af1d41a47ef,PO-0000001,2,2024-11-15T09:00:00+10:00,,
09723341-6cf3-5721-b732-9a985b4e4616,c1ebeff0-1d0a-5b64-9b59-2f1d15ff8f42,c169851f-18a3-51fb-a3fb-9af1d41a47ef,PO-0000002,3,2025-02-15T09:00:00+10:00,,
5a089c1c-dffa-5d71-acf8-a9acc674b1fa,5f1ef0f1-e915-5eea-80fc-279e37c35736,c169851f-18a3-51fb-a3fb-9af1d41a47ef,PO-0000002,4,2024-12-22T09:00:00+10:00,,
391890ee-36b7-5d40-bff1-e388a4ae62d8,9bb31f47-5933-5c0b-96a9-a7cab9768925,c169851f-18a3-51fb-a3fb-9af1d41a47ef,PO-0000002,5,2025-06-07T09:00:00+10:00,,
961af038-ca88-5d3c-97d1-b456be6a3569,169c8472-68ac-5f94-a83e-4407991dbbed,c169851f-18a3-51fb-a3fb-9af1d41a47ef,PO-0000003,6,2024-08-17T09:00:00+10:00,,
ef7b7a96-1c09-54a8-98b8-cbaebc34acdc,a6f46d12-2805-52d3-813c-4a7419e40b54,c169851f-18a3-51fb-a3fb-9af1d41a47ef,PO-0000003,7,2024-10-21T09:00:00+10:00,,
e06717eb-d845-553d-8424-a8226f36a37e,6b9730b6-21eb-505f-a45d-9c57d3c86fc7,c169851f-18a3-51fb-a3fb-9af1d41a47ef,PO-0000003,8,2026-01-24T09:00:00+10:00,,
529be1dd-2b29-502a-8cf3-673a674aa326,79420c16-afb5-56df-a2b4-d93e71e71f5d,c169851f-18a3-51fb-a3fb-9af1d41a47ef,PO-0000004,9,2025-11-03T09:00:00+10:00,,
f8aeaa25-a238-5415-af6b-cc603d4f2765,a0a10f6d-12c8-5674-9741-c3731075b0f2,c169851f-18a3-51fb-a3fb-9af1d41a47ef,PO-0000004,10,2025-03-20T09:00:00+10:00,,
8df61a13-e381-57f0-86f7-da71db6e633d,3db4fcb7-69b2-5566-942b-e7d4c58dee1e,c169851f-18a3-51fb-a3fb-9af1d41a47ef,PO-0000005,11,2024-10-12T09:00:00+10:00,,
eac2e7f6-a54c-5d97-8dbc-b6eba4a08837,34441233-560b-5b65-a286-5108f76a33ef,c169851f-18a3-51fb-a3fb-9af1d41a47ef,PO-0000006,12,2025-08-17T09:00:00+10:00,,
3d3f39b1-a27b-5aef-b12a-7c1ce12c7788,25187d66-acb0-5687-9e42-b33e6a037e1c,c169851f-18a3-51fb-a3fb-9af1d41a47ef,PO-0000007,13,2025-03-16T09:00:00+10:00,,
f88eb7a6-bbce-566f-b763-ae051fd14b72,08744c8d-0e61-5f54-b4a6-d04b0ab974a6,c169851f-18a3-51fb-a3fb-9af1d41a47ef,PO-0000007,14,2025-05-26T09:00:00+10:00,,
2f6e6bc5-c59c-5964-b6d1-e934f76cb7f8,c5ca62a4-2f0f-5b33-806a-6be8fce15bf5,c169851f-18a3-51fb-a3fb-9af1d41a47ef,PO-0000007,15,2025-05-25T09:00:00+10:00,,
9b7fa9dc-c5b9-5c56-89e2-f15048ef0c86,e05643b4-50bf-5570-ae8b-26fb0498c7ed,c169851f-18a3-51fb-a3fb-9af1d41a47ef,PO-0000007,16,2024-10-09T09:00:00+10:00,,
3921904e-8135-5442-b186-84b836020abb,3b61bbac-32ae-53ef-a93b-14c36ce3f69e,c169851f-18a3-51fb-a3fb-9af1d41a47ef,PO-0000008,17,2025-03-18T09:00:00+10:00,,
e540d03a-653a-51e3-a7ce-75d4d36b42b0,fbc77c24-ce2c-5380-80fc-2c89e3eabce8,c169851f-18a3-51fb-a3fb-9af1d41a47ef,PO-0000009,18,2025-05-06T09:00:00+10:00,,
2c117713-d76c-57a2-b4a7-f75b34875103,b0ee4c5a-a8c3-5b7a-b085-850298a7b7e1,c169851f-18a3-51fb-a3fb-9af1d41a47ef,PO-0000010,19,2024-09-04T09:00:00+10:00,,
d6f2f6df-7dbf-57b8-b42d-0d98f421dc2b,ec607270-f5c5-5f93-82ba-c63e80a5f2b4,c169851f-18a3-51fb-a3fb-9af1d41a47ef,PO-0000010,20,2025-03-26T09:00:00+10:00,,
9ca04975-9169-5c0e-952c-8cbd1429b3ad,f66a333a-1041-5291-a7dd-abd95a50b8b1,c169851f-18a3-51fb-a3fb-9af1d41a47ef,PO-0000010,21,2024-12-15T09:00:00+10:00,,
d7bb971b-8302-5a7f-8ac4-27c13f9ec364,b718bd51-ed12-52f8-956f-2efc43f07066,c169851f-18a3-51fb-a3fb-9af1d41a47ef,PO-0000010,22,2025-08-13T09:00:00+10:00,,
d8a0c64c-8095-5f0a-82dc-08df01fef98b,fd8fdabe-4ad7-5d84-b597-bf2fff4848fb,c169851f-18a3-51fb-a3fb-9af1d41a47ef,PO-0000011,23,2025-11-05T09:00:00+10:00,,
e9e3c09e-8681-5888-86d7-015c992d720d,d22827f7-a7bf-5bd2-bf0b-a5a1083a39fa,c169851f-18a3-51fb-a3fb-9af1d41a47ef,PO-0000012,24,2025-02-02T09:00:00+10:00,,
8e8f4ffc-728f-5d3a-b815-2cefefce6094,80d83a2c-f968-5bd4-8921-b6de7fbf49c4,c169851f-18a3-51fb-a3fb-9af1d41a47ef,PO-0000013,25,2024-10-04T09:00:00+10:00,,
a0781c53-cdbf-55cb-a74d-b4f890d07eec,06cfe717-1ad3-594f-a89d-87ce247576d3,c169851f-18a3-51fb-a3fb-9af1d41a47ef,PO-0000014,26,2026-01-11T09:00:00+10:00,,
fab16340-8da2-5339-b9c5-3b341dc6f324,47145abc-775b-5315-91bd-88821a91f93f,c169851f-18a3-51fb-a3fb-9af1d41a47ef,PO-0000014,27,2026-02-07T09:00:00+10:00,,
8105fe60-788b-56af-b479-e92463bcb424,98b839a9-1729-5594-9052-7c1aeab0e49f,c169851f-18a3-51fb-a3fb-9af1d41a47ef,PO-0000014,28,2025-03-30T09:00:00+10:00,,
12c1fc06-ab3f-5c63-80ae-9af10280349a,1bf76ce1-1bb3-5c61-ad18-3158ab3ad95f,c169851f-18a3-51fb-a3fb-9af1d41a47ef,PO-0000015,29,2026-03-23T09:00:00+10:00,,
1d08c578-ca20-5335-8ef8-25e5a9fa0af9,195f6276-08bb-5bce-b97e-105457612217,c169851f-18a3-51fb-a3fb-9af1d41a47ef,PO-0000015,30,2025-07-24T09:00:00+10:00,,
4264ab79-b5ad-5d09-a649-67556de0a03c,c462ad18-3ac3-55ba-9e84-884e1028f93a,c169851f-18a3-51fb-a3fb-9af1d41a47ef,PO-0000015,31,2025-07-02T09:00:00+10:00,,
512a8539-44dd-5156-a5fe-8c499f9d15e5,0011c8b0-49e0-54b0-b611-a326d9a531f5,c169851f-18a3-51fb-a3fb-9af1d41a47ef,PO-0000016,32,2024-10-15T09:00:00+10:00,,
340b21b9-6005-5175-b066-4a4302589660,d17b1755-7202-55ed-9061-0f3d2c004bb4,c169851f-18a3-51fb-a3fb-9af1d41a47ef,PO-0000017,33,2025-11-15T09:00:00+10:00,,
479f2502-5710-5f54-aede-6a5137a0d7ca,fd59b3a2-4e5c-5d79-a6eb-5df370c7cab3,c169851f-18a3-51fb-a3fb-9af1d41a47ef,PO-0000017,34,2026-02-07T09:00:00+10:00,,
ca905b80-b0ae-5b3a-be80-4c1e504d55fa,ac5d1971-a942-5f45-8a71-1e4c34dcc0e0,c169851f-18a3-51fb-a3fb-9af1d41a47ef,PO-0000017,35,2025-08-09T09:00:00+10:00,,
6ecb16eb-d8db-5893-8283-d9af7e1250f8,2f5b3101-e6ae-565e-952d-dd4a1f9d3dd5,c169851f-18a3-51fb-a3fb-9af1d41a47ef,PO-0000017,36,2025-12-19T09:00:00+10:00,,
5c72595c-0bd5-5124-b491-d174bbd61a0f,be4699fb-24f2-5244-98aa-bca3fe216696,c169851f-18a3-51fb-a3fb-9af1d41a47ef,PO-0000017,37,2024-11-07T09:00:00+10:00,,
e84444db-ac30-5fee-a39e-27be3d4e2a87,fb3447b6-0c01-5b9e-8ef2-3bbc0617c190,c169851f-18a3-51fb-a3fb-9af1d41a47ef,PO-0000018,38,2026-03-11T09:00:00+10:00,,
a15b84fa-641f-502d-b1f0-469e92ac598a,a00c208a-f092-5a8d-ba9d-bc4b9abf710d,c169851f-18a3-51fb-a3fb-9af1d41a47ef,PO-0000018,39,2025-04-14T09:00:00+10:00,,
26166165-0166-534a-8992-6703790b13cd,e4580ee9-c958-5e49-8a90-a7245ac1bdc9,c169851f-18a3-51fb-a3fb-9af1d41a47ef,PO-0000018,40,2026-03-05T09:00:00+10:00,,
9694feb6-f298-58de-ae4a-cc4ae6785214,e8c1edd8-91d7-5faa-b016-b04e73ca09ff,c169851f-18a3-51fb-a3fb-9af1d41a47ef,PO-0000018,41,2025-01-21T09:00:00+10:00,,
2de47527-d42d-5bd2-a923-714d330504a7,ce11f1e1-7d3d-51fc-9a8f-e4e3942c531c,c169851f-18a3-51fb-a3fb-9af1d41a47ef,PO-0000018,42,2025-11-17T09:00:00+10:00,,
e5ddca16-b6f8-50ae-814d-dd9c067653bc,8d48c95d-aa17-551b-9dab-c5013cba4766,c169851f-18a3-51fb-a3fb-9af1d41a47ef,PO-0000018,43,2024-10-20T09:00:00+10:00,,
72ed0aa2-25df-5eb5-94f0-2e8f81bdb652,48371b30-3edd-53dc-9c05-07084ba3c371,c169851f-18a3-51fb-a3fb-9af1d41a47ef,PO-0000019,44,2026-03-22T09:00:00+10:00,,
502ca8b1-4286-5785-9fdf-b11c3efc21a2,1da9178b-18a7-5908-8654-cdfdbdef1e0b,c169851f-18a3-51fb-a3fb-9af1d41a47ef,PO-0000019,45,2025-03-24T09:00:00+10:00,,
fde7fb3e-df4b-5c45-8329-8d96542e556b,5d1de95a-e527-55df-8506-5944f16a4d1a,c169851f-18a3-51fb-a3fb-9af1d41a47ef,PO-0000019,46,2025-01-19T09:00:00+10:00,,
8ec5059a-986a-5716-9175-b18a1c849064,268047c5-7bb6-5a2c-8413-c4bf1828da77,c169851f-18a3-51fb-a3fb-9af1d41a47ef,PO-0000019,47,2025-02-11T09:00:00+10:00,,
8feb3616-e7f4-534c-96de-eb09abb05df8,aa536455-e8a9-50ac-addd-12bc7d8439df,c169851f-18a3-51fb-a3fb-9af1d41a47ef,PO-0000020,48,2026-01-11T09:00:00+10:00,,
2afafde2-a317-5dd6-a5fe-b8b0e84046bd,40e2419c-574f-5c46-8acf-f4d6780f7cd3,c169851f-18a3-51fb-a3fb-9af1d41a47ef,PO-0000021,49,2026-02-26T09:00:00+10:00,,
44fd6b2a-a656-505d-93ef-89b33d154d32,672a6653-9c5d-540d-bc1e-d6aa60560389,c169851f-18a3-51fb-a3fb-9af1d41a47ef,PO-0000021,50,2024-08-06T09:00:00+10:00,,
27166856-3629-5920-809a-22df610913da,98c09698-fcb6-5a1d-bb96-2c45722b59cc,c169851f-18a3-51fb-a3fb-9af1d41a47ef,PO-0000021,51,2024-08-15T09:00:00+10:00,,
daaccfc1-2d89-5bc4-818f-0c144eec95db,17cbb4fb-943b-5ea5-80a5-bb5ae59cca9e,c169851f-18a3-51fb-a3fb-9af1d41a47ef,PO-0000021,52,2025-10-09T09:00:00+10:00,,
ea5920e9-0e45-5c81-bc35-ac173b0cf371,19348610-5606-568b-86e0-9fcac79abd51,c169851f-18a3-51fb-a3fb-9af1d41a47ef,PO-0000022,53,2024-08-22T09:00:00+10:00,,
d10981d2-90de-5f3b-8c84-919fff894958,5c25d575-9588-525c-b788-cb817421c9a7,c169851f-18a3-51fb-a3fb-9af1d41a47ef,PO-0000023,54,2025-10-30T09:00:00+10:00,,
204ff0c7-1212-5c1c-b56d-ebb716b15f72,39c700e7-e8e3-5dfb-931c-5cacc743cbd9,c169851f-18a3-51fb-a3fb-9af1d41a47ef,PO-0000023,55,2025-08-29T09:00:00+10:00,,
b8383a1d-c3c3-5c1e-84e6-0588aa36a962,aede0822-2f3d-58fa-bcde-67c948375d9a,c169851f-18a3-51fb-a3fb-9af1d41a47ef,PO-0000023,56,2025-10-13T09:00:00+10:00,,
db8f9c5e-3613-52f0-82ea-dbd7ec61d7ac,9ce6418b-2170-565b-937f-4a40f24ad836,c169851f-18a3-51fb-a3fb-9af1d41a47ef,PO-0000023,57,2025-01-12T09:00:00+10:00,,
9da75c48-d442-5731-be80-afea46449e6a,9c527f33-028f-5d47-bae6-724120323b24,c169851f-18a3-51fb-a3fb-9af1d41a47ef,PO-0000023,58,2025-10-04T09:00:00+10:00,,
597969b0-fcfd-57a9-87f7-6d9e20e3a708,892f7ae3-ffbb-56a8-8b27-eb482fe89442,c169851f-18a3-51fb-a3fb-9af1d41a47ef,PO-0000023,59,2025-12-08T09:00:00+10:00,,
642b8c88-3cde-5645-b13f-5e180c555bfb,8e6266e1-0d57-5a73-91cd-49f77a77c869,c169851f-18a3-51fb-a3fb-9af1d41a47ef,PO-0000024,60,2025-02-19T09:00:00+10:00,,
fe584a88-1a5b-5bcf-b43b-3ccb80243b0b,aa298ba8-ff19-58fb-936b-99006e553db4,c169851f-18a3-51fb-a3fb-9af1d41a47ef,PO-0000025,61,2024-09-25T09:00:00+10:00,,
027ea273-c879-5fa5-a3e1-505f00c28d37,bf27940f-7320-5d0f-be59-ce3a9a08920c,c169851f-18a3-51fb-a3fb-9af1d41a47ef,PO-0000025,62,2024-07-31T09:00:00+10:00,,
2fd93634-d8dc-5a2f-9cbb-36855c37e7c1,58e65b23-7b42-562c-9d22-f9a1eef929e9,c169851f-18a3-51fb-a3fb-9af1d41a47ef,PO-0000025,63,2025-03-25T09:00:00+10:00,,
8d3147f4-cc87-5114-b82d-1b03b0b1fd0e,79058de5-6ced-5adc-801f-2adc8b6a1aae,c169851f-18a3-51fb-a3fb-9af1d41a47ef,PO-0000026,64,2025-06-14T09:00:00+10:00,,
64aab7d7-d51e-5fb4-aeb5-74632a059afb,62da9cca-e860-54c6-bc92-f23053841f10,c169851f-18a3-51fb-a3fb-9af1d41a47ef,PO-0000027,65,2025-04-06T09:00:00+10:00,,
6bff8387-43ef-57ff-b060-cfcac44616b5,835b1afa-e602-50be-8f14-ad2dab6dbd0c,c169851f-18a3-51fb-a3fb-9af1d41a47ef,PO-0000028,66,2025-11-03T09:00:00+10:00,,
7c05693b-4896-5007-b5f2-426bb0c4ed55,1bce04b7-af7d-5240-bb17-283c06d07e2c,c169851f-18a3-51fb-a3fb-9af1d41a47ef,PO-0000029,67,2025-02-05T09:00:00+10:00,,
a4a776af-a9bc-5a33-b72e-2a51ec12d20f,edfacbfe-c0e9-5b83-8a88-ea2ddade2505,c169851f-18a3-51fb-a3fb-9af1d41a47ef,PO-0000029,68,2025-10-02T09:00:00+10:00,,
b3f9c55c-0702-5681-85d9-ca69056f171a,e26658c5-824d-5ebd-a362-95b01d88784a,c169851f-18a3-51fb-a3fb-9af1d41a47ef,PO-0000029,69,2026-03-13T09:00:00+10:00,,
75ea6dd7-3ee5-5d52-bbbe-c66a110154ed,badea73f-2fb7-5106-b94b-ddad16222504,c169851f-18a3-51fb-a3fb-9af1d41a47ef,PO-0000029,70,2026-01-06T09:00:00+10:00,,
79070095-f6b2-5f9a-b03a-287caaa9aae7,63e8d0b5-1cdb-594b-a6f2-cf99b8ccc40c,c169851f-18a3-51fb-a3fb-9af1d41a47ef,PO-0000030,71,2025-04-15T09:00:00+10:00,,
856578c4-955e-58e8-b264-4515d3493871,a47fefeb-7ed5-5842-a4bc-7f2387f48323,c169851f-18a3-51fb-a3fb-9af1d41a47ef,PO-0000031,72,2026-02-27T09:00:00+10:00,,
ddca637b-b9c2-53e2-a2b4-ebcf742899da,ae167c82-e1e3-5f71-a79c-b7bd04602684,c169851f-18a3-51fb-a3fb-9af1d41a47ef,PO-0000032,73,2026-04-20T09:00:00+10:00,,
eda8a802-e00d-52cf-bc99-33851a26d3b6,bf65fab1-9bb1-5c27-8057-6245bcb4145f,c169851f-18a3-51fb-a3fb-9af1d41a47ef,PO-0000033,74,2025-04-16T09:00:00+10:00,,
711485c3-416e-5bf2-9608-c74ad04b8f01,95d2075c-06f6-5921-b556-b3801af2cc97,c169851f-18a3-51fb-a3fb-9af1d41a47ef,PO-0000033,75,2025-09-18T09:00:00+10:00,,
f400662c-a793-5e40-b478-5805fa0dcdae,c2e4bc54-bb14-5994-9714-79dedadc7d5a,c169851f-18a3-51fb-a3fb-9af1d41a47ef,PO-0000033,76,2024-08-17T09:00:00+10:00,,
9877ec8c-b900-5a3e-8355-09179f67a465,51029d3e-8bcf-552b-ab8e-73a61667720c,c169851f-18a3-51fb-a3fb-9af1d41a47ef,PO-0000033,77,2025-05-18T09:00:00+10:00,,
ff76c6f4-6163-53f8-a9c4-186d5c84146a,e411fb3a-577f-59d7-9270-d71cfb9f857f,c169851f-18a3-51fb-a3fb-9af1d41a47ef,PO-0000033,78,2025-11-26T09:00:00+10:00,,
9ef6fc2c-2b2d-5cf6-8ef6-e4abce8d4548,b3ad5c07-0879-50eb-8b63-c914819f4557,c169851f-18a3-51fb-a3fb-9af1d41a47ef,PO-0000033,79,2024-11-13T09:00:00+10:00,,
504e9181-39df-56cb-9783-35e765016f20,908e4463-b10d-5c8b-bb53-54aea6287028,c169851f-18a3-51fb-a3fb-9af1d41a47ef,PO-0000034,80,2025-09-13T09:00:00+10:00,,
dc13724f-1467-5acb-b5b8-bbce62a7730e,f16f9758-c3b7-5fdc-a33e-bbf4795057a8,c169851f-18a3-51fb-a3fb-9af1d41a47ef,PO-0000035,81,2025-08-12T09:00:00+10:00,,
5ae9a659-da08-5177-96b6-5944e9f33ab8,71a874ad-7418-5660-a76c-cb742a43eef2,c169851f-18a3-51fb-a3fb-9af1d41a47ef,PO-0000035,82,2025-05-26T09:00:00+10:00,,
123a7117-5a75-5815-a9fa-d4b060e2d40f,52c00efb-e404-51dd-b010-f330cd8675df,c169851f-18a3-51fb-a3fb-9af1d41a47ef,PO-0000035,83,2026-02-05T09:00:00+10:00,,
de8a2379-aa41-5ca7-bdd6-5287898d60e9,e067cf82-399c-5a02-a0ab-60a00039a528,c169851f-18a3-51fb-a3fb-9af1d41a47ef,PO-0000036,84,2025-07-21T09:00:00+10:00,,
fdeb4320-e635-50bf-8a52-b5c8554baaad,7093b327-e34d-52b4-8804-c7205737e0d1,c169851f-18a3-51fb-a3fb-9af1d41a47ef,PO-0000037,85,2025-12-22T09:00:00+10:00,,
59683d48-004c-5d1b-9465-3fef1637a586,c3977d7b-a25a-5238-a4b2-dd1730c3a4c6,c169851f-18a3-51fb-a3fb-9af1d41a47ef,PO-0000038,86,2025-01-11T09:00:00+10:00,,
e2a0833d-9980-5eb7-9dc7-89dafc8fe274,1986de63-67d9-5898-82f3-586c85389f7d,c169851f-18a3-51fb-a3fb-9af1d41a47ef,PO-0000038,87,2025-12-30T09:00:00+10:00,,
78bd498f-f00c-5a18-a432-4fdb161e7058,79bd8471-f158-56c5-b380-bf24d630bbc4,c169851f-18a3-51fb-a3fb-9af1d41a47ef,PO-0000038,88,2024-11-12T09:00:00+10:00,,
f244a134-bdcc-5c4e-93d7-5ed8b6b06de1,e2dc985e-3d7b-5249-8649-eb730712172d,c169851f-18a3-51fb-a3fb-9af1d41a47ef,PO-0000039,89,2025-01-06T09:00:00+10:00,,
ec50bd6e-b35b-5180-ab0c-2e1f547c190b,9cc258ce-8584-5d52-bc8c-7e5177de3100,c169851f-18a3-51fb-a3fb-9af1d41a47ef,PO-0000040,90,2024-09-26T09:00:00+10:00,,
f47b8df5-edf2-5430-b8f0-5ccf288baa1c,84c77b48-cd90-57da-93fa-6524adc2ca64,c169851f-18a3-51fb-a3fb-9af1d41a47ef,PO-0000040,91,2025-11-30T09:00:00+10:00,,
b2646705-c460-587c-a495-b9ac7c7c8c4f,dcdefc65-3772-584c-b071-3715bcd1f4ab,c169851f-18a3-51fb-a3fb-9af1d41a47ef,PO-0000040,92,2026-04-09T09:00:00+10:00,,
a92ee216-743b-51ad-9e69-3c85183134b5,929837a9-fc2f-58b0-b586-e9d5549c4bf7,c169851f-18a3-51fb-a3fb-9af1d41a47ef,PO-0000041,93,2025-11-21T09:00:00+10:00,,
50cfa14b-775a-52cc-84e0-05724c4b7c12,f3dfe35e-3f70-59b9-811b-0e6a79cc3a9f,c169851f-18a3-51fb-a3fb-9af1d41a47ef,PO-0000041,94,2024-11-04T09:00:00+10:00,,
222f66eb-a044-527b-8f94-53c34554b35d,02f68fdb-1945-57a8-bbbe-aa77be70e9d4,c169851f-18a3-51fb-a3fb-9af1d41a47ef,PO-0000042,95,2025-03-29T09:00:00+10:00,,
953c74de-add2-5e86-9f22-62f13d51497a,882b71bc-78a8-5c68-892e-0a1d21e8ab81,c169851f-18a3-51fb-a3fb-9af1d41a47ef,PO-0000042,96,2025-02-27T09:00:00+10:00,,
1d903c05-cfa8-5d74-ba8f-0ca46d7069a5,de36a33a-a0d5-5131-bf84-251c788a2d19,c169851f-18a3-51fb-a3fb-9af1d41a47ef,PO-0000043,97,2025-04-01T09:00:00+10:00,,
f8ea6c10-597a-5059-8201-ff144a1e2ba8,96a1841e-9c2b-5a52-b6f2-c80d4fc423d3,c169851f-18a3-51fb-a3fb-9af1d41a47ef,PO-0000044,98,2024-11-12T09:00:00+10:00,,
e9c7a4cb-70f8-587b-9ff7-c93bd065f859,c39c6ce8-69fb-5a2b-8b54-185a94119a47,c169851f-18a3-51fb-a3fb-9af1d41a47ef,PO-0000044,99,2025-10-16T09:00:00+10:00,,
ed5806d3-3a75-5eb0-9dfc-113f22baca0a,ffbfb137-4af0-562a-abfa-3ed8803628f7,c169851f-18a3-51fb-a3fb-9af1d41a47ef,PO-0000044,100,2026-02-19T09:00:00+10:00,,
0d9db0d3-e896-5706-a8aa-a14afe5591f0,462f8a8a-6a22-55c4-8e10-5955c96cfd7c,c169851f-18a3-51fb-a3fb-9af1d41a47ef,PO-0000044,101,2025-12-20T09:00:00+10:00,,
c810097e-e5a1-5312-81bd-ce067bc75bb4,d2a8808c-fb88-5b33-ad8f-5757905a6f45,c169851f-18a3-51fb-a3fb-9af1d41a47ef,PO-0000045,102,2025-09-13T09:00:00+10:00,,
fd5fe34e-3821-5d35-ad52-5041ec80f663,d823b655-8b96-5352-adfb-b09cfe3ff09e,c169851f-18a3-51fb-a3fb-9af1d41a47ef,PO-0000045,103,2025-05-16T09:00:00+10:00,,
9cc76a6f-419e-5659-9a67-3b9139262306,3dbc788e-4fc6-530a-baf4-e8588c4638c9,c169851f-18a3-51fb-a3fb-9af1d41a47ef,PO-0000046,104,2025-10-08T09:00:00+10:00,,
5600a36e-cc36-5d50-af17-eb5d6a191120,4cdfb0cf-5c65-5736-96d0-2c3a18205662,c169851f-18a3-51fb-a3fb-9af1d41a47ef,PO-0000046,105,2025-04-01T09:00:00+10:00,,
d8ca770e-7447-5b5b-8b85-cf1728421092,d74a323e-f134-5bee-a79a-ae9ca2302b36,c169851f-18a3-51fb-a3fb-9af1d41a47ef,PO-0000046,106,2024-09-07T09:00:00+10:00,,
54bc435c-f9d7-5502-89ea-d014751b0428,145000c9-83e4-5e12-a308-c7a4efd86f80,c169851f-18a3-51fb-a3fb-9af1d41a47ef,PO-0000047,107,2025-05-05T09:00:00+10:00,,
b7941d41-dfa8-589f-99a7-6eea0e85ff7f,08228a0a-fead-5763-a110-0fbae787a714,c169851f-18a3-51fb-a3fb-9af1d41a47ef,PO-0000047,108,2026-04-16T09:00:00+10:00,,
626bce8e-9d13-51a9-930a-46fbc794da84,4d3536ec-2d13-5092-bee1-0eab950db4f6,c169851f-18a3-51fb-a3fb-9af1d41a47ef,PO-0000048,109,2025-02-04T09:00:00+10:00,,
a004f719-b6ae-50c2-b97e-5496bbe5abd4,47162640-a7ea-5360-be33-cf7809016677,c169851f-18a3-51fb-a3fb-9af1d41a47ef,PO-0000049,110,2026-03-06T09:00:00+10:00,,
6b68a695-5f76-5843-89a5-f21a6f3606eb,00dc368d-46ce-53ba-aa74-372caa23d77f,c169851f-18a3-51fb-a3fb-9af1d41a47ef,PO-0000049,111,2026-04-20T09:00:00+10:00,,
7d999a92-0bc9-5de4-a692-59ff382bbce8,9cbeb2da-d95e-5698-b5ff-df741201e330,c169851f-18a3-51fb-a3fb-9af1d41a47ef,PO-0000050,112,2025-03-10T09:00:00+10:00,,
9998c927-201b-564e-8290-4d0e799f73f6,29c53d62-0f2a-569e-bd23-0baaddecb094,c169851f-18a3-51fb-a3fb-9af1d41a47ef,PO-0000051,113,2025-08-20T09:00:00+10:00,,
9439d73d-a35c-5608-9753-d2bf72e5821c,11adbf92-554f-5ee5-8493-75b71128aa0c,c169851f-18a3-51fb-a3fb-9af1d41a47ef,PO-0000051,114,2026-01-19T09:00:00+10:00,,
8a960029-b4ac-5234-926b-42729055c5be,7fc5655b-2706-515d-9a46-4f8381eba9fe,c169851f-18a3-51fb-a3fb-9af1d41a47ef,PO-0000051,115,2024-10-11T09:00:00+10:00,,
edce5936-4240-5898-a618-50d8752599b5,357f6560-db19-527a-b643-4ccfabc42af0,c169851f-18a3-51fb-a3fb-9af1d41a47ef,PO-0000051,116,2025-05-19T09:00:00+10:00,,
8739ae63-a317-565a-ba2f-5590d0067d8b,d998ca38-778d-57b3-96f3-853d7cda39a4,c169851f-18a3-51fb-a3fb-9af1d41a47ef,PO-0000051,117,2025-06-24T09:00:00+10:00,,
daec8b15-87bf-572b-a49f-935f4e8625cd,eebe4995-2521-5206-ba1d-679ade730706,c169851f-18a3-51fb-a3fb-9af1d41a47ef,PO-0000051,118,2025-01-16T09:00:00+10:00,,
5bb8529c-bfd9-58b1-b14d-113bcdc06159,fab2f861-2ae3-572d-a38a-4be3d0e3f211,c169851f-18a3-51fb-a3fb-9af1d41a47ef,PO-0000052,119,2024-10-10T09:00:00+10:00,,
1fc42b89-6208-5f8b-b7c8-77d0058cc44f,9ee3c1c4-e6a3-5924-818a-df08c6b8141f,c169851f-18a3-51fb-a3fb-9af1d41a47ef,PO-0000052,120,2025-07-27T09:00:00+10:00,,
c0280fc6-1126-5ba5-a474-e6c85292f568,58e8df19-cb37-55fa-9c92-18518d464c45,c169851f-18a3-51fb-a3fb-9af1d41a47ef,PO-0000052,121,2025-09-11T09:00:00+10:00,,
e6e2cd63-253e-5c58-847c-f064a91b7809,d67bdb83-fed3-5184-837e-175991e221c1,c169851f-18a3-51fb-a3fb-9af1d41a47ef,PO-0000053,122,2025-05-04T09:00:00+10:00,,
02882800-667d-53ae-85ea-a55b8219d665,8f044fab-5e0d-57fd-8793-ece7459d7993,c169851f-18a3-51fb-a3fb-9af1d41a47ef,PO-0000053,123,2025-05-01T09:00:00+10:00,,
85d277c6-441f-5d4d-96ea-2be3eb1d30ac,09554ed4-d33d-5312-8013-c55a8975e05a,c169851f-18a3-51fb-a3fb-9af1d41a47ef,PO-0000053,124,2024-12-13T09:00:00+10:00,,
f4b39cc5-d73b-5039-9b01-2dc58cab44ff,2878b9b1-ca6a-5f7d-9847-6edbb62d0641,c169851f-18a3-51fb-a3fb-9af1d41a47ef,PO-0000053,125,2025-03-21T09:00:00+10:00,,
e8d2057d-5891-5634-a012-519fdf25b269,8ae03cd7-a70c-5ed8-9f08-64bceb7fcd26,c169851f-18a3-51fb-a3fb-9af1d41a47ef,PO-0000053,126,2025-06-30T09:00:00+10:00,,
32756a34-6d81-5f8f-ba4f-d70830de211c,838cb9f2-fc23-5d11-b215-9156d970350c,c169851f-18a3-51fb-a3fb-9af1d41a47ef,PO-0000053,127,2025-05-20T09:00:00+10:00,,
60faca2f-33e5-5711-9dc9-eafb721dab01,58661070-9c5b-5273-81b2-9ed34aa8fc54,c169851f-18a3-51fb-a3fb-9af1d41a47ef,PO-0000054,128,2025-03-07T09:00:00+10:00,,
c99433e0-49c3-5dd8-90ab-078614f05acf,eb448e62-4e87-5b8e-98ab-8b510bbaad41,c169851f-18a3-51fb-a3fb-9af1d41a47ef,PO-0000055,129,2024-12-31T09:00:00+10:00,,
e59ff504-432f-50be-92e4-bef6906b6bc8,6a6f7350-a718-5509-8435-a21b8f26bc5a,c169851f-18a3-51fb-a3fb-9af1d41a47ef,PO-0000055,130,2025-07-02T09:00:00+10:00,,
d05e6b95-2648-5561-a74f-642e07a2feef,ca742467-8c3c-5527-90bd-95b94e38588d,c169851f-18a3-51fb-a3fb-9af1d41a47ef,PO-0000055,131,2026-01-19T09:00:00+10:00,,
0b9d778e-3ca5-5829-b5e1-e9c9668d1075,d57b64a6-cc81-5d3e-930a-2554462e96b4,c169851f-18a3-51fb-a3fb-9af1d41a47ef,PO-0000055,132,2024-07-08T09:00:00+10:00,,
985398d8-2bf8-51bc-ae22-1a6c1d822721,0f32f0a8-3025-5828-82d6-1de6c9141a49,c169851f-18a3-51fb-a3fb-9af1d41a47ef,PO-0000056,133,2025-08-22T09:00:00+10:00,,
3fa35435-5be0-5bc9-afd4-cb31b8cbc158,a3a9d84a-fd4c-5dfd-b97a-41b8ee50bf73,c169851f-18a3-51fb-a3fb-9af1d41a47ef,PO-0000057,134,2025-08-12T09:00:00+10:00,,
331814e9-241e-5f33-9696-12a60ce32188,88f66cee-46ee-52a0-b982-4b85cd0c3878,c169851f-18a3-51fb-a3fb-9af1d41a47ef,PO-0000058,135,2025-12-16T09:00:00+10:00,,
1dd624bc-e8ac-5023-bf3c-fd979cea6832,715fb631-4d84-5ee6-84ec-78b162d593c1,c169851f-18a3-51fb-a3fb-9af1d41a47ef,PO-0000059,136,2024-12-16T09:00:00+10:00,,
69e6cd61-d8fc-5bc7-ae6e-22dd719a1326,9c1ea9dd-f757-5691-b94c-18fbb100b615,c169851f-18a3-51fb-a3fb-9af1d41a47ef,PO-0000059,137,2025-09-26T09:00:00+10:00,,
d03fded4-0ce3-52dc-ae00-cc4699308956,f630b228-21eb-5290-b85f-d8cf940ff6a4,c169851f-18a3-51fb-a3fb-9af1d41a47ef,PO-0000059,138,2024-10-18T09:00:00+10:00,,
b26f32d4-2005-5e4e-b245-cb57a1a2e221,6ebf00dc-c8e4-584d-9918-4cd6be761326,c169851f-18a3-51fb-a3fb-9af1d41a47ef,PO-0000059,139,2026-02-17T09:00:00+10:00,,
6e284c7a-932c-5de1-8a5d-cd05b128d15e,25a61bbb-1397-5b78-b511-6a6ca7b8e7a9,c169851f-18a3-51fb-a3fb-9af1d41a47ef,PO-0000060,140,2024-12-07T09:00:00+10:00,,
58164d73-0f6f-5888-9106-3ae41bc4b7e5,ff52bf3d-3085-570c-a005-cda53150a7fe,c169851f-18a3-51fb-a3fb-9af1d41a47ef,PO-0000060,141,2026-02-14T09:00:00+10:00,,
961c01aa-d7c6-51c3-9f1b-ce3fbebbaa99,54e45966-1b7b-5c2f-a912-718435feadd5,c169851f-18a3-51fb-a3fb-9af1d41a47ef,PO-0000061,142,2025-06-20T09:00:00+10:00,,
a86a5536-416e-5dd4-8e60-899ded9fb512,e2191bba-ab41-5cc2-847d-c0204df046e1,c169851f-18a3-51fb-a3fb-9af1d41a47ef,PO-0000062,143,2025-08-29T09:00:00+10:00,,
3583de47-3c87-5642-927e-19c1286f924d,eb44da56-30cc-5681-aba6-4e33f758d1d6,c169851f-18a3-51fb-a3fb-9af1d41a47ef,PO-0000062,144,2024-11-18T09:00:00+10:00,,
3b458d13-bc65-5148-8896-12b7e6a6d9c5,10862e63-daf3-5f53-ab7e-7891b132ec6f,c169851f-18a3-51fb-a3fb-9af1d41a47ef,PO-0000063,145,2026-01-04T09:00:00+10:00,,
462d29b8-79ec-5120-82ad-cce1a5c31d4d,0334fb3e-920d-51a6-a6ca-04dab00a654d,c169851f-18a3-51fb-a3fb-9af1d41a47ef,PO-0000063,146,2024-07-21T09:00:00+10:00,,
8749a780-7039-5477-9e21-dd641d510d55,51607152-a019-5b5d-bb57-55c68b0e5f3e,c169851f-18a3-51fb-a3fb-9af1d41a47ef,PO-0000063,147,2025-05-17T09:00:00+10:00,,
850ce116-3826-54c0-8ee9-67b66b058a26,bc30ee9f-4785-5348-a18e-470aa0099e48,c169851f-18a3-51fb-a3fb-9af1d41a47ef,PO-0000063,148,2025-05-24T09:00:00+10:00,,
0985b391-38db-597e-b6f0-4dd78d091e93,4a91a6a0-8caa-5725-a3a1-128b9336f13e,c169851f-18a3-51fb-a3fb-9af1d41a47ef,PO-0000063,149,2024-07-01T09:00:00+10:00,,
135f146a-238f-5bff-bd17-38b2ea97e049,3bb10f4b-339b-5869-9a5e-8a319adb83d7,c169851f-18a3-51fb-a3fb-9af1d41a47ef,PO-0000064,150,2025-04-25T09:00:00+10:00,,
dd2be11d-fc49-53cb-86df-f058ddac9d1e,29083f59-3526-532f-8b0a-f5c5b1f06f28,c169851f-18a3-51fb-a3fb-9af1d41a47ef,PO-0000064,151,2024-08-09T09:00:00+10:00,,
3f3f9d43-f26f-53b3-aa63-ab0d0ef0844b,6d613d2d-11e2-55d5-b0f4-a8cf572c4178,c169851f-18a3-51fb-a3fb-9af1d41a47ef,PO-0000064,152,2024-11-06T09:00:00+10:00,,
de5450a6-cb6c-54ec-842d-e923e9f5b884,0437ba15-4eda-5526-aa40-64962c056d6d,c169851f-18a3-51fb-a3fb-9af1d41a47ef,PO-0000065,153,2024-10-08T09:00:00+10:00,,
1a6df3ae-bacb-5d5d-beb9-ad3fcf104cd6,a38b901d-d0f4-56bb-85ba-7e70f8866156,c169851f-18a3-51fb-a3fb-9af1d41a47ef,PO-0000065,154,2025-01-10T09:00:00+10:00,,
644d31c2-3950-5099-9bb9-5fcafc8d904c,77a335b0-f76a-5a8f-805b-096ac95001c1,c169851f-18a3-51fb-a3fb-9af1d41a47ef,PO-0000066,155,2025-11-01T09:00:00+10:00,,
38e0b3c9-a4ba-54b7-b248-43f5f48f8177,a087a4f7-76b3-57ee-a2c2-eed7c2c4d7a8,c169851f-18a3-51fb-a3fb-9af1d41a47ef,PO-0000066,156,2026-01-09T09:00:00+10:00,,
187a6408-cb4a-51d7-bbe7-5554ed3b6c49,8f3b0bc3-1fda-5ff9-bd01-d0987ffbf056,c169851f-18a3-51fb-a3fb-9af1d41a47ef,PO-0000067,157,2024-12-23T09:00:00+10:00,,
fb039b75-7d78-5c28-a39f-c1b60bb861f6,86b41b2c-8089-5ef2-afac-2861af67d47b,c169851f-18a3-51fb-a3fb-9af1d41a47ef,PO-0000067,158,2025-05-12T09:00:00+10:00,,
05eb851b-f487-5708-9ee6-b3b57221ccee,03623eea-a8cb-5ce8-a432-055ad86d38c3,c169851f-18a3-51fb-a3fb-9af1d41a47ef,PO-0000067,159,2024-08-04T09:00:00+10:00,,
f15111de-53a3-5c39-a116-45bee651114d,d829883d-37a7-57c8-9759-d7118fefd1ac,c169851f-18a3-51fb-a3fb-9af1d41a47ef,PO-0000067,160,2024-07-15T09:00:00+10:00,,
963a7ec0-b03d-5c98-9780-0f4a85037226,fd515219-9963-5043-86bb-4125192e6ba4,c169851f-18a3-51fb-a3fb-9af1d41a47ef,PO-0000068,161,2025-03-13T09:00:00+10:00,,
f3e131f5-01b6-56be-9961-3289486287ac,bd9c6d3b-0cc4-5191-9d68-6bb68a5cc8ac,c169851f-18a3-51fb-a3fb-9af1d41a47ef,PO-0000068,162,2025-01-15T09:00:00+10:00,,
b29eeb5a-189c-5d69-b954-e412cbb39359,ac3f9ca3-6fd8-5ff6-b511-8984d5a49bae,c169851f-18a3-51fb-a3fb-9af1d41a47ef,PO-0000068,163,2025-08-22T09:00:00+10:00,,
d413c20e-7b1d-5a8e-a219-603831711c12,3167b658-ad3e-55c2-864b-9f6dc5cf3dcf,c169851f-18a3-51fb-a3fb-9af1d41a47ef,PO-0000069,164,2024-08-10T09:00:00+10:00,,
9d55c0fc-720f-5720-898a-6d5821d596b1,73a6e20b-fdf7-5c3d-a4fd-f94173898ae3,c169851f-18a3-51fb-a3fb-9af1d41a47ef,PO-0000069,165,2025-08-10T09:00:00+10:00,,
35081c20-a158-5561-ae59-1af11b3032c9,3b48f4fb-2796-5b7c-9f2e-d8d4b972a310,c169851f-18a3-51fb-a3fb-9af1d41a47ef,PO-0000070,166,2025-08-30T09:00:00+10:00,,
616698e1-36a7-5189-8d68-e378b4719a23,6ea98f6f-2b50-5e3b-824d-8120b0e4163a,c169851f-18a3-51fb-a3fb-9af1d41a47ef,PO-0000070,167,2024-11-01T09:00:00+10:00,,
a06db545-d8e8-58c8-9e2e-72b4e0b32962,6db46820-2f74-5def-b029-9d8e6ebba03c,c169851f-18a3-51fb-a3fb-9af1d41a47ef,PO-0000071,168,2026-03-18T09:00:00+10:00,,
1f14e9e2-42c1-5da5-b0d7-7bb6cdf01c5c,a52e64b5-c2ad-5f39-9ea8-fad292a6581d,c169851f-18a3-51fb-a3fb-9af1d41a47ef,PO-0000072,169,2026-02-23T09:00:00+10:00,,
8ce7455a-ecd4-5acc-8398-f341c3cac82b,1051b290-e3df-5e4b-91b6-4df2456bae4a,c169851f-18a3-51fb-a3fb-9af1d41a47ef,PO-0000072,170,2024-10-31T09:00:00+10:00,,
a4887995-d6d1-54ec-bf1d-40979e92e348,7cbfffa6-f459-5e3e-8b69-90ad43abe3eb,c169851f-18a3-51fb-a3fb-9af1d41a47ef,PO-0000072,171,2024-10-31T09:00:00+10:00,,
229573d9-533f-5094-9b4f-621324dec11c,6328348e-f21e-59e8-907c-dcfcc8ed8c3c,c169851f-18a3-51fb-a3fb-9af1d41a47ef,PO-0000072,172,2025-06-18T09:00:00+10:00,,
9cee83df-5231-5dab-8181-e74e86b1a261,f4534cb9-f16a-5f73-b4ce-66fa4d5c107a,c169851f-18a3-51fb-a3fb-9af1d41a47ef,PO-0000072,173,2024-11-01T09:00:00+10:00,,
a1a1f713-beb6-57d2-abec-0b2db2c869fd,8ef43d8d-27bc-5938-8c1b-b1e2ca89d36f,c169851f-18a3-51fb-a3fb-9af1d41a47ef,PO-0000072,174,2024-10-16T09:00:00+10:00,,
96fd3508-1ee8-5dac-8b35-22d1e637c090,38319365-d5c6-5f50-931e-707d4cfd5a62,c169851f-18a3-51fb-a3fb-9af1d41a47ef,PO-0000073,175,2024-12-06T09:00:00+10:00,,
0966980a-6ade-53c0-8569-054b2da43ba0,d6abc4da-f115-5b65-b1c6-24ec0beb36d9,c169851f-18a3-51fb-a3fb-9af1d41a47ef,PO-0000074,176,2025-05-16T09:00:00+10:00,,
9587e099-5dba-5372-abff-451edc719b60,7b1d57d2-9def-5ae8-b1ea-6014af93de99,c169851f-18a3-51fb-a3fb-9af1d41a47ef,PO-0000075,177,2024-10-14T09:00:00+10:00,,
30926709-090a-53ce-babc-a8a29bf5e4c5,aa9bc1aa-faaf-5950-9cea-b651777b1fc2,c169851f-18a3-51fb-a3fb-9af1d41a47ef,PO-0000076,178,2025-10-10T09:00:00+10:00,,
f7e38eb8-fe9f-51a0-b0e0-04de099583bb,65f37411-19b1-54e4-88ba-0fd64e01acd8,c169851f-18a3-51fb-a3fb-9af1d41a47ef,PO-0000076,179,2024-12-05T09:00:00+10:00,,
f9a67610-9395-525e-8825-d33da0cbffa3,4903bb3a-76ca-5dc7-9961-ff14c62c986e,c169851f-18a3-51fb-a3fb-9af1d41a47ef,PO-0000076,180,2025-06-15T09:00:00+10:00,,
6abdb7cc-721a-5645-ace2-b63e8053553c,cf639996-6d2e-5123-be62-fb7f7eab431e,c169851f-18a3-51fb-a3fb-9af1d41a47ef,PO-0000076,181,2025-03-17T09:00:00+10:00,,
ef0404d1-375e-54bf-a364-ff8686388ac5,2776f346-c05f-5822-af31-fd30273b4e53,c169851f-18a3-51fb-a3fb-9af1d41a47ef,PO-0000076,182,2024-09-04T09:00:00+10:00,,
03e12773-17da-5080-9037-8df32ebb534d,dde59706-7141-558f-944c-4019addff4bb,c169851f-18a3-51fb-a3fb-9af1d41a47ef,PO-0000076,183,2025-03-31T09:00:00+10:00,,
2004491c-6107-5b73-988b-48164a32738e,2269f77c-358a-5f22-b58e-8258c8d46bc7,c169851f-18a3-51fb-a3fb-9af1d41a47ef,PO-0000077,184,2024-07-31T09:00:00+10:00,,
f6cf0e36-9aad-51d0-a6a4-49ad343ff1b7,d8113daa-29fc-5dcc-9e23-5f69a82f1f4c,c169851f-18a3-51fb-a3fb-9af1d41a47ef,PO-0000078,185,2025-12-15T09:00:00+10:00,,
c00f909b-4be3-5a26-b1a8-4e0880e704d8,06198182-6bc2-563a-81a9-041e059cfa54,c169851f-18a3-51fb-a3fb-9af1d41a47ef,PO-0000078,186,2024-07-03T09:00:00+10:00,,
cbf04306-f68e-5e0a-bd9f-d546441f3fb0,29db1425-b742-5939-a46c-6586f1925402,c169851f-18a3-51fb-a3fb-9af1d41a47ef,PO-0000078,187,2026-01-14T09:00:00+10:00,,
a7495a15-0870-5c17-a5e0-90ab8a64e0d9,1bfc6b4c-bc10-5068-a0e3-c7a048fce5d8,c169851f-18a3-51fb-a3fb-9af1d41a47ef,PO-0000078,188,2025-03-18T09:00:00+10:00,,
7a6f0c14-b0ce-5f56-9831-eecdabda45fd,f808a450-df33-58af-b40d-9392767007aa,c169851f-18a3-51fb-a3fb-9af1d41a47ef,PO-0000078,189,2026-01-14T09:00:00+10:00,,
298973e5-8937-544c-bf41-6c3b08320822,1a3f0e75-ab4b-57b6-abd7-9c332f61126f,c169851f-18a3-51fb-a3fb-9af1d41a47ef,PO-0000079,190,2025-09-30T09:00:00+10:00,,
2081524b-a003-5aeb-910b-ec7e6ebdd631,b37b2dff-2f3f-5b80-b78e-137c5ae9abb2,c169851f-18a3-51fb-a3fb-9af1d41a47ef,PO-0000079,191,2026-03-24T09:00:00+10:00,,
805a632c-fc03-55a1-95f6-ad7e020de6ea,22e08307-9602-5ed6-a421-690a03941285,c169851f-18a3-51fb-a3fb-9af1d41a47ef,PO-0000079,192,2025-01-12T09:00:00+10:00,,
ecb8f3f6-3ac2-536a-9d6d-5b2d456c57c6,cf5d0a12-5eba-5058-986a-d59fd72b433f,c169851f-18a3-51fb-a3fb-9af1d41a47ef,PO-0000079,193,2026-02-15T09:00:00+10:00,,
e80d4bfd-d76b-5f68-bb1b-7da22c775531,641dd0bb-5030-5fbc-b75c-2a936dca980e,c169851f-18a3-51fb-a3fb-9af1d41a47ef,PO-0000080,194,2024-11-16T09:00:00+10:00,,
af53738f-6cd5-55d3-9bc3-114d61d8240c,2feb2d77-c6be-5724-80f9-adbd94f4d437,c169851f-18a3-51fb-a3fb-9af1d41a47ef,PO-0000080,195,2024-09-17T09:00:00+10:00,,
0064f39b-63b7-5473-9558-d0b5ee19da39,e54a72d2-87d1-5afa-9048-84f6dc969b79,c169851f-18a3-51fb-a3fb-9af1d41a47ef,PO-0000080,196,2025-02-20T09:00:00+10:00,,
a69ea8f9-97f1-5877-823a-ff73de892398,a0ce60fa-b026-5af8-9034-d5ba0875a608,c169851f-18a3-51fb-a3fb-9af1d41a47ef,PO-0000081,197,2024-07-04T09:00:00+10:00,,
354bfbfe-76c4-5fb6-9c16-840a3bd4b897,c3ad142a-bd1d-50c2-9e96-cafda40b8cc7,c169851f-18a3-51fb-a3fb-9af1d41a47ef,PO-0000081,198,2025-12-23T09:00:00+10:00,,
7b9c0091-39a9-5bb3-b74d-8855bf4d5e55,a504e0e2-c0c5-5168-bdee-c66bfdf4815b,c169851f-18a3-51fb-a3fb-9af1d41a47ef,PO-0000081,199,2025-07-19T09:00:00+10:00,,
5ea65eb1-74dd-575f-a93c-fe9175b2c651,9c79b061-deb5-5819-b110-7c5d6cdb4032,c169851f-18a3-51fb-a3fb-9af1d41a47ef,PO-0000081,200,2025-02-01T09:00:00+10:00,,
e20f2f18-0513-517e-9c72-c899ebcbb778,7efaa5e7-7691-524a-84d5-3274c68fc054,c169851f-18a3-51fb-a3fb-9af1d41a47ef,PO-0000081,201,2025-05-28T09:00:00+10:00,,
923cfb22-6f4e-5569-90ba-c8623f13653e,6934a247-3f8d-5b6c-b8de-b955f8a6ffa1,c169851f-18a3-51fb-a3fb-9af1d41a47ef,PO-0000082,202,2024-07-28T09:00:00+10:00,,
9f199251-7bd4-572b-b91d-4dea7c8b9c1a,72132dfe-323e-5b97-ba0f-fe23e5da7d10,c169851f-18a3-51fb-a3fb-9af1d41a47ef,PO-0000083,203,2025-08-08T09:00:00+10:00,,
73911084-e55b-55c5-8fc7-553ee7a6d90d,90addeaa-403e-5468-8111-bcc997aa1a63,c169851f-18a3-51fb-a3fb-9af1d41a47ef,PO-0000083,204,2025-03-10T09:00:00+10:00,,
5f10b22a-3873-55dd-871e-daabff9d79d1,a1e53b27-6b29-5395-87b1-32c1014079a3,c169851f-18a3-51fb-a3fb-9af1d41a47ef,PO-0000084,205,2024-09-03T09:00:00+10:00,,
7320d3c0-6eda-5c32-9a79-6c9952406ed2,0d273e17-8944-5975-82f4-80dfd65a1146,c169851f-18a3-51fb-a3fb-9af1d41a47ef,PO-0000084,206,2024-09-12T09:00:00+10:00,,
fa1af3cb-ca1d-5c0e-b8bd-def2efc8b6d3,236a8488-b9eb-5bf0-8e43-9d81790b67d1,c169851f-18a3-51fb-a3fb-9af1d41a47ef,PO-0000085,207,2026-02-23T09:00:00+10:00,,
01cf9d37-bbbe-50fa-b094-57591edef45e,7fc7e07c-cbe4-5b05-ad40-43fe3f5c9b29,c169851f-18a3-51fb-a3fb-9af1d41a47ef,PO-0000085,208,2025-09-06T09:00:00+10:00,,
cee283df-9989-5221-b19d-f50cd8751158,c20cab24-c05a-55b5-9b4f-636627430562,c169851f-18a3-51fb-a3fb-9af1d41a47ef,PO-0000085,209,2025-06-30T09:00:00+10:00,,
6fa0e5b8-dc12-544a-8d43-18f4e902242f,28b1dfd9-a760-577a-921d-bfc4439fe708,c169851f-18a3-51fb-a3fb-9af1d41a47ef,PO-0000085,210,2025-05-13T09:00:00+10:00,,
e78e0834-7b1d-5da8-be32-2417db031f14,cfbd845d-d3bc-53af-84f0-48a81d5bb358,c169851f-18a3-51fb-a3fb-9af1d41a47ef,PO-0000085,211,2026-01-27T09:00:00+10:00,,
8bf59644-0e4b-587b-961c-14f0146ffaca,4439d443-b2e1-5dd8-a38a-d29f9e1ba229,c169851f-18a3-51fb-a3fb-9af1d41a47ef,PO-0000086,212,2025-04-22T09:00:00+10:00,,
633f8178-ffca-5b11-bb02-a0f9fd9e6c32,87139e8e-8410-5937-9738-9545157df4dc,c169851f-18a3-51fb-a3fb-9af1d41a47ef,PO-0000086,213,2024-08-18T09:00:00+10:00,,
ab3792da-07b5-5cfc-95d8-412b9734143b,9abe715e-af8a-52d9-a1e0-8b79053e3da2,c169851f-18a3-51fb-a3fb-9af1d41a47ef,PO-0000087,214,2024-11-27T09:00:00+10:00,,
86646dbc-ecd2-55ec-bf4e-9a55ef0b718b,47a81703-8da9-5143-83e0-c9572da39831,c169851f-18a3-51fb-a3fb-9af1d41a47ef,PO-0000088,215,2024-10-10T09:00:00+10:00,,
71b32255-5f69-5384-bd6f-b2e13b4939e3,48814169-0bdf-5a4e-8a10-e56e76eee637,c169851f-18a3-51fb-a3fb-9af1d41a47ef,PO-0000088,216,2024-11-18T09:00:00+10:00,,
1cab223d-45ed-5f83-8bbd-984a6f9d4396,7d22936f-6d41-5078-b725-f9ad33453679,c169851f-18a3-51fb-a3fb-9af1d41a47ef,PO-0000089,217,2024-11-09T09:00:00+10:00,,
2a69703d-50e4-506c-9c28-04767dcaa096,fc70ffa1-40c9-568b-abf6-657f8e70da93,c169851f-18a3-51fb-a3fb-9af1d41a47ef,PO-0000090,218,2025-01-10T09:00:00+10:00,,
eccfbb57-5656-53fc-8751-5240155a4e56,45694d7d-1253-56e2-9504-8f5c348e0be7,c169851f-18a3-51fb-a3fb-9af1d41a47ef,PO-0000090,219,2026-02-03T09:00:00+10:00,,
b894c783-edae-5209-8031-936e897e16af,bc7d8145-21e4-5393-8c6d-cbecb9eaeb9f,c169851f-18a3-51fb-a3fb-9af1d41a47ef,PO-0000091,220,2026-03-31T09:00:00+10:00,,
7708542c-19ea-5f2f-99b8-400d2ee53577,02b82783-cdd4-596a-b15a-fb98b29a7812,c169851f-18a3-51fb-a3fb-9af1d41a47ef,PO-0000092,221,2025-09-09T09:00:00+10:00,,
754184cc-26bf-5083-8248-048a73f55b4f,ea69a9e1-8a1f-5ed8-bb8d-7b38ab9ddbe3,c169851f-18a3-51fb-a3fb-9af1d41a47ef,PO-0000092,222,2024-11-28T09:00:00+10:00,,
7363d883-9115-5637-aae8-25eed6c0add2,8e267c4d-53d0-5cd1-9562-aaa9a5d390db,c169851f-18a3-51fb-a3fb-9af1d41a47ef,PO-0000092,223,2024-08-16T09:00:00+10:00,,
fe7e4660-d6d5-5c08-8672-a2b5afe83805,c30f42dd-18d6-58a3-9ebf-f777aa9e9143,c169851f-18a3-51fb-a3fb-9af1d41a47ef,PO-0000092,224,2025-02-02T09:00:00+10:00,,
91b61c17-7c6d-5f31-b137-e4fec9bbce72,4bda4646-48cb-5f85-85cf-4842b63395bd,c169851f-18a3-51fb-a3fb-9af1d41a47ef,PO-0000093,225,2025-12-18T09:00:00+10:00,,
280ea212-6983-547e-a570-aeeba32cebca,83f86a5b-7c01-5480-9dad-403de265dc11,c169851f-18a3-51fb-a3fb-9af1d41a47ef,PO-0000094,226,2024-09-18T09:00:00+10:00,,
edc4b18e-d3ad-5daa-9791-37a5047fa4ab,fb856137-f680-538b-951b-be559e5af34b,c169851f-18a3-51fb-a3fb-9af1d41a47ef,PO-0000094,227,2024-12-21T09:00:00+10:00,,
c1349479-ee50-5a79-915b-78571c963df0,0aa69a85-defc-5f67-85a7-a0d8b7841d70,c169851f-18a3-51fb-a3fb-9af1d41a47ef,PO-0000095,228,2026-01-06T09:00:00+10:00,,
2088dba4-b49b-5ef0-8bf9-4ce2647c0ebc,2082e536-6068-5fe6-856a-20c451fd59e9,c169851f-18a3-51fb-a3fb-9af1d41a47ef,PO-0000095,229,2025-11-26T09:00:00+10:00,,
06be9abc-d1b8-5fd0-8932-c96dc8034be8,2d467a48-3bc0-5fc1-a2de-4dcd026bb5e0,c169851f-18a3-51fb-a3fb-9af1d41a47ef,PO-0000096,230,2025-07-22T09:00:00+10:00,,
3c5a2126-b24d-5547-8660-77e8edf53fcb,20ba59f3-1b38-53bc-bbf2-181166b52f9e,c169851f-18a3-51fb-a3fb-9af1d41a47ef,PO-0000097,231,2026-06-21T09:00:00+10:00,,
4fa4cb36-55ab-5f22-bd05-e55ec10033a4,5863a450-141c-52b2-8fc1-2c4f85ee9584,c169851f-18a3-51fb-a3fb-9af1d41a47ef,PO-0000097,232,2026-05-16T09:00:00+10:00,,
a982f1cc-edb6-5ec6-bf63-4dd893526bc0,69a65c3d-a7ff-5cf9-88d3-bbdbb227db1f,c169851f-18a3-51fb-a3fb-9af1d41a47ef,PO-0000098,233,2026-05-02T09:00:00+10:00,,
ef4e2622-2c51-5726-9cd9-f557c60445ad,67ef137e-c39a-5e4f-8c79-6e504a90a059,c169851f-18a3-51fb-a3fb-9af1d41a47ef,PO-0000098,234,2026-04-28T09:00:00+10:00,,
da2f1a70-796d-524b-84e5-ce359f85439e,f693e7f8-8b66-5437-a2ad-0af47c8511ba,c169851f-18a3-51fb-a3fb-9af1d41a47ef,PO-0000099,235,2026-06-21T09:00:00+10:00,,
e6167751-ac34-5d84-a52f-84e333532d4d,c23d9d48-d2e9-5905-875d-f7cbda995da5,c169851f-18a3-51fb-a3fb-9af1d41a47ef,PO-0000099,236,2026-06-13T09:00:00+10:00,,
1a2af1ce-655f-5c2a-a955-12880460654c,5db09946-3506-5ce9-a2a3-6a726b8c4b94,c169851f-18a3-51fb-a3fb-9af1d41a47ef,PO-0000099,237,2026-05-03T09:00:00+10:00,,
8e5e7625-89dd-55dc-bac6-ea6c0a58c420,a96bc6d9-901a-5312-a24e-4c8f21580b7f,c169851f-18a3-51fb-a3fb-9af1d41a47ef,PO-0000099,238,2026-06-16T09:00:00+10:00,,
69eb835c-a00b-5853-9ea4-d1e7cb13c0cd,34a36bf8-3ea7-5ede-a07b-642d7b72dafc,c169851f-18a3-51fb-a3fb-9af1d41a47ef,PO-0000100,239,2026-05-30T09:00:00+10:00,,
9f46fddc-c575-5898-9f44-172ec22ba1ec,cb0a58cb-6d7d-505e-ab03-fda7308eba39,c169851f-18a3-51fb-a3fb-9af1d41a47ef,PO-0000100,240,2026-05-23T09:00:00+10:00,,
98892c7d-1561-5588-8446-f4bca05b7bb0,84f967e7-b08d-56de-be1d-10dfdf0dc623,c169851f-18a3-51fb-a3fb-9af1d41a47ef,PO-0000101,241,2026-05-13T09:00:00+10:00,,
b6b2ef17-3a0f-586e-bbf6-4262c44cea64,1274e6f3-b6af-59f2-8b15-ec5273ce784b,c169851f-18a3-51fb-a3fb-9af1d41a47ef,PO-0000101,242,2026-06-10T09:00:00+10:00,,
c698e628-df6b-5f73-9c27-d659a5463267,4f870043-6859-5bae-a261-596bfefeae64,c169851f-18a3-51fb-a3fb-9af1d41a47ef,PO-0000102,243,2026-05-31T09:00:00+10:00,,
91128530-fabb-53f2-8303-7804ca526e4f,020bbbcf-ba14-5571-9371-84f63257bf60,c169851f-18a3-51fb-a3fb-9af1d41a47ef,PO-0000103,244,2026-06-14T09:00:00+10:00,,
4863c44f-eef5-58c3-b981-ec2badb17339,5096eb4b-57a6-5e02-9cb5-80fcce3dc454,c169851f-18a3-51fb-a3fb-9af1d41a47ef,PO-0000103,245,2026-05-17T09:00:00+10:00,,
f423e4a2-04f6-5d1c-9d11-648abe2fa1f6,28e402f4-13cf-5b10-9fc1-61be6b12e430,c169851f-18a3-51fb-a3fb-9af1d41a47ef,PO-0000103,246,2026-05-10T09:00:00+10:00,,
e4fd2180-ad4e-5a23-b507-ac11ff34f8ff,97b7ba0f-447c-5992-85e9-a76792aac805,c169851f-18a3-51fb-a3fb-9af1d41a47ef,PO-0000103,247,2026-05-13T09:00:00+10:00,,
a64e5e51-4199-5c48-a35a-e54d77181c61,57091412-8265-5e6e-a668-f35f422b049f,c169851f-18a3-51fb-a3fb-9af1d41a47ef,PO-0000103,248,2026-06-05T09:00:00+10:00,,
d5eb497d-1ac2-5186-acec-f101352ea9eb,f562b0e3-e479-5200-845b-f38069e7f712,c169851f-18a3-51fb-a3fb-9af1d41a47ef,PO-0000103,249,2026-05-09T09:00:00+10:00,,
47c90103-45f7-5c56-a4ea-2865c53fbc7d,6245ccde-23ea-5459-93da-2823b8af6b90,c169851f-18a3-51fb-a3fb-9af1d41a47ef,PO-0000104,250,2026-04-30T09:00:00+10:00,,
3fe624dd-e6f7-5059-a623-165ad5b55d71,48ed627a-0055-5133-b9bc-111f2f7c28f3,c169851f-18a3-51fb-a3fb-9af1d41a47ef,PO-0000104,251,2026-06-05T09:00:00+10:00,,
52949d57-74f1-57bf-b903-702c94e86a11,dd4499bf-56bf-5b8d-88bf-c7cc009b76b7,c169851f-18a3-51fb-a3fb-9af1d41a47ef,PO-0000105,252,2026-06-15T09:00:00+10:00,,
b1491c82-d19b-54db-8878-2a716a5b4e15,34a94756-0101-53d3-ae7f-b13beb47b1c9,c169851f-18a3-51fb-a3fb-9af1d41a47ef,PO-0000105,253,2026-06-28T09:00:00+10:00,,
a7156ac8-481e-59c2-b64a-8993bbb77507,2164ee6f-8623-5da5-8c46-291823ffa56e,c169851f-18a3-51fb-a3fb-9af1d41a47ef,PO-0000105,254,2026-06-23T09:00:00+10:00,,
52a85976-aa30-50a5-9b66-8f09ff3eefea,e352c6c8-f604-5992-8022-9093ab1ff4df,c169851f-18a3-51fb-a3fb-9af1d41a47ef,PO-0000105,255,2026-05-12T09:00:00+10:00,,
3d7a6192-5ca5-5015-80b2-ff9510062a99,cdc0784f-19e1-507f-b963-e356d5f52824,c169851f-18a3-51fb-a3fb-9af1d41a47ef,PO-0000105,256,2026-06-11T09:00:00+10:00,,
dd2a2cd5-9908-5d54-88a7-135d29e7f0ca,2c383d3a-d0b1-5dee-910d-a3b56916e241,c169851f-18a3-51fb-a3fb-9af1d41a47ef,PO-0000105,257,2026-05-06T09:00:00+10:00,,
0ee3fabe-8b40-5b61-a8c6-39eb597a6da1,c1c8f959-e8b1-5e8c-a79d-f8566f1057cd,c169851f-18a3-51fb-a3fb-9af1d41a47ef,PO-0000106,258,2026-05-10T09:00:00+10:00,,
a740a5d4-f398-5128-8c1e-49b5e96bccce,fba26f22-480f-545e-839a-f909ba148543,c169851f-18a3-51fb-a3fb-9af1d41a47ef,PO-0000106,259,2026-05-11T09:00:00+10:00,,
24d80c3e-1b9c-5611-b072-ed6d80fd9a66,6ab7ad2f-5c4d-569c-8389-8a4e4242e8a5,c169851f-18a3-51fb-a3fb-9af1d41a47ef,PO-0000106,260,2026-06-07T09:00:00+10:00,,
