id,po_line_id,source_load_id,product_id,site_id,amendment_version,ordered_quantity,order_uom,base_quantity,need_date,requested_date,line_status,effective_at,line_value_aud,scenario_ids
08d9cd03-92ba-5a81-9bd5-1223aa42fc90,bc1b72de-5c04-5c9e-a521-5dafe99d39ad,52daff6b-2e12-5836-9c79-9713f4d30b59,fadf08a0-1d4f-563b-bd91-b87b31f373eb,83d1dcfc-cfa9-52c8-a5a3-cbb9679d5d59,1,181.0000,EA,181.0000,2025-12-05,2025-12-05,closed,2025-11-13T09:00:00+10:00,23309.18,
dfc85d61-9f85-5426-af85-49ac2fd2f73d,3c7415da-2e3d-5d66-8de4-9ae45c8a5ef0,52daff6b-2e12-5836-9c79-9713f4d30b59,b94cba32-e7de-5d7c-afea-23fba919ed21,cd80660b-3e07-58ef-88fb-4dfd4c14f755,1,46.0000,PALLET,5520.0000,2024-12-06,2024-12-02,closed,2024-11-15T09:00:00+10:00,463017.60,
037c315e-1915-5e4e-b838-8ae275c5f299,c1ebeff0-1d0a-5b64-9b59-2f1d15ff8f42,52daff6b-2e12-5836-9c79-9713f4d30b59,9b4cace9-899f-537b-b7be-bed7f160dcf2,cd80660b-3e07-58ef-88fb-4dfd4c14f755,1,19.0000,PALLET,9120.0000,2025-04-17,2025-04-12,closed,2025-02-15T09:00:00+10:00,2951232.00,demand_shock
6bd5ede3-befc-533b-8f92-e42037ef3c8f,5f1ef0f1-e915-5eea-80fc-279e37c35736,52daff6b-2e12-5836-9c79-9713f4d30b59,258787f4-7c2c-53a6-b106-204498b26f2f,83d1dcfc-cfa9-52c8-a5a3-cbb9679d5d59,1,131.0000,EA,131.0000,2025-02-08,2025-02-03,closed,2024-12-22T09:00:00+10:00,18713.35,
b2324bc3-db9d-5db6-adf2-f4e6054a832e,9bb31f47-5933-5c0b-96a9-a7cab9768925,52daff6b-2e12-5836-9c79-9713f4d30b59,3d05cb9b-d5a0-53d8-84f5-a6128827eb81,83d1dcfc-cfa9-52c8-a5a3-cbb9679d5d59,1,4.0000,CASE,24.0000,2025-07-25,2025-07-23,closed,2025-06-07T09:00:00+10:00,10566.24,
77da1e17-8790-5d62-b35a-73db84365ddc,169c8472-68ac-5f94-a83e-4407991dbbed,52daff6b-2e12-5836-9c79-9713f4d30b59,e7ae4d79-bd0e-5dd7-b736-930307e54235,83d1dcfc-cfa9-52c8-a5a3-cbb9679d5d59,1,200.0000,CASE,4800.0000,2024-09-30,2024-09-29,closed,2024-08-17T09:00:00+10:00,1993008.00,
03524d2c-4921-598a-b5d8-0d1d8c9f0fe1,a6f46d12-2805-52d3-813c-4a7419e40b54,52daff6b-2e12-5836-9c79-9713f4d30b59,fe8d9660-d333-56ab-a5ca-bb18ef310089,83d1dcfc-cfa9-52c8-a5a3-cbb9679d5d59,1,117.0000,EA,117.0000,2024-11-12,2024-11-12,closed,2024-10-21T09:00:00+10:00,10331.10,
926b3a0e-80bd-596f-8083-18b7d90f85b4,6b9730b6-21eb-505f-a45d-9c57d3c86fc7,52daff6b-2e12-5836-9c79-9713f4d30b59,156f1b61-81f0-5bee-8acc-b26bfd4d94be,cd80660b-3e07-58ef-88fb-4dfd4c14f755,1,7.0000,CASE,168.0000,2026-03-11,2026-03-08,closed,2026-01-24T09:00:00+10:00,36870.96,split_schedule
afe27775-a097-5a69-826b-de49b31566f6,79420c16-afb5-56df-a2b4-d93e71e71f5d,52daff6b-2e12-5836-9c79-9713f4d30b59,809cf264-7def-5354-9470-0a2384ba5a22,83d1dcfc-cfa9-52c8-a5a3-cbb9679d5d59,1,117.0000,CASE,5616.0000,2025-11-15,2025-11-12,closed,2025-11-03T09:00:00+10:00,906085.44,
f2cb4fe9-01b6-536b-8745-ef2bd191f4f3,a0a10f6d-12c8-5674-9741-c3731075b0f2,52daff6b-2e12-5836-9c79-9713f4d30b59,23303b4e-f08b-5648-a6a2-f350ebc5143c,83d1dcfc-cfa9-52c8-a5a3-cbb9679d5d59,1,202.0000,PALLET,96960.0000,2025-05-31,2025-05-31,closed,2025-03-20T09:00:00+10:00,44310720.00,split_schedule
09b5a6d2-33e9-5176-8289-28f55fa9b67b,3db4fcb7-69b2-5566-942b-e7d4c58dee1e,52daff6b-2e12-5836-9c79-9713f4d30b59,809cf264-7def-5354-9470-0a2384ba5a22,83d1dcfc-cfa9-52c8-a5a3-cbb9679d5d59,1,43.0000,EA,43.0000,2024-11-10,2024-11-06,closed,2024-10-12T09:00:00+10:00,17815.76,missing_supplier_signal;split_schedule
eee13c03-97f0-5dc8-9a2b-f3f701291e23,34441233-560b-5b65-a286-5108f76a33ef,52daff6b-2e12-5836-9c79-9713f4d30b59,e7ae4d79-bd0e-5dd7-b736-930307e54235,cd80660b-3e07-58ef-88fb-4dfd4c14f755,1,127.0000,PALLET,15240.0000,2025-10-01,2025-09-26,closed,2025-08-17T09:00:00+10:00,3417570.00,
8e8855e1-a879-5eea-af91-92e61a607345,25187d66-acb0-5687-9e42-b33e6a037e1c,52daff6b-2e12-5836-9c79-9713f4d30b59,845990f3-480b-5068-96a7-56555c9bfded,83d1dcfc-cfa9-52c8-a5a3-cbb9679d5d59,1,66.0000,EA,66.0000,2025-05-02,2025-05-02,closed,2025-03-16T09:00:00+10:00,23430.00,
9955592c-bb85-536e-96ee-40047d9f2530,08744c8d-0e61-5f54-b4a6-d04b0ab974a6,52daff6b-2e12-5836-9c79-9713f4d30b59,258787f4-7c2c-53a6-b106-204498b26f2f,83d1dcfc-cfa9-52c8-a5a3-cbb9679d5d59,1,113.0000,PALLET,27120.0000,2025-06-16,2025-06-13,closed,2025-05-26T09:00:00+10:00,12314378.40,demand_shock
d2009cc3-5bec-506d-8c95-3add61b90b23,c5ca62a4-2f0f-5b33-806a-6be8fce15bf5,52daff6b-2e12-5836-9c79-9713f4d30b59,83051d14-4fa3-53bd-ac60-523a406fc21f,cd80660b-3e07-58ef-88fb-4dfd4c14f755,1,20.0000,PALLET,9600.0000,2025-07-16,2025-07-11,closed,2025-05-25T09:00:00+10:00,2545344.00,
78cd5837-40f8-5656-a995-1ac43c91dc42,e05643b4-50bf-5570-ae8b-26fb0498c7ed,52daff6b-2e12-5836-9c79-9713f4d30b59,d4b300ac-9c19-5617-8775-15b2fd6ecff3,cd80660b-3e07-58ef-88fb-4dfd4c14f755,1,54.0000,PALLET,25920.0000,2024-11-26,2024-11-23,closed,2024-10-09T09:00:00+10:00,4290796.80,missing_inventory_signal
dff82dca-1e95-5f0b-9c2e-99cb393dbf2f,3b61bbac-32ae-53ef-a93b-14c36ce3f69e,52daff6b-2e12-5836-9c79-9713f4d30b59,f8133fbe-749f-5b84-a762-a62025fd96d1,cd80660b-3e07-58ef-88fb-4dfd4c14f755,1,202.0000,EA,202.0000,2025-04-25,2025-04-21,closed,2025-03-18T09:00:00+10:00,11651.36,missing_inventory_signal
347acd8d-0a85-5b41-9e6d-b6398fd92db7,fbc77c24-ce2c-5380-80fc-2c89e3eabce8,52daff6b-2e12-5836-9c79-9713f4d30b59,258787f4-7c2c-53a6-b106-204498b26f2f,cd80660b-3e07-58ef-88fb-4dfd4c14f755,1,123.0000,PALLET,29520.0000,2025-07-19,2025-07-14,closed,2025-05-06T09:00:00+10:00,5815144.80,
ec12d671-1e3a-55e7-a7ae-133691b21221,b0ee4c5a-a8c3-5b7a-b085-850298a7b7e1,52daff6b-2e12-5836-9c79-9713f4d30b59,c3f298ca-9a69-574b-b887-cd9160b10d7e,83d1dcfc-cfa9-52c8-a5a3-cbb9679d5d59,1,149.0000,EA,149.0000,2024-09-30,2024-09-29,closed,2024-09-04T09:00:00+10:00,40307.48,
7397f3b7-e49f-5c5e-8491-e3ff5c18ce88,ec607270-f5c5-5f93-82ba-c63e80a5f2b4,52daff6b-2e12-5836-9c79-9713f4d30b59,b57530b6-83a1-5572-a798-20246dda47c5,83d1dcfc-cfa9-52c8-a5a3-cbb9679d5d59,1,71.0000,EA,71.0000,2025-06-10,2025-06-05,closed,2025-03-26T09:00:00+10:00,20663.84,
6ef7fa41-82af-5def-9808-d98d1085b4bd,f66a333a-1041-5291-a7dd-abd95a50b8b1,52daff6b-2e12-5836-9c79-9713f4d30b59,3d05cb9b-d5a0-53d8-84f5-a6128827eb81,cd80660b-3e07-58ef-88fb-4dfd4c14f755,1,101.0000,PALLET,24240.0000,2025-01-28,2025-01-28,closed,2024-12-15T09:00:00+10:00,6497532.00,
3f2e13d6-1159-5467-9c00-f7b11151a49a,b718bd51-ed12-52f8-956f-2efc43f07066,52daff6b-2e12-5836-9c79-9713f4d30b59,ce149183-f698-5b38-9d6f-47394dafce45,cd80660b-3e07-58ef-88fb-4dfd4c14f755,1,201.0000,PALLET,24120.0000,2025-09-15,2025-09-13,closed,2025-08-13T09:00:00+10:00,2261491.20,
305f4b96-1656-5976-b2de-81128e1b0caa,fd8fdabe-4ad7-5d84-b597-bf2fff4848fb,52daff6b-2e12-5836-9c79-9713f4d30b59,258787f4-7c2c-53a6-b106-204498b26f2f,83d1dcfc-cfa9-52c8-a5a3-cbb9679d5d59,1,186.0000,EA,186.0000,2026-01-12,2026-01-08,closed,2025-11-05T09:00:00+10:00,42744.66,
7baa1e85-62d2-5f98-b9e3-91dc2cfc759e,d22827f7-a7bf-5bd2-bf0b-a5a1083a39fa,52daff6b-2e12-5836-9c79-9713f4d30b59,23303b4e-f08b-5648-a6a2-f350ebc5143c,83d1dcfc-cfa9-52c8-a5a3-cbb9679d5d59,1,54.0000,EA,54.0000,2025-03-11,2025-03-09,closed,2025-02-02T09:00:00+10:00,22720.50,supplier_deterioration
8fe3b510-ea9a-5336-aef0-b96c00465678,80d83a2c-f968-5bd4-8921-b6de7fbf49c4,52daff6b-2e12-5836-9c79-9713f4d30b59,258787f4-7c2c-53a6-b106-204498b26f2f,83d1dcfc-cfa9-52c8-a5a3-cbb9679d5d59,1,66.0000,EA,66.0000,2024-11-15,2024-11-10,closed,2024-10-04T09:00:00+10:00,7522.68,demand_shock;split_schedule
93905e54-2f61-51eb-b95c-ebeb33369893,06cfe717-1ad3-594f-a89d-87ce247576d3,52daff6b-2e12-5836-9c79-9713f4d30b59,156f1b61-81f0-5bee-8acc-b26bfd4d94be,cd80660b-3e07-58ef-88fb-4dfd4c14f755,1,52.0000,PALLET,6240.0000,2026-03-30,2026-03-26,closed,2026-01-11T09:00:00+10:00,993220.80,split_schedule
a93933ea-5fad-50af-8be3-24d25a26ce3f,47145abc-775b-5315-91bd-88821a91f93f,52daff6b-2e12-5836-9c79-9713f4d30b59,9b4cace9-899f-537b-b7be-bed7f160dcf2,83d1dcfc-cfa9-52c8-a5a3-cbb9679d5d59,1,78.0000,EA,78.0000,2026-03-28,2026-03-28,closed,2026-02-07T09:00:00+10:00,15264.60,
6f5ea1cb-e533-5718-ae63-3476bbed674c,98b839a9-1729-5594-9052-7c1aeab0e49f,52daff6b-2e12-5836-9c79-9713f4d30b59,2bc50dec-b057-52d9-bb68-4422b67e6c08,cd80660b-3e07-58ef-88fb-4dfd4c14f755,1,35.0000,CASE,840.0000,2025-04-07,2025-04-05,closed,2025-03-30T09:00:00+10:00,195913.20,
2dbe4432-6de7-53e5-a207-7f0dcfc9d44e,1bf76ce1-1bb3-5c61-ad18-3158ab3ad95f,52daff6b-2e12-5836-9c79-9713f4d30b59,3d05cb9b-d5a0-53d8-84f5-a6128827eb81,cd80660b-3e07-58ef-88fb-4dfd4c14f755,1,13.0000,CASE,78.0000,2026-03-30,2026-03-30,closed,2026-03-23T09:00:00+10:00,19071.78,
2307665b-5385-54d9-b3d7-ad234e666169,195f6276-08bb-5bce-b97e-105457612217,52daff6b-2e12-5836-9c79-9713f4d30b59,bba8ffc9-9e7c-5b77-a53d-ae09beffb73b,83d1dcfc-cfa9-52c8-a5a3-cbb9679d5d59,1,51.0000,PALLET,12240.0000,2025-08-13,2025-08-10,closed,2025-07-24T09:00:00+10:00,2969301.60,missing_inventory_signal
48a200e1-5ed4-516a-9d85-ee45050b812c,c462ad18-3ac3-55ba-9e84-884e1028f93a,52daff6b-2e12-5836-9c79-9713f4d30b59,26f9d7d6-f6e5-5f66-b038-c4074cf38cff,83d1dcfc-cfa9-52c8-a5a3-cbb9679d5d59,1,35.0000,EA,35.0000,2025-08-22,2025-08-19,closed,2025-07-02T09:00:00+10:00,9444.75,
f808d666-8b19-59b7-b77f-370b687745dc,0011c8b0-49e0-54b0-b611-a326d9a531f5,52daff6b-2e12-5836-9c79-9713f4d30b59,c893506d-df7e-55aa-9afa-b952b5e81a69,83d1dcfc-cfa9-52c8-a5a3-cbb9679d5d59,1,158.0000,PALLET,18960.0000,2024-10-24,2024-10-20,closed,2024-10-15T09:00:00+10:00,3946524.00,demand_shock
af835553-77ca-5e28-907e-1810af120081,d17b1755-7202-55ed-9061-0f3d2c004bb4,52daff6b-2e12-5836-9c79-9713f4d30b59,9de01ee7-8a99-53e4-9894-1eb2457782be,cd80660b-3e07-58ef-88fb-4dfd4c14f755,1,62.0000,PALLET,29760.0000,2025-12-25,2025-12-25,closed,2025-11-15T09:00:00+10:00,4384243.20,
1e988cd2-f89e-5fa6-a324-8294c5008f92,fd59b3a2-4e5c-5d79-a6eb-5df370c7cab3,52daff6b-2e12-5836-9c79-9713f4d30b59,802e4010-8aa6-5fb1-bc87-5f2947921061,cd80660b-3e07-58ef-88fb-4dfd4c14f755,1,152.0000,EA,152.0000,2026-03-16,2026-03-11,closed,2026-02-07T09:00:00+10:00,72276.00,
cc8e4bf0-08b0-5e66-a739-a14c811b73a7,ac5d1971-a942-5f45-8a71-1e4c34dcc0e0,52daff6b-2e12-5836-9c79-9713f4d30b59,1d765b5d-108b-588d-90bf-0a5f7c702f58,cd80660b-3e07-58ef-88fb-4dfd4c14f755,1,90.0000,CASE,1080.0000,2025-09-02,2025-08-28,closed,2025-08-09T09:00:00+10:00,297162.00,
049d032c-1224-5e8d-a79e-5fc4108daac9,2f5b3101-e6ae-565e-952d-dd4a1f9d3dd5,52daff6b-2e12-5836-9c79-9713f4d30b59,a7d6c9e4-45c8-576f-87b5-1b26791e19d6,83d1dcfc-cfa9-52c8-a5a3-cbb9679d5d59,1,91.0000,CASE,1092.0000,2026-02-08,2026-02-08,closed,2025-12-19T09:00:00+10:00,74594.52,
89822faa-949c-5117-8d2c-61127c0f1e81,be4699fb-24f2-5244-98aa-bca3fe216696,52daff6b-2e12-5836-9c79-9713f4d30b59,733a52f6-ddae-5ec5-a1d3-e06d5ca3460e,83d1dcfc-cfa9-52c8-a5a3-cbb9679d5d59,1,59.0000,PALLET,7080.0000,2024-12-15,2024-12-10,closed,2024-11-07T09:00:00+10:00,350672.40,split_schedule
3b72a7c2-faec-5830-9b7f-bb93a0b27d1d,fb3447b6-0c01-5b9e-8ef2-3bbc0617c190,52daff6b-2e12-5836-9c79-9713f4d30b59,ce149183-f698-5b38-9d6f-47394dafce45,cd80660b-3e07-58ef-88fb-4dfd4c14f755,1,129.0000,PALLET,15480.0000,2026-05-18,2026-05-17,closed,2026-03-11T09:00:00+10:00,4174027.20,split_schedule
012c46d2-fbd0-55f4-a4e5-fcc9537ba92c,a00c208a-f092-5a8d-ba9d-bc4b9abf710d,52daff6b-2e12-5836-9c79-9713f4d30b59,d4b300ac-9c19-5617-8775-15b2fd6ecff3,cd80660b-3e07-58ef-88fb-4dfd4c14f755,1,97.0000,PALLET,46560.0000,2025-04-22,2025-04-17,closed,2025-04-14T09:00:00+10:00,6450888.00,
21ed2ff8-6b65-5645-9aa0-2dd60704216d,e4580ee9-c958-5e49-8a90-a7245ac1bdc9,52daff6b-2e12-5836-9c79-9713f4d30b59,3260e462-15f7-59e3-a229-c6e4260bb97a,83d1dcfc-cfa9-52c8-a5a3-cbb9679d5d59,1,177.0000,CASE,2124.0000,2026-04-06,2026-04-06,closed,2026-03-05T09:00:00+10:00,115163.28,
f85cde3d-0843-57c3-b2b4-0841db9cd48e,e8c1edd8-91d7-5faa-b016-b04e73ca09ff,52daff6b-2e12-5836-9c79-9713f4d30b59,845990f3-480b-5068-96a7-56555c9bfded,83d1dcfc-cfa9-52c8-a5a3-cbb9679d5d59,1,81.0000,CASE,486.0000,2025-02-24,2025-02-24,closed,2025-01-21T09:00:00+10:00,53056.62,
8b46fccf-6733-5cc6-8dea-c91b29fff09d,ce11f1e1-7d3d-51fc-9a8f-e4e3942c531c,52daff6b-2e12-5836-9c79-9713f4d30b59,ce149183-f698-5b38-9d6f-47394dafce45,83d1dcfc-cfa9-52c8-a5a3-cbb9679d5d59,1,113.0000,EA,113.0000,2026-01-20,2026-01-17,closed,2025-11-17T09:00:00+10:00,33965.54,
18b5cd1c-22e0-570e-b67e-7e13195950f5,8d48c95d-aa17-551b-9dab-c5013cba4766,52daff6b-2e12-5836-9c79-9713f4d30b59,9b4cace9-899f-537b-b7be-bed7f160dcf2,cd80660b-3e07-58ef-88fb-4dfd4c14f755,1,213.0000,CASE,1278.0000,2024-11-17,2024-11-13,closed,2024-10-20T09:00:00+10:00,599969.88,
633cce36-f442-5452-85e8-4ad9da1448a7,48371b30-3edd-53dc-9c05-07084ba3c371,52daff6b-2e12-5836-9c79-9713f4d30b59,ce149183-f698-5b38-9d6f-47394dafce45,cd80660b-3e07-58ef-88fb-4dfd4c14f755,1,88.0000,PALLET,10560.0000,2026-04-12,2026-04-08,closed,2026-03-22T09:00:00+10:00,2278320.00,
9a62e17d-3d52-573b-a358-ba6b9e4f0c70,1da9178b-18a7-5908-8654-cdfdbdef1e0b,52daff6b-2e12-5836-9c79-9713f4d30b59,fe8d9660-d333-56ab-a5ca-bb18ef310089,cd80660b-3e07-58ef-88fb-4dfd4c14f755,1,120.0000,EA,120.0000,2025-04-17,2025-04-16,closed,2025-03-24T09:00:00+10:00,10786.80,
69603d17-f9b9-5e24-bf41-43097a019d23,5d1de95a-e527-55df-8506-5944f16a4d1a,52daff6b-2e12-5836-9c79-9713f4d30b59,1f4d4772-a022-5cfc-a96e-04c7ad0d1a55,cd80660b-3e07-58ef-88fb-4dfd4c14f755,1,147.0000,PALLET,35280.0000,2025-03-22,2025-03-22,closed,2025-01-19T09:00:00+10:00,7114564.80,
57b63b0e-5eff-55f1-92ab-7d7425a335b4,268047c5-7bb6-5a2c-8413-c4bf1828da77,52daff6b-2e12-5836-9c79-9713f4d30b59,943fffff-3f21-52fd-a307-b259a6fef658,cd80660b-3e07-58ef-88fb-4dfd4c14f755,1,117.0000,EA,117.0000,2025-04-14,2025-04-12,closed,2025-02-11T09:00:00+10:00,6674.85,
c60d3948-739f-5539-8e29-fc41ba563b74,aa536455-e8a9-50ac-addd-12bc7d8439df,52daff6b-2e12-5836-9c79-9713f4d30b59,fb68c10a-55c0-5d65-85fe-0d8330c7d0e5,83d1dcfc-cfa9-52c8-a5a3-cbb9679d5d59,1,149.0000,EA,149.0000,2026-03-11,2026-03-11,closed,2026-01-11T09:00:00+10:00,43816.43,split_schedule
b7a117e7-9555-50bf-b3c4-1fbb3b7307b7,40e2419c-574f-5c46-8acf-f4d6780f7cd3,52daff6b-2e12-5836-9c79-9713f4d30b59,e6a7fc53-496a-5ae2-a882-4d4bf1223c4c,cd80660b-3e07-58ef-88fb-4dfd4c14f755,1,22.0000,PALLET,2640.0000,2026-05-07,2026-05-05,closed,2026-02-26T09:00:00+10:00,65128.80,
67feeba1-e94f-5e7e-b029-e3b3df35767a,672a6653-9c5d-540d-bc1e-d6aa60560389,52daff6b-2e12-5836-9c79-9713f4d30b59,fe8d9660-d333-56ab-a5ca-bb18ef310089,cd80660b-3e07-58ef-88fb-4dfd4c14f755,1,122.0000,EA,122.0000,2024-08-20,2024-08-20,closed,2024-08-06T09:00:00+10:00,57105.76,missing_supplier_signal
6020bda1-2736-5679-8a71-b50218704959,98c09698-fcb6-5a1d-bb96-2c45722b59cc,52daff6b-2e12-5836-9c79-9713f4d30b59,fe8d9660-d333-56ab-a5ca-bb18ef310089,83d1dcfc-cfa9-52c8-a5a3-cbb9679d5d59,1,109.0000,CASE,654.0000,2024-08-31,2024-08-30,closed,2024-08-15T09:00:00+10:00,17435.64,demand_shock
4924edb3-5ee3-50dc-b98f-ca371b7ba310,17cbb4fb-943b-5ea5-80a5-bb5ae59cca9e,52daff6b-2e12-5836-9c79-9713f4d30b59,845990f3-480b-5068-96a7-56555c9bfded,cd80660b-3e07-58ef-88fb-4dfd4c14f755,1,14.0000,PALLET,1680.0000,2025-12-12,2025-12-10,closed,2025-10-09T09:00:00+10:00,243230.40,
ac9ae04f-d3c1-52dc-b8b0-61568d48884d,19348610-5606-568b-86e0-9fcac79abd51,52daff6b-2e12-5836-9c79-9713f4d30b59,fe8d9660-d333-56ab-a5ca-bb18ef310089,83d1dcfc-cfa9-52c8-a5a3-cbb9679d5d59,1,207.0000,CASE,1242.0000,2024-10-27,2024-10-26,closed,2024-08-22T09:00:00+10:00,30404.16,
cdb56177-35ac-5a94-98b0-71eb8a556ac8,5c25d575-9588-525c-b788-cb817421c9a7,52daff6b-2e12-5836-9c79-9713f4d30b59,381d75e6-fb26-5f96-9820-6bdce61f0879,cd80660b-3e07-58ef-88fb-4dfd4c14f755,1,185.0000,EA,185.0000,2025-12-21,2025-12-20,closed,2025-10-30T09:00:00+10:00,65421.55,split_schedule
c3bdc78e-f4d5-5d7a-b3fd-c574b687590c,39c700e7-e8e3-5dfb-931c-5cacc743cbd9,52daff6b-2e12-5836-9c79-9713f4d30b59,809cf264-7def-5354-9470-0a2384ba5a22,cd80660b-3e07-58ef-88fb-4dfd4c14f755,1,121.0000,PALLET,14520.0000,2025-09-18,2025-09-17,closed,2025-08-29T09:00:00+10:00,901692.00,
252e8fd7-4676-5f4b-a875-eac437b25d2a,aede0822-2f3d-58fa-bcde-67c948375d9a,52daff6b-2e12-5836-9c79-9713f4d30b59,e7ae4d79-bd0e-5dd7-b736-930307e54235,83d1dcfc-cfa9-52c8-a5a3-cbb9679d5d59,1,75.0000,EA,75.0000,2025-10-27,2025-10-23,closed,2025-10-13T09:00:00+10:00,21526.50,
c02c0fb1-07b0-5542-94d4-b63861986134,9ce6418b-2170-565b-937f-4a40f24ad836,52daff6b-2e12-5836-9c79-9713f4d30b59,156f1b61-81f0-5bee-8acc-b26bfd4d94be,83d1dcfc-cfa9-52c8-a5a3-cbb9679d5d59,1,181.0000,EA,181.0000,2025-02-23,2025-02-22,closed,2025-01-12T09:00:00+10:00,66515.69,missing_supplier_signal
dfa2b02e-17ef-58b0-80ec-68540292fc4e,9c527f33-028f-5d47-bae6-724120323b24,52daff6b-2e12-5836-9c79-9713f4d30b59,845990f3-480b-5068-96a7-56555c9bfded,83d1dcfc-cfa9-52c8-a5a3-cbb9679d5d59,1,107.0000,PALLET,12840.0000,2025-11-29,2025-11-26,closed,2025-10-04T09:00:00+10:00,277600.80,demand_shock;missing_supplier_signal
b87f9c18-d562-5a5c-959a-98e3c8de209f,9c527f33-028f-5d47-bae6-724120323b24,52daff6b-2e12-5836-9c79-9713f4d30b59,845990f3-480b-5068-96a7-56555c9bfded,83d1dcfc-cfa9-52c8-a5a3-cbb9679d5d59,2,107.0000,PALLET,12960.0000,2025-11-30,2025-11-26,closed,2025-10-05T09:00:00+10:00,277600.80,demand_shock;missing_supplier_signal
6e46d597-3c8b-584a-9a8b-988e420327cb,892f7ae3-ffbb-56a8-8b27-eb482fe89442,52daff6b-2e12-5836-9c79-9713f4d30b59,23303b4e-f08b-5648-a6a2-f350ebc5143c,cd80660b-3e07-58ef-88fb-4dfd4c14f755,1,40.0000,PALLET,19200.0000,2026-02-16,2026-02-14,closed,2025-12-08T09:00:00+10:00,7800768.00,supplier_deterioration
bb9225ee-5923-5f3f-932e-9dced29e2a01,8e6266e1-0d57-5a73-91cd-49f77a77c869,52daff6b-2e12-5836-9c79-9713f4d30b59,83051d14-4fa3-53bd-ac60-523a406fc21f,83d1dcfc-cfa9-52c8-a5a3-cbb9679d5d59,1,157.0000,PALLET,75360.0000,2025-03-28,2025-03-28,closed,2025-02-19T09:00:00+10:00,32860728.00,supplier_deterioration
3073e994-2568-59a2-bcfd-f202e9175fe2,aa298ba8-ff19-58fb-936b-99006e553db4,52daff6b-2e12-5836-9c79-9713f4d30b59,0ddb5f45-3bf7-5460-a1dc-4b0097c4c8d6,cd80660b-3e07-58ef-88fb-4dfd4c14f755,1,194.0000,EA,194.0000,2024-10-18,2024-10-14,closed,2024-09-25T09:00:00+10:00,72049.66,
13624d89-a9e6-5a47-989e-121e2eb7f6f8,bf27940f-7320-5d0f-be59-ce3a9a08920c,52daff6b-2e12-5836-9c79-9713f4d30b59,802e4010-8aa6-5fb1-bc87-5f2947921061,cd80660b-3e07-58ef-88fb-4dfd4c14f755,1,153.0000,EA,153.0000,2024-08-28,2024-08-24,closed,2024-07-31T09:00:00+10:00,42896.61,
6da72e6c-5f2a-5904-b82f-528736309c89,58e65b23-7b42-562c-9d22-f9a1eef929e9,52daff6b-2e12-5836-9c79-9713f4d30b59,e7ae4d79-bd0e-5dd7-b736-930307e54235,83d1dcfc-cfa9-52c8-a5a3-cbb9679d5d59,1,137.0000,EA,137.0000,2025-04-07,2025-04-05,closed,2025-03-25T09:00:00+10:00,39695.75,
85efc094-da37-5617-8996-b833aaab005f,79058de5-6ced-5adc-801f-2adc8b6a1aae,52daff6b-2e12-5836-9c79-9713f4d30b59,73ffaed7-94be-55a5-afed-0d1e98f52b44,83d1dcfc-cfa9-52c8-a5a3-cbb9679d5d59,1,207.0000,EA,207.0000,2025-07-06,2025-07-02,closed,2025-06-14T09:00:00+10:00,49034.16,split_schedule
84304d2c-dd07-5958-a3f8-668084324628,62da9cca-e860-54c6-bc92-f23053841f10,52daff6b-2e12-5836-9c79-9713f4d30b59,fb68c10a-55c0-5d65-85fe-0d8330c7d0e5,cd80660b-3e07-58ef-88fb-4dfd4c14f755,1,47.0000,CASE,1128.0000,2025-04-28,2025-04-23,closed,2025-04-06T09:00:00+10:00,75136.08,split_schedule
7ba7a220-e8db-5b36-a8fb-47fa273d5bdc,835b1afa-e602-50be-8f14-ad2dab6dbd0c,52daff6b-2e12-5836-9c79-9713f4d30b59,258787f4-7c2c-53a6-b106-204498b26f2f,83d1dcfc-cfa9-52c8-a5a3-cbb9679d5d59,1,25.0000,PALLET,6000.0000,2025-12-26,2025-12-25,closed,2025-11-03T09:00:00+10:00,147120.00,demand_shock
fe791128-9b83-589a-bd3b-91643560c37b,1bce04b7-af7d-5240-bb17-283c06d07e2c,52daff6b-2e12-5836-9c79-9713f4d30b59,258787f4-7c2c-53a6-b106-204498b26f2f,cd80660b-3e07-58ef-88fb-4dfd4c14f755,1,169.0000,PALLET,40560.0000,2025-03-29,2025-03-29,closed,2025-02-05T09:00:00+10:00,13261497.60,demand_shock
0c10a634-e2c8-5cd3-bb4f-196a8c272432,edfacbfe-c0e9-5b83-8a88-ea2ddade2505,52daff6b-2e12-5836-9c79-9713f4d30b59,5a2c36f8-ff5b-53d9-9352-fac73932d34f,cd80660b-3e07-58ef-88fb-4dfd4c14f755,1,204.0000,CASE,4896.0000,2025-10-13,2025-10-08,closed,2025-10-02T09:00:00+10:00,608523.84,
e51bf69d-e245-5e86-bef1-2dbc94ec5020,e26658c5-824d-5ebd-a362-95b01d88784a,52daff6b-2e12-5836-9c79-9713f4d30b59,e7ae4d79-bd0e-5dd7-b736-930307e54235,83d1dcfc-cfa9-52c8-a5a3-cbb9679d5d59,1,155.0000,PALLET,18600.0000,2026-04-06,2026-04-04,closed,2026-03-13T09:00:00+10:00,4444470.00,
aed1052a-cd12-52ca-8abd-3f14a7671f24,badea73f-2fb7-5106-b94b-ddad16222504,52daff6b-2e12-5836-9c79-9713f4d30b59,3260e462-15f7-59e3-a229-c6e4260bb97a,cd80660b-3e07-58ef-88fb-4dfd4c14f755,1,15.0000,PALLET,7200.0000,2026-02-13,2026-02-13,closed,2026-01-06T09:00:00+10:00,1366488.00,
d436b43d-94cf-5dba-99d4-c001730920fc,63e8d0b5-1cdb-594b-a6f2-cf99b8ccc40c,52daff6b-2e12-5836-9c79-9713f4d30b59,c893506d-df7e-55aa-9afa-b952b5e81a69,cd80660b-3e07-58ef-88fb-4dfd4c14f755,1,149.0000,CASE,3576.0000,2025-05-30,2025-05-29,closed,2025-04-15T09:00:00+10:00,1085995.44,missing_supplier_signal
4e8f2963-1484-5576-8a37-e52371e3ba17,a47fefeb-7ed5-5842-a4bc-7f2387f48323,52daff6b-2e12-5836-9c79-9713f4d30b59,26f9d7d6-f6e5-5f66-b038-c4074cf38cff,83d1dcfc-cfa9-52c8-a5a3-cbb9679d5d59,1,21.0000,EA,21.0000,2026-04-20,2026-04-15,closed,2026-02-27T09:00:00+10:00,132.51,demand_shock
dd844134-e855-5be8-a1fc-7ae844480e83,ae167c82-e1e3-5f71-a79c-b7bd04602684,52daff6b-2e12-5836-9c79-9713f4d30b59,156f1b61-81f0-5bee-8acc-b26bfd4d94be,83d1dcfc-cfa9-52c8-a5a3-cbb9679d5d59,1,215.0000,CASE,5160.0000,2026-06-09,2026-06-06,closed,2026-04-20T09:00:00+10:00,2452806.00,split_schedule
e06acb79-7426-5917-82b9-e3d0e4239ad3,bf65fab1-9bb1-5c27-8057-6245bcb4145f,52daff6b-2e12-5836-9c79-9713f4d30b59,f3239f2c-2ddf-5cd9-8fe5-d2d009ee11fc,cd80660b-3e07-58ef-88fb-4dfd4c14f755,1,133.0000,CASE,1596.0000,2025-05-23,2025-05-22,closed,2025-04-16T09:00:00+10:00,434271.60,
821b1f7f-3ad2-5105-8838-3b345e4bbad4,95d2075c-06f6-5921-b556-b3801af2cc97,52daff6b-2e12-5836-9c79-9713f4d30b59,f3239f2c-2ddf-5cd9-8fe5-d2d009ee11fc,83d1dcfc-cfa9-52c8-a5a3-cbb9679d5d59,1,126.0000,PALLET,15120.0000,2025-11-27,2025-11-26,closed,2025-09-18T09:00:00+10:00,1221242.40,demand_shock;missing_supplier_signal;supplier_deterioration
e488353b-b6ca-54ed-81f6-0f9bda9fd7aa,c2e4bc54-bb14-5994-9714-79dedadc7d5a,52daff6b-2e12-5836-9c79-9713f4d30b59,1f4d4772-a022-5cfc-a96e-04c7ad0d1a55,cd80660b-3e07-58ef-88fb-4dfd4c14f755,1,149.0000,PALLET,35760.0000,2024-10-05,2024-10-02,closed,2024-08-17T09:00:00+10:00,13908494.40,
9edf1ffd-91b3-53c7-a25d-243e786837e0,51029d3e-8bcf-552b-ab8e-73a61667720c,52daff6b-2e12-5836-9c79-9713f4d30b59,fb68c10a-55c0-5d65-85fe-0d8330c7d0e5,83d1dcfc-cfa9-52c8-a5a3-cbb9679d5d59,1,213.0000,PALLET,102240.0000,2025-06-11,2025-06-08,cancelled,2025-05-18T09:00:00+10:00,7913376.00,
f9c98896-10bb-59d9-ade6-8296a6895b10,e411fb3a-577f-59d7-9270-d71cfb9f857f,52daff6b-2e12-5836-9c79-9713f4d30b59,0856837c-6661-582a-8826-9267d93a18a5,83d1dcfc-cfa9-52c8-a5a3-cbb9679d5d59,1,17.0000,CASE,408.0000,2026-01-29,2026-01-26,closed,2025-11-26T09:00:00+10:00,174301.68,
fffb94e2-2005-59ba-9dd1-f5f976dab93d,b3ad5c07-0879-50eb-8b63-c914819f4557,52daff6b-2e12-5836-9c79-9713f4d30b59,fb68c10a-55c0-5d65-85fe-0d8330c7d0e5,cd80660b-3e07-58ef-88fb-4dfd4c14f755,1,21.0000,EA,21.0000,2025-01-16,2025-01-14,closed,2024-11-13T09:00:00+10:00,910.77,
f5912686-ac71-55be-b745-4590db643b3f,908e4463-b10d-5c8b-bb53-54aea6287028,52daff6b-2e12-5836-9c79-9713f4d30b59,2bc50dec-b057-52d9-bb68-4422b67e6c08,83d1dcfc-cfa9-52c8-a5a3-cbb9679d5d59,1,217.0000,PALLET,26040.0000,2025-10-08,2025-10-06,closed,2025-09-13T09:00:00+10:00,11917987.20,
31ebe56c-8988-5ebe-9ac0-2df1dde76fd2,f16f9758-c3b7-5fdc-a33e-bbf4795057a8,52daff6b-2e12-5836-9c79-9713f4d30b59,0ddb5f45-3bf7-5460-a1dc-4b0097c4c8d6,83d1dcfc-cfa9-52c8-a5a3-cbb9679d5d59,1,114.0000,EA,114.0000,2025-09-24,2025-09-24,closed,2025-08-12T09:00:00+10:00,39014.22,
ca3386b3-34f6-5ede-9c5f-f76fbe1adc57,f16f9758-c3b7-5fdc-a33e-bbf4795057a8,52daff6b-2e12-5836-9c79-9713f4d30b59,0ddb5f45-3bf7-5460-a1dc-4b0097c4c8d6,83d1dcfc-cfa9-52c8-a5a3-cbb9679d5d59,2,114.0000,EA,114.0000,2025-09-25,2025-09-20,closed,2025-08-13T09:00:00+10:00,39014.22,
e730fc07-af27-536c-b754-acfd59671539,71a874ad-7418-5660-a76c-cb742a43eef2,52daff6b-2e12-5836-9c79-9713f4d30b59,83051d14-4fa3-53bd-ac60-523a406fc21f,83d1dcfc-cfa9-52c8-a5a3-cbb9679d5d59,1,79.0000,PALLET,37920.0000,2025-07-15,2025-07-13,closed,2025-05-26T09:00:00+10:00,6211296.00,
ed42f6af-8001-5ae6-9acf-1e1ed04126f0,52c00efb-e404-51dd-b010-f330cd8675df,52daff6b-2e12-5836-9c79-9713f4d30b59,258787f4-7c2c-53a6-b106-204498b26f2f,cd80660b-3e07-58ef-88fb-4dfd4c14f755,1,175.0000,EA,175.0000,2026-02-26,2026-02-24,closed,2026-02-05T09:00:00+10:00,42001.75,split_schedule
475f5307-7b6b-53d7-904c-b04e6caab4bd,e067cf82-399c-5a02-a0ab-60a00039a528,52daff6b-2e12-5836-9c79-9713f4d30b59,d4b300ac-9c19-5617-8775-15b2fd6ecff3,83d1dcfc-cfa9-52c8-a5a3-cbb9679d5d59,1,82.0000,PALLET,39360.0000,2025-07-31,2025-07-31,closed,2025-07-21T09:00:00+10:00,603782.40,
69dc84ea-6874-53e8-8b0f-5788a3b10603,e067cf82-399c-5a02-a0ab-60a00039a528,52daff6b-2e12-5836-9c79-9713f4d30b59,d4b300ac-9c19-5617-8775-15b2fd6ecff3,83d1dcfc-cfa9-52c8-a5a3-cbb9679d5d59,2,82.0000,PALLET,39840.0000,2025-08-01,2025-07-30,closed,2025-07-22T09:00:00+10:00,603782.40,
60e2f9f4-4399-5e2a-b948-21dfa10effef,7093b327-e34d-52b4-8804-c7205737e0d1,52daff6b-2e12-5836-9c79-9713f4d30b59,e6a7fc53-496a-5ae2-a882-4d4bf1223c4c,cd80660b-3e07-58ef-88fb-4dfd4c14f755,1,178.0000,PALLET,21360.0000,2026-01-23,2026-01-23,closed,2025-12-22T09:00:00+10:00,2896202.40,
46c52d09-fc67-5f93-b407-b6fd8988219a,c3977d7b-a25a-5238-a4b2-dd1730c3a4c6,52daff6b-2e12-5836-9c79-9713f4d30b59,3d05cb9b-d5a0-53d8-84f5-a6128827eb81,cd80660b-3e07-58ef-88fb-4dfd4c14f755,1,167.0000,CASE,1002.0000,2025-02-07,2025-02-05,closed,2025-01-11T09:00:00+10:00,370038.60,
6a8bfe65-3c55-57a9-b688-3a0d60c2f443,1986de63-67d9-5898-82f3-586c85389f7d,52daff6b-2e12-5836-9c79-9713f4d30b59,36da40b4-9e68-5588-9074-f6f8ee0422d2,cd80660b-3e07-58ef-88fb-4dfd4c14f755,1,176.0000,EA,176.0000,2026-02-13,2026-02-11,closed,2025-12-30T09:00:00+10:00,76788.80,
327a1e12-ae2b-5396-92b7-ed4e7cf36312,79bd8471-f158-56c5-b380-bf24d630bbc4,52daff6b-2e12-5836-9c79-9713f4d30b59,83051d14-4fa3-53bd-ac60-523a406fc21f,83d1dcfc-cfa9-52c8-a5a3-cbb9679d5d59,1,26.0000,PALLET,12480.0000,2024-12-08,2024-12-04,closed,2024-11-12T09:00:00+10:00,4241203.20,
30ad4be3-d0ec-55a7-9cff-a655d1f5bc57,e2dc985e-3d7b-5249-8649-eb730712172d,52daff6b-2e12-5836-9c79-9713f4d30b59,ce149183-f698-5b38-9d6f-47394dafce45,cd80660b-3e07-58ef-88fb-4dfd4c14f755,1,127.0000,CASE,6096.0000,2025-03-07,2025-03-03,closed,2025-01-06T09:00:00+10:00,955548.00,demand_shock
26b5f333-107e-5bf9-a5a3-372e0425d190,9cc258ce-8584-5d52-bc8c-7e5177de3100,52daff6b-2e12-5836-9c79-9713f4d30b59,13c36a28-138e-592b-89a5-f58427ce5201,83d1dcfc-cfa9-52c8-a5a3-cbb9679d5d59,1,92.0000,CASE,2208.0000,2024-10-15,2024-10-10,closed,2024-09-26T09:00:00+10:00,231221.76,
78060bb5-2d0e-5fe0-8b4c-69362b4e9037,84c77b48-cd90-57da-93fa-6524adc2ca64,52daff6b-2e12-5836-9c79-9713f4d30b59,ce149183-f698-5b38-9d6f-47394dafce45,83d1dcfc-cfa9-52c8-a5a3-cbb9679d5d59,1,47.0000,PALLET,5640.0000,2025-12-17,2025-12-13,closed,2025-11-30T09:00:00+10:00,1659400.80,split_schedule
746c05ae-9838-51b1-a36c-9d3aa63875da,dcdefc65-3772-584c-b071-3715bcd1f4ab,52daff6b-2e12-5836-9c79-9713f4d30b59,fb68c10a-55c0-5d65-85fe-0d8330c7d0e5,83d1dcfc-cfa9-52c8-a5a3-cbb9679d5d59,1,11.0000,PALLET,5280.0000,2026-05-01,2026-04-30,closed,2026-04-09T09:00:00+10:00,661742.40,split_schedule
0c5f4873-45da-5f33-aff6-075cab33e898,929837a9-fc2f-58b0-b586-e9d5549c4bf7,52daff6b-2e12-5836-9c79-9713f4d30b59,f8133fbe-749f-5b84-a762-a62025fd96d1,83d1dcfc-cfa9-52c8-a5a3-cbb9679d5d59,1,35.0000,EA,35.0000,2025-12-26,2025-12-25,closed,2025-11-21T09:00:00+10:00,11992.05,
f09685f6-c471-5b8f-99b1-d31f7492c1b0,929837a9-fc2f-58b0-b586-e9d5549c4bf7,52daff6b-2e12-5836-9c79-9713f4d30b59,f8133fbe-749f-5b84-a762-a62025fd96d1,83d1dcfc-cfa9-52c8-a5a3-cbb9679d5d59,2,35.0000,EA,35.0000,2025-12-27,2025-12-23,closed,2025-11-22T09:00:00+10:00,11992.05,
4dd2e9e9-07c5-5c31-b98c-310444046acb,f3dfe35e-3f70-59b9-811b-0e6a79cc3a9f,52daff6b-2e12-5836-9c79-9713f4d30b59,e6a7fc53-496a-5ae2-a882-4d4bf1223c4c,83d1dcfc-cfa9-52c8-a5a3-cbb9679d5d59,1,154.0000,PALLET,18480.0000,2024-12-14,2024-12-14,closed,2024-11-04T09:00:00+10:00,8850256.80,
6ca918bb-08ef-54b1-80c9-100fae62c001,f3dfe35e-3f70-59b9-811b-0e6a79cc3a9f,52daff6b-2e12-5836-9c79-9713f4d30b59,e6a7fc53-496a-5ae2-a882-4d4bf1223c4c,83d1dcfc-cfa9-52c8-a5a3-cbb9679d5d59,2,154.0000,PALLET,18480.0000,2024-12-15,2024-12-10,closed,2024-11-05T09:00:00+10:00,8850256.80,
bf6ddb7f-c02d-55ed-9df2-4895274ab0ac,02f68fdb-1945-57a8-bbbe-aa77be70e9d4,52daff6b-2e12-5836-9c79-9713f4d30b59,f8133fbe-749f-5b84-a762-a62025fd96d1,83d1dcfc-cfa9-52c8-a5a3-cbb9679d5d59,1,115.0000,PALLET,13800.0000,2025-04-27,2025-04-24,closed,2025-03-29T09:00:00+10:00,1197150.00,split_schedule
d7520a1a-e26d-5bdf-9640-8bac08682f93,882b71bc-78a8-5c68-892e-0a1d21e8ab81,52daff6b-2e12-5836-9c79-9713f4d30b59,c3f298ca-9a69-574b-b887-cd9160b10d7e,83d1dcfc-cfa9-52c8-a5a3-cbb9679d5d59,1,96.0000,CASE,576.0000,2025-04-23,2025-04-23,closed,2025-02-27T09:00:00+10:00,168825.60,
d423aec0-4df9-5bab-b7bf-76a125e2a23d,de36a33a-a0d5-5131-bf84-251c788a2d19,52daff6b-2e12-5836-9c79-9713f4d30b59,258787f4-7c2c-53a6-b106-204498b26f2f,cd80660b-3e07-58ef-88fb-4dfd4c14f755,1,183.0000,PALLET,43920.0000,2025-04-29,2025-04-24,closed,2025-04-01T09:00:00+10:00,9508240.80,missing_supplier_signal
b3db6340-d5e8-5dd4-b3f4-00a8e8c61335,96a1841e-9c2b-5a52-b6f2-c80d4fc423d3,52daff6b-2e12-5836-9c79-9713f4d30b59,0ddb5f45-3bf7-5460-a1dc-4b0097c4c8d6,cd80660b-3e07-58ef-88fb-4dfd4c14f755,1,77.0000,CASE,924.0000,2025-01-17,2025-01-16,closed,2024-11-12T09:00:00+10:00,34640.76,
1cdd7a67-402b-5f1b-a55a-959c821c5611,c39c6ce8-69fb-5a2b-8b54-185a94119a47,52daff6b-2e12-5836-9c79-9713f4d30b59,c3f298ca-9a69-574b-b887-cd9160b10d7e,cd80660b-3e07-58ef-88fb-4dfd4c14f755,1,21.0000,PALLET,2520.0000,2025-11-17,2025-11-12,closed,2025-10-16T09:00:00+10:00,196686.00,missing_inventory_signal
005fc736-bbdd-58ca-b20e-606b8d1cbbc0,ffbfb137-4af0-562a-abfa-3ed8803628f7,52daff6b-2e12-5836-9c79-9713f4d30b59,f6f9c5be-111c-512f-b859-607b24323b36,cd80660b-3e07-58ef-88fb-4dfd4c14f755,1,49.0000,PALLET,5880.0000,2026-02-23,2026-02-20,closed,2026-02-19T09:00:00+10:00,1643460.00,
57c3c9ef-a489-5e61-8712-4c2ded93543f,462f8a8a-6a22-55c4-8e10-5955c96cfd7c,52daff6b-2e12-5836-9c79-9713f4d30b59,3d05cb9b-d5a0-53d8-84f5-a6128827eb81,83d1dcfc-cfa9-52c8-a5a3-cbb9679d5d59,1,137.0000,EA,137.0000,2026-02-13,2026-02-10,closed,2025-12-20T09:00:00+10:00,52983.38,
7a1ddeee-4684-502d-85a8-1b3bac84b0c9,d2a8808c-fb88-5b33-ad8f-5757905a6f45,52daff6b-2e12-5836-9c79-9713f4d30b59,a7d6c9e4-45c8-576f-87b5-1b26791e19d6,cd80660b-3e07-58ef-88fb-4dfd4c14f755,1,184.0000,EA,184.0000,2025-11-05,2025-11-01,closed,2025-09-13T09:00:00+10:00,73357.12,
c9c39fe5-dbd4-5419-b652-0619506801da,d823b655-8b96-5352-adfb-b09cfe3ff09e,52daff6b-2e12-5836-9c79-9713f4d30b59,26f9d7d6-f6e5-5f66-b038-c4074cf38cff,83d1dcfc-cfa9-52c8-a5a3-cbb9679d5d59,1,21.0000,PALLET,5040.0000,2025-06-18,2025-06-14,closed,2025-05-16T09:00:00+10:00,2301062.40,
d4ea0d69-a04e-5230-a419-012ec9a5b3bb,3dbc788e-4fc6-530a-baf4-e8588c4638c9,52daff6b-2e12-5836-9c79-9713f4d30b59,802e4010-8aa6-5fb1-bc87-5f2947921061,83d1dcfc-cfa9-52c8-a5a3-cbb9679d5d59,1,13.0000,EA,13.0000,2025-11-01,2025-10-28,closed,2025-10-08T09:00:00+10:00,1535.17,split_schedule
39a4cb81-7f94-5bd6-8589-754193558407,4cdfb0cf-5c65-5736-96d0-2c3a18205662,52daff6b-2e12-5836-9c79-9713f4d30b59,e7ae4d79-bd0e-5dd7-b736-930307e54235,83d1dcfc-cfa9-52c8-a5a3-cbb9679d5d59,1,99.0000,CASE,2376.0000,2025-04-18,2025-04-18,closed,2025-04-01T09:00:00+10:00,750008.16,
63420329-a809-501e-ab95-7bca9fbf8afa,d74a323e-f134-5bee-a79a-ae9ca2302b36,52daff6b-2e12-5836-9c79-9713f4d30b59,733a52f6-ddae-5ec5-a1d3-e06d5ca3460e,cd80660b-3e07-58ef-88fb-4dfd4c14f755,1,141.0000,PALLET,16920.0000,2024-10-16,2024-10-12,closed,2024-09-07T09:00:00+10:00,988128.00,split_schedule
94e0065b-5597-5494-a3b6-d608d63b7736,145000c9-83e4-5e12-a308-c7a4efd86f80,52daff6b-2e12-5836-9c79-9713f4d30b59,b57530b6-83a1-5572-a798-20246dda47c5,83d1dcfc-cfa9-52c8-a5a3-cbb9679d5d59,1,28.0000,CASE,1344.0000,2025-05-11,2025-05-08,closed,2025-05-05T09:00:00+10:00,333594.24,
4979eaa0-2b25-597a-86a7-5cac3a5f0a45,08228a0a-fead-5763-a110-0fbae787a714,52daff6b-2e12-5836-9c79-9713f4d30b59,23303b4e-f08b-5648-a6a2-f350ebc5143c,cd80660b-3e07-58ef-88fb-4dfd4c14f755,1,16.0000,PALLET,7680.0000,2026-06-12,2026-06-12,closed,2026-04-16T09:00:00+10:00,1532544.00,
084b1d69-688d-50e7-9098-a5889c5ae847,4d3536ec-2d13-5092-bee1-0eab950db4f6,52daff6b-2e12-5836-9c79-9713f4d30b59,26f9d7d6-f6e5-5f66-b038-c4074cf38cff,cd80660b-3e07-58ef-88fb-4dfd4c14f755,1,5.0000,EA,5.0000,2025-03-06,2025-03-01,closed,2025-02-04T09:00:00+10:00,349.55,demand_shock
f0e93322-d6c5-5707-bb53-822341a02706,47162640-a7ea-5360-be33-cf7809016677,52daff6b-2e12-5836-9c79-9713f4d30b59,0ddb5f45-3bf7-5460-a1dc-4b0097c4c8d6,cd80660b-3e07-58ef-88fb-4dfd4c14f755,1,88.0000,PALLET,10560.0000,2026-03-11,2026-03-11,closed,2026-03-06T09:00:00+10:00,805939.20,
bb6dace5-c7ef-51c8-9f83-3b46a824fc3d,00dc368d-46ce-53ba-aa74-372caa23d77f,52daff6b-2e12-5836-9c79-9713f4d30b59,9de01ee7-8a99-53e4-9894-1eb2457782be,cd80660b-3e07-58ef-88fb-4dfd4c14f755,1,160.0000,CASE,960.0000,2026-05-05,2026-05-02,closed,2026-04-20T09:00:00+10:00,450988.80,
c10bab5a-781a-5c05-a043-27d80706e4bf,9cbeb2da-d95e-5698-b5ff-df741201e330,52daff6b-2e12-5836-9c79-9713f4d30b59,0ddb5f45-3bf7-5460-a1dc-4b0097c4c8d6,83d1dcfc-cfa9-52c8-a5a3-cbb9679d5d59,1,4.0000,EA,4.0000,2025-03-23,2025-03-20,closed,2025-03-10T09:00:00+10:00,575.84,missing_supplier_signal
3727be2d-5732-58ff-8bee-f031a4a9b237,29c53d62-0f2a-569e-bd23-0baaddecb094,52daff6b-2e12-5836-9c79-9713f4d30b59,13c36a28-138e-592b-89a5-f58427ce5201,cd80660b-3e07-58ef-88fb-4dfd4c14f755,1,80.0000,PALLET,19200.0000,2025-09-14,2025-09-10,closed,2025-08-20T09:00:00+10:00,8083392.00,
9d4ca0f2-eba1-5b59-8098-f9ed35afc914,11adbf92-554f-5ee5-8493-75b71128aa0c,52daff6b-2e12-5836-9c79-9713f4d30b59,c3f298ca-9a69-574b-b887-cd9160b10d7e,cd80660b-3e07-58ef-88fb-4dfd4c14f755,1,14.0000,PALLET,1680.0000,2026-03-12,2026-03-09,closed,2026-01-19T09:00:00+10:00,267842.40,
eb0442d9-beb7-521f-ab70-81c453e7b89b,7fc5655b-2706-515d-9a46-4f8381eba9fe,52daff6b-2e12-5836-9c79-9713f4d30b59,73ffaed7-94be-55a5-afed-0d1e98f52b44,83d1dcfc-cfa9-52c8-a5a3-cbb9679d5d59,1,82.0000,CASE,492.0000,2024-12-24,2024-12-24,closed,2024-10-11T09:00:00+10:00,49254.12,split_schedule
585862b4-b97f-5a5f-a1fd-f37cf79f1103,357f6560-db19-527a-b643-4ccfabc42af0,52daff6b-2e12-5836-9c79-9713f4d30b59,1d765b5d-108b-588d-90bf-0a5f7c702f58,cd80660b-3e07-58ef-88fb-4dfd4c14f755,1,113.0000,CASE,1356.0000,2025-07-04,2025-07-04,closed,2025-05-19T09:00:00+10:00,379232.52,
66a09772-290a-5e7f-a197-158c15dd7e77,357f6560-db19-527a-b643-4ccfabc42af0,52daff6b-2e12-5836-9c79-9713f4d30b59,1d765b5d-108b-588d-90bf-0a5f7c702f58,cd80660b-3e07-58ef-88fb-4dfd4c14f755,2,113.0000,CASE,1356.0000,2025-07-05,2025-07-03,closed,2025-05-20T09:00:00+10:00,379232.52,
5ee53626-9078-54af-96f3-12ad04ea2fda,d998ca38-778d-57b3-96f3-853d7cda39a4,52daff6b-2e12-5836-9c79-9713f4d30b59,26f9d7d6-f6e5-5f66-b038-c4074cf38cff,cd80660b-3e07-58ef-88fb-4dfd4c14f755,1,181.0000,CASE,1086.0000,2025-08-24,2025-08-22,cancelled,2025-06-24T09:00:00+10:00,379937.10,
202923c7-dd4d-510c-9cb8-3d32d6069551,eebe4995-2521-5206-ba1d-679ade730706,52daff6b-2e12-5836-9c79-9713f4d30b59,1d765b5d-108b-588d-90bf-0a5f7c702f58,cd80660b-3e07-58ef-88fb-4dfd4c14f755,1,46.0000,CASE,552.0000,2025-03-20,2025-03-15,closed,2025-01-16T09:00:00+10:00,263712.48,
bee0b8fa-06be-5979-8d25-829ec967d38c,fab2f861-2ae3-572d-a38a-4be3d0e3f211,52daff6b-2e12-5836-9c79-9713f4d30b59,f8133fbe-749f-5b84-a762-a62025fd96d1,cd80660b-3e07-58ef-88fb-4dfd4c14f755,1,76.0000,EA,76.0000,2024-11-02,2024-10-30,closed,2024-10-10T09:00:00+10:00,26469.28,
8c8109b0-ee4b-54d4-8994-779b0e182772,9ee3c1c4-e6a3-5924-818a-df08c6b8141f,52daff6b-2e12-5836-9c79-9713f4d30b59,802e4010-8aa6-5fb1-bc87-5f2947921061,83d1dcfc-cfa9-52c8-a5a3-cbb9679d5d59,1,90.0000,CASE,4320.0000,2025-09-10,2025-09-07,closed,2025-07-27T09:00:00+10:00,1140739.20,
43059969-8b98-5046-bb93-ad40159afdc2,58e8df19-cb37-55fa-9c92-18518d464c45,52daff6b-2e12-5836-9c79-9713f4d30b59,f8133fbe-749f-5b84-a762-a62025fd96d1,83d1dcfc-cfa9-52c8-a5a3-cbb9679d5d59,1,17.0000,CASE,408.0000,2025-10-19,2025-10-18,closed,2025-09-11T09:00:00+10:00,56536.56,
4b7a5aa5-da73-5606-b4fd-43b02e346865,d67bdb83-fed3-5184-837e-175991e221c1,52daff6b-2e12-5836-9c79-9713f4d30b59,1f4d4772-a022-5cfc-a96e-04c7ad0d1a55,83d1dcfc-cfa9-52c8-a5a3-cbb9679d5d59,1,169.0000,CASE,4056.0000,2025-06-08,2025-06-05,closed,2025-05-04T09:00:00+10:00,1941972.24,split_schedule
e10f4017-4547-504a-ac66-a0e4e2cdbd84,8f044fab-5e0d-57fd-8793-ece7459d7993,52daff6b-2e12-5836-9c79-9713f4d30b59,0856837c-6661-582a-8826-9267d93a18a5,cd80660b-3e07-58ef-88fb-4dfd4c14f755,1,32.0000,PALLET,15360.0000,2025-05-26,2025-05-26,closed,2025-05-01T09:00:00+10:00,1460736.00,split_schedule
ea3630b8-b836-50a2-b5f3-de894ab5e101,09554ed4-d33d-5312-8013-c55a8975e05a,52daff6b-2e12-5836-9c79-9713f4d30b59,156f1b61-81f0-5bee-8acc-b26bfd4d94be,83d1dcfc-cfa9-52c8-a5a3-cbb9679d5d59,1,37.0000,EA,37.0000,2025-01-17,2025-01-15,closed,2024-12-13T09:00:00+10:00,7630.51,demand_shock
f5dcb53b-bf9d-576c-b8db-4ebb1a2d8388,2878b9b1-ca6a-5f7d-9847-6edbb62d0641,52daff6b-2e12-5836-9c79-9713f4d30b59,845990f3-480b-5068-96a7-56555c9bfded,cd80660b-3e07-58ef-88fb-4dfd4c14f755,1,190.0000,PALLET,22800.0000,2025-06-04,2025-05-30,closed,2025-03-21T09:00:00+10:00,6081900.00,missing_supplier_signal
d6c9a094-6aed-52b8-a9c3-d7c277a146c8,8ae03cd7-a70c-5ed8-9f08-64bceb7fcd26,52daff6b-2e12-5836-9c79-9713f4d30b59,0856837c-6661-582a-8826-9267d93a18a5,cd80660b-3e07-58ef-88fb-4dfd4c14f755,1,161.0000,EA,161.0000,2025-07-21,2025-07-20,closed,2025-06-30T09:00:00+10:00,39076.31,
eba47df7-bb61-517f-a78b-14ae7f568cd9,838cb9f2-fc23-5d11-b215-9156d970350c,52daff6b-2e12-5836-9c79-9713f4d30b59,733a52f6-ddae-5ec5-a1d3-e06d5ca3460e,83d1dcfc-cfa9-52c8-a5a3-cbb9679d5d59,1,64.0000,PALLET,7680.0000,2025-07-10,2025-07-09,closed,2025-05-20T09:00:00+10:00,673766.40,
4fb6c94f-bb2d-54be-9fd0-d9ca96bc6875,58661070-9c5b-5273-81b2-9ed34aa8fc54,52daff6b-2e12-5836-9c79-9713f4d30b59,c3f298ca-9a69-574b-b887-cd9160b10d7e,83d1dcfc-cfa9-52c8-a5a3-cbb9679d5d59,1,122.0000,EA,122.0000,2025-05-21,2025-05-20,closed,2025-03-07T09:00:00+10:00,36912.32,split_schedule
162c5244-7149-5378-a945-0ec6241b5855,eb448e62-4e87-5b8e-98ab-8b510bbaad41,52daff6b-2e12-5836-9c79-9713f4d30b59,845990f3-480b-5068-96a7-56555c9bfded,83d1dcfc-cfa9-52c8-a5a3-cbb9679d5d59,1,49.0000,CASE,294.0000,2025-02-05,2025-02-04,closed,2024-12-31T09:00:00+10:00,14229.60,missing_supplier_signal
e2e483c6-c4cc-5f7a-916a-5db0c2fb5ad0,6a6f7350-a718-5509-8435-a21b8f26bc5a,52daff6b-2e12-5836-9c79-9713f4d30b59,f8133fbe-749f-5b84-a762-a62025fd96d1,83d1dcfc-cfa9-52c8-a5a3-cbb9679d5d59,1,51.0000,EA,51.0000,2025-07-25,2025-07-25,closed,2025-07-02T09:00:00+10:00,7391.94,missing_supplier_signal;split_schedule
8373c7f8-45dc-5df7-bdcb-dd15065f4edf,ca742467-8c3c-5527-90bd-95b94e38588d,52daff6b-2e12-5836-9c79-9713f4d30b59,fb68c10a-55c0-5d65-85fe-0d8330c7d0e5,cd80660b-3e07-58ef-88fb-4dfd4c14f755,1,67.0000,CASE,1608.0000,2026-03-12,2026-03-09,closed,2026-01-19T09:00:00+10:00,279341.76,split_schedule
9eec8b67-76e1-5483-a242-37d51463e46d,d57b64a6-cc81-5d3e-930a-2554462e96b4,52daff6b-2e12-5836-9c79-9713f4d30b59,fadf08a0-1d4f-563b-bd91-b87b31f373eb,cd80660b-3e07-58ef-88fb-4dfd4c14f755,1,69.0000,CASE,3312.0000,2024-07-30,2024-07-26,closed,2024-07-08T09:00:00+10:00,629544.96,supplier_deterioration
4d9bee04-79aa-56cf-8f64-35cc052ce653,0f32f0a8-3025-5828-82d6-1de6c9141a49,52daff6b-2e12-5836-9c79-9713f4d30b59,23303b4e-f08b-5648-a6a2-f350ebc5143c,83d1dcfc-cfa9-52c8-a5a3-cbb9679d5d59,1,145.0000,EA,145.0000,2025-09-03,2025-09-02,closed,2025-08-22T09:00:00+10:00,60897.10,
240850a1-aec3-5a0c-81c4-7693e35463dd,a3a9d84a-fd4c-5dfd-b97a-41b8ee50bf73,52daff6b-2e12-5836-9c79-9713f4d30b59,fb68c10a-55c0-5d65-85fe-0d8330c7d0e5,cd80660b-3e07-58ef-88fb-4dfd4c14f755,1,208.0000,EA,208.0000,2025-09-16,2025-09-11,closed,2025-08-12T09:00:00+10:00,84668.48,missing_supplier_signal;split_schedule
a21081cb-016e-555c-b8c1-a266c89ef515,88f66cee-46ee-52a0-b982-4b85cd0c3878,52daff6b-2e12-5836-9c79-9713f4d30b59,13c36a28-138e-592b-89a5-f58427ce5201,83d1dcfc-cfa9-52c8-a5a3-cbb9679d5d59,1,202.0000,CASE,4848.0000,2026-03-01,2026-02-24,closed,2025-12-16T09:00:00+10:00,318659.04,missing_inventory_signal
e9132d62-640c-5883-a7c5-c1a97844d540,715fb631-4d84-5ee6-84ec-78b162d593c1,52daff6b-2e12-5836-9c79-9713f4d30b59,fb68c10a-55c0-5d65-85fe-0d8330c7d0e5,cd80660b-3e07-58ef-88fb-4dfd4c14f755,1,160.0000,CASE,3840.0000,2025-01-07,2025-01-04,closed,2024-12-16T09:00:00+10:00,1616755.20,missing_inventory_signal
97f6257a-43e9-537d-836f-5c63639fb0fe,9c1ea9dd-f757-5691-b94c-18fbb100b615,52daff6b-2e12-5836-9c79-9713f4d30b59,b94cba32-e7de-5d7c-afea-23fba919ed21,83d1dcfc-cfa9-52c8-a5a3-cbb9679d5d59,1,113.0000,PALLET,13560.0000,2025-10-19,2025-10-16,closed,2025-09-26T09:00:00+10:00,6276652.80,demand_shock
74ad0700-4b94-55fe-a178-2cb6907117cf,f630b228-21eb-5290-b85f-d8cf940ff6a4,52daff6b-2e12-5836-9c79-9713f4d30b59,5a2c36f8-ff5b-53d9-9352-fac73932d34f,cd80660b-3e07-58ef-88fb-4dfd4c14f755,1,170.0000,EA,170.0000,2024-11-24,2024-11-19,closed,2024-10-18T09:00:00+10:00,5695.00,split_schedule
2826205c-28a7-5cfb-bb11-da5fb538cde9,6ebf00dc-c8e4-584d-9918-4cd6be761326,52daff6b-2e12-5836-9c79-9713f4d30b59,0ddb5f45-3bf7-5460-a1dc-4b0097c4c8d6,83d1dcfc-cfa9-52c8-a5a3-cbb9679d5d59,1,194.0000,CASE,2328.0000,2026-03-25,2026-03-23,closed,2026-02-17T09:00:00+10:00,88557.12,missing_supplier_signal
8af796e2-2cae-5df3-ad78-0cbcfbc8b574,6ebf00dc-c8e4-584d-9918-4cd6be761326,52daff6b-2e12-5836-9c79-9713f4d30b59,0ddb5f45-3bf7-5460-a1dc-4b0097c4c8d6,83d1dcfc-cfa9-52c8-a5a3-cbb9679d5d59,2,194.0000,CASE,2340.0000,2026-03-26,2026-03-21,closed,2026-02-18T09:00:00+10:00,88557.12,missing_supplier_signal
5db9dbaa-87a1-5d8c-9c86-15ef3f0b5ca6,25a61bbb-1397-5b78-b511-6a6ca7b8e7a9,52daff6b-2e12-5836-9c79-9713f4d30b59,5a2c36f8-ff5b-53d9-9352-fac73932d34f,83d1dcfc-cfa9-52c8-a5a3-cbb9679d5d59,1,97.0000,EA,97.0000,2025-02-11,2025-02-06,closed,2024-12-07T09:00:00+10:00,41495.63,
eff72fb1-66a6-5dd6-83c1-14b18a6e57d1,ff52bf3d-3085-570c-a005-cda53150a7fe,52daff6b-2e12-5836-9c79-9713f4d30b59,bba8ffc9-9e7c-5b77-a53d-ae09beffb73b,cd80660b-3e07-58ef-88fb-4dfd4c14f755,1,119.0000,CASE,2856.0000,2026-04-03,2026-03-31,closed,2026-02-14T09:00:00+10:00,352430.40,
58bb6982-8059-58eb-816b-768518337d13,54e45966-1b7b-5c2f-a912-718435feadd5,52daff6b-2e12-5836-9c79-9713f4d30b59,1f4d4772-a022-5cfc-a96e-04c7ad0d1a55,cd80660b-3e07-58ef-88fb-4dfd4c14f755,1,37.0000,CASE,888.0000,2025-06-27,2025-06-23,closed,2025-06-20T09:00:00+10:00,59735.76,split_schedule
33205606-822a-5604-8582-80fe2b94ffea,e2191bba-ab41-5cc2-847d-c0204df046e1,52daff6b-2e12-5836-9c79-9713f4d30b59,36da40b4-9e68-5588-9074-f6f8ee0422d2,cd80660b-3e07-58ef-88fb-4dfd4c14f755,1,87.0000,EA,87.0000,2025-11-09,2025-11-07,closed,2025-08-29T09:00:00+10:00,11545.77,
032a91ca-25a7-5d02-bc36-66dbff36c567,eb44da56-30cc-5681-aba6-4e33f758d1d6,52daff6b-2e12-5836-9c79-9713f4d30b59,156f1b61-81f0-5bee-8acc-b26bfd4d94be,83d1dcfc-cfa9-52c8-a5a3-cbb9679d5d59,1,94.0000,PALLET,11280.0000,2025-01-17,2025-01-17,closed,2024-11-18T09:00:00+10:00,496771.20,supplier_deterioration
bad5e785-ebac-58f8-bb5e-6fc9e4b79c21,10862e63-daf3-5f53-ab7e-7891b132ec6f,52daff6b-2e12-5836-9c79-9713f4d30b59,a7d6c9e4-45c8-576f-87b5-1b26791e19d6,cd80660b-3e07-58ef-88fb-4dfd4c14f755,1,48.0000,PALLET,5760.0000,2026-01-31,2026-01-27,closed,2026-01-04T09:00:00+10:00,2566252.80,missing_inventory_signal
98624179-7690-564b-9b9d-0b12ef8946b8,0334fb3e-920d-51a6-a6ca-04dab00a654d,52daff6b-2e12-5836-9c79-9713f4d30b59,13c36a28-138e-592b-89a5-f58427ce5201,83d1dcfc-cfa9-52c8-a5a3-cbb9679d5d59,1,147.0000,EA,147.0000,2024-08-29,2024-08-26,closed,2024-07-21T09:00:00+10:00,54216.54,
66db35a3-3de4-5ace-896b-88e6e0873baa,51607152-a019-5b5d-bb57-55c68b0e5f3e,52daff6b-2e12-5836-9c79-9713f4d30b59,5a2c36f8-ff5b-53d9-9352-fac73932d34f,cd80660b-3e07-58ef-88fb-4dfd4c14f755,1,210.0000,EA,210.0000,2025-06-25,2025-06-23,closed,2025-05-17T09:00:00+10:00,4794.30,split_schedule
3fb71925-df86-51da-bcdd-68a2e1f019de,bc30ee9f-4785-5348-a18e-470aa0099e48,52daff6b-2e12-5836-9c79-9713f4d30b59,943fffff-3f21-52fd-a307-b259a6fef658,83d1dcfc-cfa9-52c8-a5a3-cbb9679d5d59,1,95.0000,EA,95.0000,2025-06-12,2025-06-08,closed,2025-05-24T09:00:00+10:00,26282.70,split_schedule
810395be-7f1f-534e-8463-3085ecfa3a65,4a91a6a0-8caa-5725-a3a1-128b9336f13e,52daff6b-2e12-5836-9c79-9713f4d30b59,bba8ffc9-9e7c-5b77-a53d-ae09beffb73b,cd80660b-3e07-58ef-88fb-4dfd4c14f755,1,201.0000,EA,201.0000,2024-08-25,2024-08-23,closed,2024-07-01T09:00:00+10:00,35052.39,split_schedule
f49f2b23-9217-5035-a208-ee570acfa5d0,3bb10f4b-339b-5869-9a5e-8a319adb83d7,52daff6b-2e12-5836-9c79-9713f4d30b59,1f4d4772-a022-5cfc-a96e-04c7ad0d1a55,cd80660b-3e07-58ef-88fb-4dfd4c14f755,1,161.0000,PALLET,38640.0000,2025-06-04,2025-05-30,closed,2025-04-25T09:00:00+10:00,10700575.20,
18b68ce3-c329-5053-9b2d-1e5ec3f69504,29083f59-3526-532f-8b0a-f5c5b1f06f28,52daff6b-2e12-5836-9c79-9713f4d30b59,9b4cace9-899f-537b-b7be-bed7f160dcf2,cd80660b-3e07-58ef-88fb-4dfd4c14f755,1,159.0000,PALLET,76320.0000,2024-09-21,2024-09-19,closed,2024-08-09T09:00:00+10:00,26383824.00,split_schedule
d3b6d22b-a841-5f71-a64f-6733faf08502,6d613d2d-11e2-55d5-b0f4-a8cf572c4178,52daff6b-2e12-5836-9c79-9713f4d30b59,3d05cb9b-d5a0-53d8-84f5-a6128827eb81,cd80660b-3e07-58ef-88fb-4dfd4c14f755,1,59.0000,EA,59.0000,2025-01-19,2025-01-15,closed,2024-11-06T09:00:00+10:00,4144.16,
c32c69dc-7a06-50db-b47d-04dfbd1d2efa,0437ba15-4eda-5526-aa40-64962c056d6d,52daff6b-2e12-5836-9c79-9713f4d30b59,fadf08a0-1d4f-563b-bd91-b87b31f373eb,83d1dcfc-cfa9-52c8-a5a3-cbb9679d5d59,1,118.0000,EA,118.0000,2024-11-21,2024-11-16,closed,2024-10-08T09:00:00+10:00,31858.82,
0da2e5c3-8899-5073-832e-042d78d4039c,a38b901d-d0f4-56bb-85ba-7e70f8866156,52daff6b-2e12-5836-9c79-9713f4d30b59,b57530b6-83a1-5572-a798-20246dda47c5,83d1dcfc-cfa9-52c8-a5a3-cbb9679d5d59,1,8.0000,PALLET,960.0000,2025-02-22,2025-02-21,closed,2025-01-10T09:00:00+10:00,80150.40,
2dc1f21f-010f-5c93-979a-1d8ed15c0f7e,77a335b0-f76a-5a8f-805b-096ac95001c1,52daff6b-2e12-5836-9c79-9713f4d30b59,b94cba32-e7de-5d7c-afea-23fba919ed21,cd80660b-3e07-58ef-88fb-4dfd4c14f755,1,65.0000,CASE,1560.0000,2025-12-24,2025-12-23,closed,2025-11-01T09:00:00+10:00,746647.20,
b4d8e1dd-fcb6-5664-8ffe-8c4696648372,a087a4f7-76b3-57ee-a2c2-eed7c2c4d7a8,52daff6b-2e12-5836-9c79-9713f4d30b59,2bc50dec-b057-52d9-bb68-4422b67e6c08,cd80660b-3e07-58ef-88fb-4dfd4c14f755,1,189.0000,EA,189.0000,2026-01-21,2026-01-17,closed,2026-01-09T09:00:00+10:00,54991.44,
99bfed9f-903f-50bb-a274-702bd8e4432a,8f3b0bc3-1fda-5ff9-bd01-d0987ffbf056,52daff6b-2e12-5836-9c79-9713f4d30b59,c3f298ca-9a69-574b-b887-cd9160b10d7e,cd80660b-3e07-58ef-88fb-4dfd4c14f755,1,131.0000,CASE,786.0000,2025-02-10,2025-02-09,closed,2024-12-23T09:00:00+10:00,159620.88,missing_supplier_signal
18dd96b5-7c12-5fd9-828e-56fb7d58efc0,86b41b2c-8089-5ef2-afac-2861af67d47b,52daff6b-2e12-5836-9c79-9713f4d30b59,845990f3-480b-5068-96a7-56555c9bfded,cd80660b-3e07-58ef-88fb-4dfd4c14f755,1,80.0000,EA,80.0000,2025-05-26,2025-05-22,closed,2025-05-12T09:00:00+10:00,31734.40,
fb11e49a-d993-5fef-98bb-b00f5ae09340,03623eea-a8cb-5ce8-a432-055ad86d38c3,52daff6b-2e12-5836-9c79-9713f4d30b59,809cf264-7def-5354-9470-0a2384ba5a22,83d1dcfc-cfa9-52c8-a5a3-cbb9679d5d59,1,16.0000,EA,16.0000,2024-10-10,2024-10-10,closed,2024-08-04T09:00:00+10:00,1371.84,
3f3e8b61-f025-5a6b-9ade-677074db6d48,d829883d-37a7-57c8-9759-d7118fefd1ac,52daff6b-2e12-5836-9c79-9713f4d30b59,0ddb5f45-3bf7-5460-a1dc-4b0097c4c8d6,83d1dcfc-cfa9-52c8-a5a3-cbb9679d5d59,1,12.0000,EA,12.0000,2024-08-10,2024-08-09,closed,2024-07-15T09:00:00+10:00,2019.60,
3d8ba54d-1ef6-56c4-88c4-d19860187db7,d829883d-37a7-57c8-9759-d7118fefd1ac,52daff6b-2e12-5836-9c79-9713f4d30b59,0ddb5f45-3bf7-5460-a1dc-4b0097c4c8d6,83d1dcfc-cfa9-52c8-a5a3-cbb9679d5d59,2,12.0000,EA,13.0000,2024-08-11,2024-08-10,closed,2024-07-16T09:00:00+10:00,2019.60,
60611e89-b2cd-5494-a64d-5ea7f22a550e,fd515219-9963-5043-86bb-4125192e6ba4,52daff6b-2e12-5836-9c79-9713f4d30b59,b57530b6-83a1-5572-a798-20246dda47c5,cd80660b-3e07-58ef-88fb-4dfd4c14f755,1,134.0000,CASE,6432.0000,2025-03-27,2025-03-23,closed,2025-03-13T09:00:00+10:00,2978144.64,
43698930-e365-5156-acc1-56f5163a65e5,bd9c6d3b-0cc4-5191-9d68-6bb68a5cc8ac,52daff6b-2e12-5836-9c79-9713f4d30b59,381d75e6-fb26-5f96-9820-6bdce61f0879,83d1dcfc-cfa9-52c8-a5a3-cbb9679d5d59,1,206.0000,PALLET,24720.0000,2025-01-22,2025-01-19,closed,2025-01-15T09:00:00+10:00,5659644.00,missing_supplier_signal;split_schedule
5b10f643-fc77-5335-a520-7dd742dd9074,ac3f9ca3-6fd8-5ff6-b511-8984d5a49bae,52daff6b-2e12-5836-9c79-9713f4d30b59,e6a7fc53-496a-5ae2-a882-4d4bf1223c4c,cd80660b-3e07-58ef-88fb-4dfd4c14f755,1,130.0000,EA,130.0000,2025-10-12,2025-10-11,closed,2025-08-22T09:00:00+10:00,43517.50,
fc28f3f0-9a58-560e-aa57-b33d6e322f1e,ac3f9ca3-6fd8-5ff6-b511-8984d5a49bae,52daff6b-2e12-5836-9c79-9713f4d30b59,e6a7fc53-496a-5ae2-a882-4d4bf1223c4c,cd80660b-3e07-58ef-88fb-4dfd4c14f755,2,130.0000,EA,130.0000,2025-10-13,2025-10-09,closed,2025-08-23T09:00:00+10:00,43517.50,
44b9d22e-63b4-5833-b565-ad71af6c7fee,3167b658-ad3e-55c2-864b-9f6dc5cf3dcf,52daff6b-2e12-5836-9c79-9713f4d30b59,fadf08a0-1d4f-563b-bd91-b87b31f373eb,83d1dcfc-cfa9-52c8-a5a3-cbb9679d5d59,1,76.0000,EA,76.0000,2024-09-04,2024-09-03,closed,2024-08-10T09:00:00+10:00,35822.60,split_schedule
1797effb-2d5e-5bf3-8f7d-ac6094735b35,73a6e20b-fdf7-5c3d-a4fd-f94173898ae3,52daff6b-2e12-5836-9c79-9713f4d30b59,f6f9c5be-111c-512f-b859-607b24323b36,83d1dcfc-cfa9-52c8-a5a3-cbb9679d5d59,1,138.0000,PALLET,16560.0000,2025-09-07,2025-09-07,closed,2025-08-10T09:00:00+10:00,6827025.60,split_schedule
82ebf52f-9e08-5444-a28f-2d24d47eeabf,3b48f4fb-2796-5b7c-9f2e-d8d4b972a310,52daff6b-2e12-5836-9c79-9713f4d30b59,fe8d9660-d333-56ab-a5ca-bb18ef310089,cd80660b-3e07-58ef-88fb-4dfd4c14f755,1,180.0000,CASE,1080.0000,2025-09-19,2025-09-14,closed,2025-08-30T09:00:00+10:00,371887.20,split_schedule
c300f430-be4a-50ed-9245-da853f0f9e80,6ea98f6f-2b50-5e3b-824d-8120b0e4163a,52daff6b-2e12-5836-9c79-9713f4d30b59,c893506d-df7e-55aa-9afa-b952b5e81a69,cd80660b-3e07-58ef-88fb-4dfd4c14f755,1,176.0000,PALLET,21120.0000,2024-12-22,2024-12-20,closed,2024-11-01T09:00:00+10:00,3514368.00,
3570c614-2da6-550c-8900-dd0bf9b78e54,6db46820-2f74-5def-b029-9d8e6ebba03c,52daff6b-2e12-5836-9c79-9713f4d30b59,381d75e6-fb26-5f96-9820-6bdce61f0879,cd80660b-3e07-58ef-88fb-4dfd4c14f755,1,92.0000,PALLET,11040.0000,2026-05-24,2026-05-22,closed,2026-03-18T09:00:00+10:00,3639115.20,
5c58fd80-670a-5db3-8d54-1faa5485b797,a52e64b5-c2ad-5f39-9ea8-fad292a6581d,52daff6b-2e12-5836-9c79-9713f4d30b59,809cf264-7def-5354-9470-0a2384ba5a22,cd80660b-3e07-58ef-88fb-4dfd4c14f755,1,123.0000,PALLET,14760.0000,2026-03-15,2026-03-12,closed,2026-02-23T09:00:00+10:00,6268276.80,
f521b862-17d0-564b-b2db-28402c2440d1,1051b290-e3df-5e4b-91b6-4df2456bae4a,52daff6b-2e12-5836-9c79-9713f4d30b59,fb68c10a-55c0-5d65-85fe-0d8330c7d0e5,83d1dcfc-cfa9-52c8-a5a3-cbb9679d5d59,1,147.0000,EA,147.0000,2024-12-19,2024-12-17,closed,2024-10-31T09:00:00+10:00,2297.61,
094315a4-ca5b-5906-a042-a5ca77dd0127,1051b290-e3df-5e4b-91b6-4df2456bae4a,52daff6b-2e12-5836-9c79-9713f4d30b59,fb68c10a-55c0-5d65-85fe-0d8330c7d0e5,83d1dcfc-cfa9-52c8-a5a3-cbb9679d5d59,2,147.0000,EA,148.0000,2024-12-20,2024-12-18,closed,2024-11-01T09:00:00+10:00,2297.61,
4921b097-ea3b-5003-bed7-23e8b55fe8cd,7cbfffa6-f459-5e3e-8b69-90ad43abe3eb,52daff6b-2e12-5836-9c79-9713f4d30b59,f6f9c5be-111c-512f-b859-607b24323b36,83d1dcfc-cfa9-52c8-a5a3-cbb9679d5d59,1,139.0000,CASE,3336.0000,2024-11-26,2024-11-22,closed,2024-10-31T09:00:00+10:00,120596.40,
61bbc8eb-381a-5f6c-b13d-b2ea0f6c81f5,7cbfffa6-f459-5e3e-8b69-90ad43abe3eb,52daff6b-2e12-5836-9c79-9713f4d30b59,f6f9c5be-111c-512f-b859-607b24323b36,83d1dcfc-cfa9-52c8-a5a3-cbb9679d5d59,2,139.0000,CASE,3336.0000,2024-11-27,2024-11-24,closed,2024-11-01T09:00:00+10:00,120596.40,
931e37bc-cbdb-5cfb-8a40-f694c10dd10d,6328348e-f21e-59e8-907c-dcfcc8ed8c3c,52daff6b-2e12-5836-9c79-9713f4d30b59,9de01ee7-8a99-53e4-9894-1eb2457782be,83d1dcfc-cfa9-52c8-a5a3-cbb9679d5d59,1,114.0000,EA,114.0000,2025-08-19,2025-08-17,closed,2025-06-18T09:00:00+10:00,12330.24,
748b0769-fef2-5afd-9018-4247b2e27f7f,f4534cb9-f16a-5f73-b4ce-66fa4d5c107a,52daff6b-2e12-5836-9c79-9713f4d30b59,5a2c36f8-ff5b-53d9-9352-fac73932d34f,cd80660b-3e07-58ef-88fb-4dfd4c14f755,1,38.0000,PALLET,18240.0000,2024-11-28,2024-11-24,closed,2024-11-01T09:00:00+10:00,1808860.80,
5aae7e5d-5f63-55d0-91cb-146c6548321b,8ef43d8d-27bc-5938-8c1b-b1e2ca89d36f,52daff6b-2e12-5836-9c79-9713f4d30b59,f3239f2c-2ddf-5cd9-8fe5-d2d009ee11fc,cd80660b-3e07-58ef-88fb-4dfd4c14f755,1,37.0000,EA,37.0000,2024-10-23,2024-10-19,closed,2024-10-16T09:00:00+10:00,4370.81,supplier_deterioration
2877eb90-85a1-51a7-986c-9491c420a1dd,38319365-d5c6-5f50-931e-707d4cfd5a62,52daff6b-2e12-5836-9c79-9713f4d30b59,73ffaed7-94be-55a5-afed-0d1e98f52b44,83d1dcfc-cfa9-52c8-a5a3-cbb9679d5d59,1,160.0000,EA,160.0000,2025-01-23,2025-01-21,closed,2024-12-06T09:00:00+10:00,44419.20,split_schedule
8945aa87-74a9-5fd7-8867-463c46652df0,d6abc4da-f115-5b65-b1c6-24ec0beb36d9,52daff6b-2e12-5836-9c79-9713f4d30b59,258787f4-7c2c-53a6-b106-204498b26f2f,83d1dcfc-cfa9-52c8-a5a3-cbb9679d5d59,1,88.0000,PALLET,21120.0000,2025-06-10,2025-06-08,closed,2025-05-16T09:00:00+10:00,785664.00,
7b41aab8-6d04-58eb-8546-1221dc35ae1a,7b1d57d2-9def-5ae8-b1ea-6014af93de99,52daff6b-2e12-5836-9c79-9713f4d30b59,f8133fbe-749f-5b84-a762-a62025fd96d1,cd80660b-3e07-58ef-88fb-4dfd4c14f755,1,61.0000,CASE,1464.0000,2024-12-24,2024-12-20,closed,2024-10-14T09:00:00+10:00,164685.36,
bff36896-4a21-5290-8497-ed324568b7ad,aa9bc1aa-faaf-5950-9cea-b651777b1fc2,52daff6b-2e12-5836-9c79-9713f4d30b59,f8133fbe-749f-5b84-a762-a62025fd96d1,cd80660b-3e07-58ef-88fb-4dfd4c14f755,1,20.0000,PALLET,2400.0000,2025-10-15,2025-10-11,closed,2025-10-10T09:00:00+10:00,484440.00,
29735a00-2709-54e0-be78-3daacc4effb1,65f37411-19b1-54e4-88ba-0fd64e01acd8,52daff6b-2e12-5836-9c79-9713f4d30b59,36da40b4-9e68-5588-9074-f6f8ee0422d2,83d1dcfc-cfa9-52c8-a5a3-cbb9679d5d59,1,166.0000,EA,166.0000,2025-01-02,2024-12-29,closed,2024-12-05T09:00:00+10:00,67156.96,
58226e8f-3831-50b1-94f5-031ed5977507,4903bb3a-76ca-5dc7-9961-ff14c62c986e,52daff6b-2e12-5836-9c79-9713f4d30b59,26f9d7d6-f6e5-5f66-b038-c4074cf38cff,cd80660b-3e07-58ef-88fb-4dfd4c14f755,1,44.0000,CASE,264.0000,2025-07-06,2025-07-03,closed,2025-06-15T09:00:00+10:00,113314.08,
059bf13b-6da2-5f50-91dd-8dfd827b29e9,cf639996-6d2e-5123-be62-fb7f7eab431e,52daff6b-2e12-5836-9c79-9713f4d30b59,809cf264-7def-5354-9470-0a2384ba5a22,cd80660b-3e07-58ef-88fb-4dfd4c14f755,1,191.0000,CASE,9168.0000,2025-04-21,2025-04-19,closed,2025-03-17T09:00:00+10:00,4122482.88,split_schedule
e7c1c262-6d6c-5472-a0d0-60b86752a67d,2776f346-c05f-5822-af31-fd30273b4e53,52daff6b-2e12-5836-9c79-9713f4d30b59,f6f9c5be-111c-512f-b859-607b24323b36,83d1dcfc-cfa9-52c8-a5a3-cbb9679d5d59,1,160.0000,CASE,3840.0000,2024-09-10,2024-09-08,closed,2024-09-04T09:00:00+10:00,1744128.00,missing_inventory_signal
f25f7dc4-fd10-560b-b94e-7598d76152f4,dde59706-7141-558f-944c-4019addff4bb,52daff6b-2e12-5836-9c79-9713f4d30b59,0ddb5f45-3bf7-5460-a1dc-4b0097c4c8d6,cd80660b-3e07-58ef-88fb-4dfd4c14f755,1,137.0000,PALLET,16440.0000,2025-04-21,2025-04-19,closed,2025-03-31T09:00:00+10:00,3557616.00,split_schedule
194edc72-c4dc-588e-b492-09a5ae99b28b,2269f77c-358a-5f22-b58e-8258c8d46bc7,52daff6b-2e12-5836-9c79-9713f4d30b59,1f4d4772-a022-5cfc-a96e-04c7ad0d1a55,cd80660b-3e07-58ef-88fb-4dfd4c14f755,1,196.0000,PALLET,47040.0000,2024-08-20,2024-08-18,closed,2024-07-31T09:00:00+10:00,1124256.00,
f21c14de-af55-5c5e-a48d-9201eec0b6ba,d8113daa-29fc-5dcc-9e23-5f69a82f1f4c,52daff6b-2e12-5836-9c79-9713f4d30b59,23303b4e-f08b-5648-a6a2-f350ebc5143c,cd80660b-3e07-58ef-88fb-4dfd4c14f755,1,35.0000,PALLET,16800.0000,2025-12-28,2025-12-26,closed,2025-12-15T09:00:00+10:00,3172512.00,missing_supplier_signal
86cb23a9-ff99-5796-bb49-3cf2db6c837f,06198182-6bc2-563a-81a9-041e059cfa54,52daff6b-2e12-5836-9c79-9713f4d30b59,e6a7fc53-496a-5ae2-a882-4d4bf1223c4c,83d1dcfc-cfa9-52c8-a5a3-cbb9679d5d59,1,41.0000,CASE,492.0000,2024-08-20,2024-08-19,closed,2024-07-03T09:00:00+10:00,184736.16,
eae83fe9-4f4b-567f-9778-74dfa0f382a2,06198182-6bc2-563a-81a9-041e059cfa54,52daff6b-2e12-5836-9c79-9713f4d30b59,e6a7fc53-496a-5ae2-a882-4d4bf1223c4c,83d1dcfc-cfa9-52c8-a5a3-cbb9679d5d59,2,41.0000,CASE,504.0000,2024-08-21,2024-08-18,closed,2024-07-04T09:00:00+10:00,184736.16,
3aca7cf6-2297-5f8b-ad9d-3851e4e5981c,29db1425-b742-5939-a46c-6586f1925402,52daff6b-2e12-5836-9c79-9713f4d30b59,a7d6c9e4-45c8-576f-87b5-1b26791e19d6,cd80660b-3e07-58ef-88fb-4dfd4c14f755,1,56.0000,EA,56.0000,2026-03-16,2026-03-16,closed,2026-01-14T09:00:00+10:00,16368.24,
05fd27cb-0296-59e1-bb01-e73204fb64d8,1bfc6b4c-bc10-5068-a0e3-c7a048fce5d8,52daff6b-2e12-5836-9c79-9713f4d30b59,1d765b5d-108b-588d-90bf-0a5f7c702f58,83d1dcfc-cfa9-52c8-a5a3-cbb9679d5d59,1,97.0000,EA,97.0000,2025-03-28,2025-03-23,closed,2025-03-18T09:00:00+10:00,36511.77,
178a9e8d-83c6-5085-9b3d-40923facedf6,f808a450-df33-58af-b40d-9392767007aa,52daff6b-2e12-5836-9c79-9713f4d30b59,26f9d7d6-f6e5-5f66-b038-c4074cf38cff,cd80660b-3e07-58ef-88fb-4dfd4c14f755,1,156.0000,CASE,936.0000,2026-02-03,2026-01-29,closed,2026-01-14T09:00:00+10:00,159110.64,split_schedule
de4b637e-8f9d-551f-814e-9e7c2611a4bd,1a3f0e75-ab4b-57b6-abd7-9c332f61126f,52daff6b-2e12-5836-9c79-9713f4d30b59,f8133fbe-749f-5b84-a762-a62025fd96d1,cd80660b-3e07-58ef-88fb-4dfd4c14f755,1,126.0000,PALLET,15120.0000,2025-11-11,2025-11-06,closed,2025-09-30T09:00:00+10:00,6468184.80,
96e0c68e-2580-501a-941f-084a27b35eeb,b37b2dff-2f3f-5b80-b78e-137c5ae9abb2,52daff6b-2e12-5836-9c79-9713f4d30b59,fadf08a0-1d4f-563b-bd91-b87b31f373eb,83d1dcfc-cfa9-52c8-a5a3-cbb9679d5d59,1,5.0000,CASE,240.0000,2026-06-06,2026-06-02,closed,2026-03-24T09:00:00+10:00,60100.80,
68cab56a-1574-5388-a302-426e3b3d2bd6,22e08307-9602-5ed6-a421-690a03941285,52daff6b-2e12-5836-9c79-9713f4d30b59,809cf264-7def-5354-9470-0a2384ba5a22,83d1dcfc-cfa9-52c8-a5a3-cbb9679d5d59,1,82.0000,EA,82.0000,2025-01-31,2025-01-26,closed,2025-01-12T09:00:00+10:00,16185.98,
01715e8c-6f3e-50e4-896c-f28d8302a95c,cf5d0a12-5eba-5058-986a-d59fd72b433f,52daff6b-2e12-5836-9c79-9713f4d30b59,e6a7fc53-496a-5ae2-a882-4d4bf1223c4c,83d1dcfc-cfa9-52c8-a5a3-cbb9679d5d59,1,123.0000,CASE,1476.0000,2026-04-10,2026-04-10,closed,2026-02-15T09:00:00+10:00,511758.72,split_schedule;supplier_deterioration
fcdb029a-a02a-5438-8fbc-e3039b8414aa,641dd0bb-5030-5fbc-b75c-2a936dca980e,52daff6b-2e12-5836-9c79-9713f4d30b59,23303b4e-f08b-5648-a6a2-f350ebc5143c,cd80660b-3e07-58ef-88fb-4dfd4c14f755,1,169.0000,EA,169.0000,2024-11-30,2024-11-25,closed,2024-11-16T09:00:00+10:00,36133.89,
15c415e0-dbcd-53c5-bd69-417cda42ece6,2feb2d77-c6be-5724-80f9-adbd94f4d437,52daff6b-2e12-5836-9c79-9713f4d30b59,3260e462-15f7-59e3-a229-c6e4260bb97a,cd80660b-3e07-58ef-88fb-4dfd4c14f755,1,16.0000,PALLET,7680.0000,2024-11-14,2024-11-09,closed,2024-09-17T09:00:00+10:00,3051878.40,
dae1557e-6cd5-510b-82bf-776aea2c28d7,e54a72d2-87d1-5afa-9048-84f6dc969b79,52daff6b-2e12-5836-9c79-9713f4d30b59,258787f4-7c2c-53a6-b106-204498b26f2f,cd80660b-3e07-58ef-88fb-4dfd4c14f755,1,47.0000,EA,47.0000,2025-03-28,2025-03-23,closed,2025-02-20T09:00:00+10:00,739.78,
88bb66ce-082b-5cdc-87a4-04276a8242ce,a0ce60fa-b026-5af8-9034-d5ba0875a608,52daff6b-2e12-5836-9c79-9713f4d30b59,f8133fbe-749f-5b84-a762-a62025fd96d1,cd80660b-3e07-58ef-88fb-4dfd4c14f755,1,91.0000,EA,91.0000,2024-07-17,2024-07-15,closed,2024-07-04T09:00:00+10:00,23853.83,
d4db87d3-4950-572f-ac84-d563224c14e9,c3ad142a-bd1d-50c2-9e96-cafda40b8cc7,52daff6b-2e12-5836-9c79-9713f4d30b59,733a52f6-ddae-5ec5-a1d3-e06d5ca3460e,83d1dcfc-cfa9-52c8-a5a3-cbb9679d5d59,1,102.0000,PALLET,12240.0000,2026-01-05,2026-01-03,closed,2025-12-23T09:00:00+10:00,4518273.60,missing_supplier_signal
110d6aa6-de38-56fa-81c8-6d69f0d09b9e,a504e0e2-c0c5-5168-bdee-c66bfdf4815b,52daff6b-2e12-5836-9c79-9713f4d30b59,3d05cb9b-d5a0-53d8-84f5-a6128827eb81,cd80660b-3e07-58ef-88fb-4dfd4c14f755,1,151.0000,EA,151.0000,2025-08-31,2025-08-28,closed,2025-07-19T09:00:00+10:00,63663.11,missing_supplier_signal;split_schedule
d8511309-5cca-52fb-bfc4-16d5f568a6d1,9c79b061-deb5-5819-b110-7c5d6cdb4032,52daff6b-2e12-5836-9c79-9713f4d30b59,f6f9c5be-111c-512f-b859-607b24323b36,83d1dcfc-cfa9-52c8-a5a3-cbb9679d5d59,1,27.0000,PALLET,3240.0000,2025-04-11,2025-04-07,closed,2025-02-01T09:00:00+10:00,859377.60,
feaea5d7-eaa2-5acc-a9d4-fab9aafaac44,7efaa5e7-7691-524a-84d5-3274c68fc054,52daff6b-2e12-5836-9c79-9713f4d30b59,0ddb5f45-3bf7-5460-a1dc-4b0097c4c8d6,cd80660b-3e07-58ef-88fb-4dfd4c14f755,1,102.0000,EA,102.0000,2025-07-29,2025-07-29,closed,2025-05-28T09:00:00+10:00,12666.36,
dfb7c312-e97f-50b0-a44a-510874472d28,7efaa5e7-7691-524a-84d5-3274c68fc054,52daff6b-2e12-5836-9c79-9713f4d30b59,0ddb5f45-3bf7-5460-a1dc-4b0097c4c8d6,cd80660b-3e07-58ef-88fb-4dfd4c14f755,2,102.0000,EA,102.0000,2025-07-30,2025-07-30,closed,2025-05-29T09:00:00+10:00,12666.36,
4b3a4459-c766-572a-8cbb-c50c8190227b,6934a247-3f8d-5b6c-b8de-b955f8a6ffa1,52daff6b-2e12-5836-9c79-9713f4d30b59,c893506d-df7e-55aa-9afa-b952b5e81a69,83d1dcfc-cfa9-52c8-a5a3-cbb9679d5d59,1,62.0000,EA,62.0000,2024-10-02,2024-09-28,closed,2024-07-28T09:00:00+10:00,1561.16,
007b3b43-7181-521c-8a41-cbd9b81544cd,72132dfe-323e-5b97-ba0f-fe23e5da7d10,52daff6b-2e12-5836-9c79-9713f4d30b59,b94cba32-e7de-5d7c-afea-23fba919ed21,83d1dcfc-cfa9-52c8-a5a3-cbb9679d5d59,1,36.0000,CASE,864.0000,2025-09-29,2025-09-27,closed,2025-08-08T09:00:00+10:00,167417.28,split_schedule
0983671d-f435-562a-b5c8-8fa863e23303,90addeaa-403e-5468-8111-bcc997aa1a63,52daff6b-2e12-5836-9c79-9713f4d30b59,258787f4-7c2c-53a6-b106-204498b26f2f,83d1dcfc-cfa9-52c8-a5a3-cbb9679d5d59,1,64.0000,CASE,384.0000,2025-03-21,2025-03-18,closed,2025-03-10T09:00:00+10:00,138954.24,split_schedule;supplier_deterioration
d54d2020-10dc-554a-941d-d82c1d22d7ea,a1e53b27-6b29-5395-87b1-32c1014079a3,52daff6b-2e12-5836-9c79-9713f4d30b59,ce149183-f698-5b38-9d6f-47394dafce45,83d1dcfc-cfa9-52c8-a5a3-cbb9679d5d59,1,20.0000,CASE,960.0000,2024-09-22,2024-09-17,closed,2024-09-03T09:00:00+10:00,293884.80,missing_supplier_signal;split_schedule
229ec9d4-1e72-58d1-80d8-ce9ad5f2dfe2,0d273e17-8944-5975-82f4-80dfd65a1146,52daff6b-2e12-5836-9c79-9713f4d30b59,13c36a28-138e-592b-89a5-f58427ce5201,cd80660b-3e07-58ef-88fb-4dfd4c14f755,1,216.0000,EA,216.0000,2024-10-06,2024-10-05,closed,2024-09-12T09:00:00+10:00,33000.48,
bf145419-27e2-5185-8be9-ab59f8b5ad27,236a8488-b9eb-5bf0-8e43-9d81790b67d1,52daff6b-2e12-5836-9c79-9713f4d30b59,d4b300ac-9c19-5617-8775-15b2fd6ecff3,83d1dcfc-cfa9-52c8-a5a3-cbb9679d5d59,1,122.0000,CASE,1464.0000,2026-03-22,2026-03-21,closed,2026-02-23T09:00:00+10:00,480675.12,demand_shock;missing_inventory_signal
21359023-5f8b-5023-89da-f4a10962a456,7fc7e07c-cbe4-5b05-ad40-43fe3f5c9b29,52daff6b-2e12-5836-9c79-9713f4d30b59,a7d6c9e4-45c8-576f-87b5-1b26791e19d6,cd80660b-3e07-58ef-88fb-4dfd4c14f755,1,88.0000,CASE,1056.0000,2025-09-14,2025-09-12,closed,2025-09-06T09:00:00+10:00,25333.44,supplier_deterioration
318199db-e37c-56c2-b174-28f1e50385a0,7fc7e07c-cbe4-5b05-ad40-43fe3f5c9b29,52daff6b-2e12-5836-9c79-9713f4d30b59,a7d6c9e4-45c8-576f-87b5-1b26791e19d6,cd80660b-3e07-58ef-88fb-4dfd4c14f755,2,88.0000,CASE,1056.0000,2025-09-15,2025-09-15,closed,2025-09-07T09:00:00+10:00,25333.44,supplier_deterioration
0f4e00c7-714a-529b-8f1f-5761b4e1de16,c20cab24-c05a-55b5-9b4f-636627430562,52daff6b-2e12-5836-9c79-9713f4d30b59,2bc50dec-b057-52d9-bb68-4422b67e6c08,83d1dcfc-cfa9-52c8-a5a3-cbb9679d5d59,1,115.0000,PALLET,13800.0000,2025-09-07,2025-09-04,closed,2025-06-30T09:00:00+10:00,5724516.00,
d8c01a1c-d43d-561f-850c-d2baf4e26b58,28b1dfd9-a760-577a-921d-bfc4439fe708,52daff6b-2e12-5836-9c79-9713f4d30b59,fe8d9660-d333-56ab-a5ca-bb18ef310089,83d1dcfc-cfa9-52c8-a5a3-cbb9679d5d59,1,80.0000,PALLET,38400.0000,2025-06-30,2025-06-30,closed,2025-05-13T09:00:00+10:00,3736704.00,
0714e7cb-234d-5165-927e-a29cbd4676b4,28b1dfd9-a760-577a-921d-bfc4439fe708,52daff6b-2e12-5836-9c79-9713f4d30b59,fe8d9660-d333-56ab-a5ca-bb18ef310089,83d1dcfc-cfa9-52c8-a5a3-cbb9679d5d59,2,80.0000,PALLET,38400.0000,2025-07-01,2025-06-29,closed,2025-05-14T09:00:00+10:00,3736704.00,
e8e655f3-280e-5777-a292-f4ba0c2c1ce8,cfbd845d-d3bc-53af-84f0-48a81d5bb358,52daff6b-2e12-5836-9c79-9713f4d30b59,258787f4-7c2c-53a6-b106-204498b26f2f,cd80660b-3e07-58ef-88fb-4dfd4c14f755,1,95.0000,PALLET,22800.0000,2026-03-26,2026-03-24,closed,2026-01-27T09:00:00+10:00,1860024.00,
6e0f3a67-4929-5353-8ede-bdb9f6f2da7f,4439d443-b2e1-5dd8-a38a-d29f9e1ba229,52daff6b-2e12-5836-9c79-9713f4d30b59,c893506d-df7e-55aa-9afa-b952b5e81a69,83d1dcfc-cfa9-52c8-a5a3-cbb9679d5d59,1,165.0000,PALLET,19800.0000,2025-05-20,2025-05-15,closed,2025-04-22T09:00:00+10:00,7629534.00,
2ef6b0c3-56ac-5797-be4a-e2501065f514,87139e8e-8410-5937-9738-9545157df4dc,52daff6b-2e12-5836-9c79-9713f4d30b59,156f1b61-81f0-5bee-8acc-b26bfd4d94be,83d1dcfc-cfa9-52c8-a5a3-cbb9679d5d59,1,79.0000,PALLET,9480.0000,2024-09-03,2024-08-31,closed,2024-08-18T09:00:00+10:00,2412186.00,split_schedule
3b34aa3e-11c3-5c70-9b78-1c5f2634952b,9abe715e-af8a-52d9-a1e0-8b79053e3da2,52daff6b-2e12-5836-9c79-9713f4d30b59,fadf08a0-1d4f-563b-bd91-b87b31f373eb,83d1dcfc-cfa9-52c8-a5a3-cbb9679d5d59,1,147.0000,PALLET,35280.0000,2024-12-26,2024-12-25,closed,2024-11-27T09:00:00+10:00,11247616.80,supplier_deterioration
55d544a1-1632-530f-b0bc-d69a9008e0a9,47a81703-8da9-5143-83e0-c9572da39831,52daff6b-2e12-5836-9c79-9713f4d30b59,36da40b4-9e68-5588-9074-f6f8ee0422d2,83d1dcfc-cfa9-52c8-a5a3-cbb9679d5d59,1,143.0000,CASE,6864.0000,2024-11-17,2024-11-12,closed,2024-10-10T09:00:00+10:00,2133880.32,split_schedule
43432085-7797-554d-b1bf-4514e536c545,48814169-0bdf-5a4e-8a10-e56e76eee637,52daff6b-2e12-5836-9c79-9713f4d30b59,83051d14-4fa3-53bd-ac60-523a406fc21f,cd80660b-3e07-58ef-88fb-4dfd4c14f755,1,23.0000,PALLET,11040.0000,2025-01-09,2025-01-09,closed,2024-11-18T09:00:00+10:00,4208558.40,
fb4f6f86-9dde-5385-a800-43b4c3e7eb65,7d22936f-6d41-5078-b725-f9ad33453679,52daff6b-2e12-5836-9c79-9713f4d30b59,943fffff-3f21-52fd-a307-b259a6fef658,83d1dcfc-cfa9-52c8-a5a3-cbb9679d5d59,1,179.0000,CASE,8592.0000,2025-01-08,2025-01-06,closed,2024-11-09T09:00:00+10:00,3113826.72,split_schedule
c776953b-7124-5ae9-a7c5-d648a692201b,fc70ffa1-40c9-568b-abf6-657f8e70da93,52daff6b-2e12-5836-9c79-9713f4d30b59,23303b4e-f08b-5648-a6a2-f350ebc5143c,cd80660b-3e07-58ef-88fb-4dfd4c14f755,1,157.0000,PALLET,75360.0000,2025-02-18,2025-02-14,closed,2025-01-10T09:00:00+10:00,24869553.60,
833c00e2-c690-5a28-9b33-2bb00011355c,45694d7d-1253-56e2-9504-8f5c348e0be7,52daff6b-2e12-5836-9c79-9713f4d30b59,733a52f6-ddae-5ec5-a1d3-e06d5ca3460e,cd80660b-3e07-58ef-88fb-4dfd4c14f755,1,62.0000,EA,62.0000,2026-04-17,2026-04-17,closed,2026-02-03T09:00:00+10:00,9100.98,
0591914c-04f8-5742-9261-9c4d543470b8,bc7d8145-21e4-5393-8c6d-cbecb9eaeb9f,52daff6b-2e12-5836-9c79-9713f4d30b59,e7ae4d79-bd0e-5dd7-b736-930307e54235,83d1dcfc-cfa9-52c8-a5a3-cbb9679d5d59,1,85.0000,CASE,2040.0000,2026-06-05,2026-06-02,closed,2026-03-31T09:00:00+10:00,924324.00,
f659acbf-d7d9-582f-a63c-30f7336ad5b9,02b82783-cdd4-596a-b15a-fb98b29a7812,52daff6b-2e12-5836-9c79-9713f4d30b59,36da40b4-9e68-5588-9074-f6f8ee0422d2,83d1dcfc-cfa9-52c8-a5a3-cbb9679d5d59,1,150.0000,PALLET,36000.0000,2025-11-18,2025-11-18,closed,2025-09-09T09:00:00+10:00,15641280.00,missing_supplier_signal;split_schedule
9bf2f9e4-39b2-522b-9a65-3409422d2623,ea69a9e1-8a1f-5ed8-bb8d-7b38ab9ddbe3,52daff6b-2e12-5836-9c79-9713f4d30b59,c3f298ca-9a69-574b-b887-cd9160b10d7e,83d1dcfc-cfa9-52c8-a5a3-cbb9679d5d59,1,134.0000,CASE,804.0000,2025-02-04,2025-01-31,closed,2024-11-28T09:00:00+10:00,98763.36,
422bde0b-9133-5500-ac68-38ab5f37f872,8e267c4d-53d0-5cd1-9562-aaa9a5d390db,52daff6b-2e12-5836-9c79-9713f4d30b59,fadf08a0-1d4f-563b-bd91-b87b31f373eb,83d1dcfc-cfa9-52c8-a5a3-cbb9679d5d59,1,26.0000,PALLET,6240.0000,2024-09-28,2024-09-27,closed,2024-08-16T09:00:00+10:00,2104377.60,
dd714c3a-369f-54b7-af6a-4945f5ead656,c30f42dd-18d6-58a3-9ebf-f777aa9e9143,52daff6b-2e12-5836-9c79-9713f4d30b59,5a2c36f8-ff5b-53d9-9352-fac73932d34f,83d1dcfc-cfa9-52c8-a5a3-cbb9679d5d59,1,118.0000,CASE,2832.0000,2025-03-02,2025-02-28,closed,2025-02-02T09:00:00+10:00,872425.92,
6020dbc7-5660-5019-9f81-3056634d5a2c,4bda4646-48cb-5f85-85cf-4842b63395bd,52daff6b-2e12-5836-9c79-9713f4d30b59,23303b4e-f08b-5648-a6a2-f350ebc5143c,83d1dcfc-cfa9-52c8-a5a3-cbb9679d5d59,1,121.0000,PALLET,58080.0000,2026-01-03,2026-01-01,closed,2025-12-18T09:00:00+10:00,17717884.80,
1a477cca-1090-5a5c-94bf-ee8e4ce9df16,83f86a5b-7c01-5480-9dad-403de265dc11,52daff6b-2e12-5836-9c79-9713f4d30b59,0856837c-6661-582a-8826-9267d93a18a5,83d1dcfc-cfa9-52c8-a5a3-cbb9679d5d59,1,100.0000,CASE,2400.0000,2024-10-12,2024-10-09,closed,2024-09-18T09:00:00+10:00,558408.00,
dc959217-a2f1-5d1a-8743-2a7414ae8ae1,fb856137-f680-538b-951b-be559e5af34b,52daff6b-2e12-5836-9c79-9713f4d30b59,83051d14-4fa3-53bd-ac60-523a406fc21f,83d1dcfc-cfa9-52c8-a5a3-cbb9679d5d59,1,92.0000,EA,92.0000,2025-02-10,2025-02-09,closed,2024-12-21T09:00:00+10:00,19162.68,
7ec70868-410b-5f47-91d2-3cdbaff1c68a,0aa69a85-defc-5f67-85a7-a0d8b7841d70,52daff6b-2e12-5836-9c79-9713f4d30b59,73ffaed7-94be-55a5-afed-0d1e98f52b44,cd80660b-3e07-58ef-88fb-4dfd4c14f755,1,52.0000,PALLET,6240.0000,2026-03-13,2026-03-12,closed,2026-01-06T09:00:00+10:00,2558649.60,
6da29091-97f7-5c1e-acd4-2e972c6542a5,2082e536-6068-5fe6-856a-20c451fd59e9,52daff6b-2e12-5836-9c79-9713f4d30b59,0856837c-6661-582a-8826-9267d93a18a5,cd80660b-3e07-58ef-88fb-4dfd4c14f755,1,77.0000,CASE,1848.0000,2026-01-12,2026-01-10,closed,2025-11-26T09:00:00+10:00,635619.60,split_schedule
99eb4ccf-66fe-5e22-9841-763e1106523a,2d467a48-3bc0-5fc1-a2de-4dcd026bb5e0,52daff6b-2e12-5836-9c79-9713f4d30b59,a7d6c9e4-45c8-576f-87b5-1b26791e19d6,83d1dcfc-cfa9-52c8-a5a3-cbb9679d5d59,1,43.0000,CASE,516.0000,2025-09-27,2025-09-25,closed,2025-07-22T09:00:00+10:00,42203.64,
499f1fc3-345b-5d58-91c3-c26c9f90a383,20ba59f3-1b38-53bc-bbf2-181166b52f9e,52daff6b-2e12-5836-9c79-9713f4d30b59,26f9d7d6-f6e5-5f66-b038-c4074cf38cff,83d1dcfc-cfa9-52c8-a5a3-cbb9679d5d59,1,7.0000,CASE,42.0000,2026-07-31,2026-07-30,open,2026-06-21T09:00:00+10:00,4780.44,
c0b664b1-1cc9-56b0-948a-d16441f8ae01,5863a450-141c-52b2-8fc1-2c4f85ee9584,52daff6b-2e12-5836-9c79-9713f4d30b59,ce149183-f698-5b38-9d6f-47394dafce45,cd80660b-3e07-58ef-88fb-4dfd4c14f755,1,33.0000,PALLET,3960.0000,2026-07-16,2026-07-14,open,2026-05-16T09:00:00+10:00,354222.00,
42a61371-f575-597c-8134-04a7f3cfdc4a,69a65c3d-a7ff-5cf9-88d3-bbdbb227db1f,52daff6b-2e12-5836-9c79-9713f4d30b59,156f1b61-81f0-5bee-8acc-b26bfd4d94be,83d1dcfc-cfa9-52c8-a5a3-cbb9679d5d59,1,211.0000,CASE,5064.0000,2026-07-02,2026-06-29,open,2026-05-02T09:00:00+10:00,1470383.04,
95999a92-873e-5ab5-bdec-f5ab4c45b18a,67ef137e-c39a-5e4f-8c79-6e504a90a059,52daff6b-2e12-5836-9c79-9713f4d30b59,c3f298ca-9a69-574b-b887-cd9160b10d7e,cd80660b-3e07-58ef-88fb-4dfd4c14f755,1,190.0000,CASE,1140.0000,2026-06-20,2026-06-18,open,2026-04-28T09:00:00+10:00,266007.60,
501c5d1a-54dc-5d3a-a857-358d771933cd,f693e7f8-8b66-5437-a2ad-0af47c8511ba,52daff6b-2e12-5836-9c79-9713f4d30b59,bba8ffc9-9e7c-5b77-a53d-ae09beffb73b,cd80660b-3e07-58ef-88fb-4dfd4c14f755,1,149.0000,PALLET,35760.0000,2026-08-04,2026-08-01,open,2026-06-21T09:00:00+10:00,6751845.60,
8df8805b-46c7-5b71-adc4-23fa7c2a88cf,c23d9d48-d2e9-5905-875d-f7cbda995da5,52daff6b-2e12-5836-9c79-9713f4d30b59,fb68c10a-55c0-5d65-85fe-0d8330c7d0e5,cd80660b-3e07-58ef-88fb-4dfd4c14f755,1,44.0000,PALLET,21120.0000,2026-06-25,2026-06-24,open,2026-06-13T09:00:00+10:00,8801971.20,
96dae96e-9571-5e80-8526-c749be46f060,5db09946-3506-5ce9-a2a3-6a726b8c4b94,52daff6b-2e12-5836-9c79-9713f4d30b59,e6a7fc53-496a-5ae2-a882-4d4bf1223c4c,83d1dcfc-cfa9-52c8-a5a3-cbb9679d5d59,1,173.0000,EA,173.0000,2026-07-05,2026-07-01,open,2026-05-03T09:00:00+10:00,21564.45,
0eb3762d-0d2c-56e9-888d-170b081bee22,a96bc6d9-901a-5312-a24e-4c8f21580b7f,52daff6b-2e12-5836-9c79-9713f4d30b59,0ddb5f45-3bf7-5460-a1dc-4b0097c4c8d6,cd80660b-3e07-58ef-88fb-4dfd4c14f755,1,106.0000,CASE,1272.0000,2026-07-30,2026-07-30,on_hold,2026-06-16T09:00:00+10:00,128662.80,
78964f38-ceac-5ba6-b271-1720aa45c52f,a96bc6d9-901a-5312-a24e-4c8f21580b7f,52daff6b-2e12-5836-9c79-9713f4d30b59,0ddb5f45-3bf7-5460-a1dc-4b0097c4c8d6,cd80660b-3e07-58ef-88fb-4dfd4c14f755,2,106.0000,CASE,1272.0000,2026-07-31,2026-07-27,on_hold,2026-06-17T09:00:00+10:00,128662.80,
e671f79a-e500-59ee-a50f-bdf0efe5966f,34a36bf8-3ea7-5ede-a07b-642d7b72dafc,52daff6b-2e12-5836-9c79-9713f4d30b59,943fffff-3f21-52fd-a307-b259a6fef658,83d1dcfc-cfa9-52c8-a5a3-cbb9679d5d59,1,32.0000,CASE,1536.0000,2026-07-03,2026-06-30,on_hold,2026-05-30T09:00:00+10:00,50426.88,split_schedule
ea43450a-11a7-564c-bda1-964688a107dd,cb0a58cb-6d7d-505e-ab03-fda7308eba39,52daff6b-2e12-5836-9c79-9713f4d30b59,13c36a28-138e-592b-89a5-f58427ce5201,83d1dcfc-cfa9-52c8-a5a3-cbb9679d5d59,1,193.0000,EA,193.0000,2026-06-23,2026-06-23,open,2026-05-23T09:00:00+10:00,56722.70,
b80ffaee-2547-5017-9570-e8b387cc73a6,84f967e7-b08d-56de-be1d-10dfdf0dc623,52daff6b-2e12-5836-9c79-9713f4d30b59,23303b4e-f08b-5648-a6a2-f350ebc5143c,cd80660b-3e07-58ef-88fb-4dfd4c14f755,1,154.0000,EA,154.0000,2026-07-13,2026-07-08,open,2026-05-13T09:00:00+10:00,6084.54,missing_inventory_signal;split_schedule
2f559003-5f5b-5d85-8daa-5c326a10f1a5,1274e6f3-b6af-59f2-8b15-ec5273ce784b,52daff6b-2e12-5836-9c79-9713f4d30b59,83051d14-4fa3-53bd-ac60-523a406fc21f,cd80660b-3e07-58ef-88fb-4dfd4c14f755,1,58.0000,PALLET,27840.0000,2026-07-17,2026-07-12,open,2026-06-10T09:00:00+10:00,880300.80,
b07cb131-447e-53ee-a861-8d7321d9a98e,4f870043-6859-5bae-a261-596bfefeae64,52daff6b-2e12-5836-9c79-9713f4d30b59,ce149183-f698-5b38-9d6f-47394dafce45,cd80660b-3e07-58ef-88fb-4dfd4c14f755,1,180.0000,EA,180.0000,2026-08-04,2026-08-03,open,2026-05-31T09:00:00+10:00,74926.80,
0de0b2d5-52bf-52c2-8f28-4e2632a79fd8,020bbbcf-ba14-5571-9371-84f63257bf60,52daff6b-2e12-5836-9c79-9713f4d30b59,0856837c-6661-582a-8826-9267d93a18a5,cd80660b-3e07-58ef-88fb-4dfd4c14f755,1,131.0000,CASE,3144.0000,2026-07-09,2026-07-06,open,2026-06-14T09:00:00+10:00,118120.08,split_schedule
c464a39e-c015-5793-af55-72e7bd0ae71f,5096eb4b-57a6-5e02-9cb5-80fcce3dc454,52daff6b-2e12-5836-9c79-9713f4d30b59,802e4010-8aa6-5fb1-bc87-5f2947921061,83d1dcfc-cfa9-52c8-a5a3-cbb9679d5d59,1,25.0000,EA,25.0000,2026-06-20,2026-06-18,open,2026-05-17T09:00:00+10:00,3600.75,split_schedule
440a06c6-a01c-5693-8a96-bbee65794972,28e402f4-13cf-5b10-9fc1-61be6b12e430,52daff6b-2e12-5836-9c79-9713f4d30b59,802e4010-8aa6-5fb1-bc87-5f2947921061,83d1dcfc-cfa9-52c8-a5a3-cbb9679d5d59,1,44.0000,CASE,2112.0000,2026-06-20,2026-06-16,open,2026-05-10T09:00:00+10:00,281930.88,split_schedule
8aa84f2a-3957-55d9-9748-018d6c7f112b,97b7ba0f-447c-5992-85e9-a76792aac805,52daff6b-2e12-5836-9c79-9713f4d30b59,e6a7fc53-496a-5ae2-a882-4d4bf1223c4c,cd80660b-3e07-58ef-88fb-4dfd4c14f755,1,142.0000,EA,142.0000,2026-07-28,2026-07-25,open,2026-05-13T09:00:00+10:00,15583.08,
f6468102-ce54-5ac9-a9bf-fce22cbdaccf,57091412-8265-5e6e-a668-f35f422b049f,52daff6b-2e12-5836-9c79-9713f4d30b59,9de01ee7-8a99-53e4-9894-1eb2457782be,cd80660b-3e07-58ef-88fb-4dfd4c14f755,1,62.0000,CASE,372.0000,2026-06-27,2026-06-26,open,2026-06-05T09:00:00+10:00,40176.00,missing_supplier_signal
0392d813-000c-544e-8b20-4124bbd6e6d5,f562b0e3-e479-5200-845b-f38069e7f712,52daff6b-2e12-5836-9c79-9713f4d30b59,a7d6c9e4-45c8-576f-87b5-1b26791e19d6,83d1dcfc-cfa9-52c8-a5a3-cbb9679d5d59,1,50.0000,CASE,600.0000,2026-06-20,2026-06-19,open,2026-05-09T09:00:00+10:00,277404.00,receipt_reversal
12c17d6f-266e-5f01-818b-af6db9383cc4,6245ccde-23ea-5459-93da-2823b8af6b90,52daff6b-2e12-5836-9c79-9713f4d30b59,fadf08a0-1d4f-563b-bd91-b87b31f373eb,83d1dcfc-cfa9-52c8-a5a3-cbb9679d5d59,1,201.0000,CASE,9648.0000,2026-07-04,2026-07-01,open,2026-04-30T09:00:00+10:00,1900752.48,supplier_commitment_breach
75672a4d-f27c-524e-bfbe-8fb478611b2e,48ed627a-0055-5133-b9bc-111f2f7c28f3,52daff6b-2e12-5836-9c79-9713f4d30b59,e7ae4d79-bd0e-5dd7-b736-930307e54235,83d1dcfc-cfa9-52c8-a5a3-cbb9679d5d59,1,18.0000,PALLET,2160.0000,2026-07-19,2026-07-17,open,2026-06-05T09:00:00+10:00,776131.20,supplier_deterioration
7dbb5935-fb85-591e-8272-646ad1fa0d9d,dd4499bf-56bf-5b8d-88bf-c7cc009b76b7,52daff6b-2e12-5836-9c79-9713f4d30b59,b57530b6-83a1-5572-a798-20246dda47c5,cd80660b-3e07-58ef-88fb-4dfd4c14f755,1,130.0000,EA,130.0000,2026-08-04,2026-07-30,open,2026-06-15T09:00:00+10:00,60626.80,demand_shock
741bfdbd-c4c8-592f-ab3c-9bed1be435a1,34a94756-0101-53d3-ae7f-b13beb47b1c9,52daff6b-2e12-5836-9c79-9713f4d30b59,3d05cb9b-d5a0-53d8-84f5-a6128827eb81,cd80660b-3e07-58ef-88fb-4dfd4c14f755,1,82.0000,PALLET,19680.0000,2026-08-04,2026-07-31,open,2026-06-28T09:00:00+10:00,2584574.40,receipt_correction
0266b78f-fe77-5a76-8c75-1649e1e3f8ca,2164ee6f-8623-5da5-8c46-291823ffa56e,52daff6b-2e12-5836-9c79-9713f4d30b59,381d75e6-fb26-5f96-9820-6bdce61f0879,83d1dcfc-cfa9-52c8-a5a3-cbb9679d5d59,1,135.0000,EA,135.0000,2026-07-29,2026-07-29,open,2026-06-23T09:00:00+10:00,60312.60,split_schedule
6169630b-1382-562a-8eb9-9fe35d92956a,e352c6c8-f604-5992-8022-9093ab1ff4df,52daff6b-2e12-5836-9c79-9713f4d30b59,c3f298ca-9a69-574b-b887-cd9160b10d7e,83d1dcfc-cfa9-52c8-a5a3-cbb9679d5d59,1,121.0000,PALLET,14520.0000,2026-07-17,2026-07-16,open,2026-05-12T09:00:00+10:00,2144168.40,inventory_reallocation_opportunity
262b0f31-2ec0-5c15-96a6-66bfcb237d9e,cdc0784f-19e1-507f-b963-e356d5f52824,52daff6b-2e12-5836-9c79-9713f4d30b59,fb68c10a-55c0-5d65-85fe-0d8330c7d0e5,cd80660b-3e07-58ef-88fb-4dfd4c14f755,1,100.0000,CASE,2400.0000,2026-08-04,2026-07-31,on_hold,2026-06-11T09:00:00+10:00,875664.00,false_positive_source_data_correction
b525d43d-8140-5798-821f-40201b148507,2c383d3a-d0b1-5dee-910d-a3b56916e241,52daff6b-2e12-5836-9c79-9713f4d30b59,381d75e6-fb26-5f96-9820-6bdce61f0879,cd80660b-3e07-58ef-88fb-4dfd4c14f755,1,120.0000,EA,120.0000,2026-06-26,2026-06-26,open,2026-05-06T09:00:00+10:00,56712.00,overdue_critical_order
af39e3c2-ada3-56f8-b6e5-e3b279921cbb,c1c8f959-e8b1-5e8c-a79d-f8566f1057cd,52daff6b-2e12-5836-9c79-9713f4d30b59,c893506d-df7e-55aa-9afa-b952b5e81a69,83d1dcfc-cfa9-52c8-a5a3-cbb9679d5d59,1,48.0000,CASE,1152.0000,2026-06-20,2026-06-15,open,2026-05-10T09:00:00+10:00,230434.56,partial_receipt_remaining_exposure
9fad2dc1-b7d8-5b12-8a1a-13f1f9ac3a60,fba26f22-480f-545e-839a-f909ba148543,52daff6b-2e12-5836-9c79-9713f4d30b59,26f9d7d6-f6e5-5f66-b038-c4074cf38cff,cd80660b-3e07-58ef-88fb-4dfd4c14f755,1,197.0000,EA,197.0000,2026-06-20,2026-06-17,open,2026-05-11T09:00:00+10:00,46273.33,missing_inventory_signal
fd7afa39-4261-5de4-9cf5-bd2952de2498,6ab7ad2f-5c4d-569c-8389-8a4e4242e8a5,52daff6b-2e12-5836-9c79-9713f4d30b59,e7ae4d79-bd0e-5dd7-b736-930307e54235,cd80660b-3e07-58ef-88fb-4dfd4c14f755,1,104.0000,EA,104.0000,2026-06-20,2026-06-17,open,2026-06-07T09:00:00+10:00,3677.44,missing_supplier_signal
