id,source_system_id,po_number,synthetic_data_flag
f793ba36-2e88-58a1-9080-44c283419b25,c169851f-18a3-51fb-a3fb-9af1d41a47ef,PO-0000001,true
4875aa72-2311-59d7-877f-b6e30c4d6ff6,c169851f-18a3-51fb-a3fb-9af1d41a47ef,PO-0000002,true
d3b2c071-3c7a-5013-8805-8798f670fb50,c169851f-18a3-51fb-a3fb-9af1d41a47ef,PO-0000003,true
40a14704-a926-51cb-8357-51d52efdd60f,c169851f-18a3-51fb-a3fb-9af1d41a47ef,PO-0000004,true
1a11e1ba-21aa-5a34-9990-3e3b511c3c2b,c169851f-18a3-51fb-a3fb-9af1d41a47ef,PO-0000005,true
b23f6021-a5db-5e74-889a-3e92fd9b5b12,c169851f-18a3-51fb-a3fb-9af1d41a47ef,PO-0000006,true
34809ba7-373d-5b1f-9dae-0b3ce60d2db8,c169851f-18a3-51fb-a3fb-9af1d41a47ef,PO-0000007,true
1e9c5bd9-e5df-57e6-bb78-0b3b6b648f0f,c169851f-18a3-51fb-a3fb-9af1d41a47ef,PO-0000008,true
da0e2aa9-919e-535c-896a-11f346b6c05b,c169851f-18a3-51fb-a3fb-9af1d41a47ef,PO-0000009,true
c5fc2e44-2aa7-5cee-b261-bb3db2691b8d,c169851f-18a3-51fb-a3fb-9af1d41a47ef,PO-0000010,true
2274f736-e941-57b1-aa86-f8a49e7dabc4,c169851f-18a3-51fb-a3fb-9af1d41a47ef,PO-0000011,true
21f9a97f-08db-514d-bba7-d2e58cca9448,c169851f-18a3-51fb-a3fb-9af1d41a47ef,PO-0000012,true
2029517c-86b2-54de-b675-268914448c6f,c169851f-18a3-51fb-a3fb-9af1d41a47ef,PO-0000013,true
f8f74e83-d6df-5de1-ae3d-d427f21e1b44,c169851f-18a3-51fb-a3fb-9af1d41a47ef,PO-0000014,true
6b7388e2-f438-5dd9-92c6-72c71fe43fda,c169851f-18a3-51fb-a3fb-9af1d41a47ef,PO-0000015,true
621cb04e-e5c4-5410-8775-f6fe13f6bf0e,c169851f-18a3-51fb-a3fb-9af1d41a47ef,PO-0000016,true
5b951ba1-33a9-5680-a64f-88aec4ac56be,c169851f-18a3-51fb-a3fb-9af1d41a47ef,PO-0000017,true
53207493-7d11-549e-b25d-da7cf17a7017,c169851f-18a3-51fb-a3fb-9af1d41a47ef,PO-0000018,true
1fe40671-790b-5a79-b202-977187e7d09b,c169851f-18a3-51fb-a3fb-9af1d41a47ef,PO-0000019,true
0ba70863-3542-53c9-9108-f970955bdef9,c169851f-18a3-51fb-a3fb-9af1d41a47ef,PO-0000020,true
ac929c29-a5cd-5d26-8ab2-e1a9a694ad7c,c169851f-18a3-51fb-a3fb-9af1d41a47ef,PO-0000021,true
dc7f2dc2-539d-5a92-98ea-b3506774ef08,c169851f-18a3-51fb-a3fb-9af1d41a47ef,PO-0000022,true
3702cdf5-4182-5e94-b351-5b1bc374b923,c169851f-18a3-51fb-a3fb-9af1d41a47ef,PO-0000023,true
7066352e-bb46-5084-83b4-5007e2120a49,c169851f-18a3-51fb-a3fb-9af1d41a47ef,PO-0000024,true
197720a7-7c32-55ff-ada8-c0daf9925e7f,c169851f-18a3-51fb-a3fb-9af1d41a47ef,PO-0000025,true
d33eb42c-2fca-594a-b3ce-3ffe8de897f5,c169851f-18a3-51fb-a3fb-9af1d41a47ef,PO-0000026,true
403ed1cf-b200-5aa4-8c11-972eac15c82f,c169851f-18a3-51fb-a3fb-9af1d41a47ef,PO-0000027,true
06f1bbfa-9a98-5ae9-9443-c72b3336a904,c169851f-18a3-51fb-a3fb-9af1d41a47ef,PO-0000028,true
1f59362f-e7d7-553f-aaec-3946086f69cb,c169851f-18a3-51fb-a3fb-9af1d41a47ef,PO-0000029,true
57a9b4f9-29f0-5d90-a426-e620d3bd13a1,c169851f-18a3-51fb-a3fb-9af1d41a47ef,PO-0000030,true
7d479378-b423-5abd-88e3-8852581b314d,c169851f-18a3-51fb-a3fb-9af1d41a47ef,PO-0000031,true
34938298-1e9b-5101-b198-5d9313c871b1,c169851f-18a3-51fb-a3fb-9af1d41a47ef,PO-0000032,true
7447b1af-e764-5022-92fb-b1a42525582d,c169851f-18a3-51fb-a3fb-9af1d41a47ef,PO-0000033,true
a51025d3-32bd-55c2-bbb6-c9ad64145865,c169851f-18a3-51fb-a3fb-9af1d41a47ef,PO-0000034,true
917aa535-1ed3-5c97-a5c4-8f5fd3055c0a,c169851f-18a3-51fb-a3fb-9af1d41a47ef,PO-0000035,true
7f0ac92f-cf39-5f8a-b377-d9b39b2663af,c169851f-18a3-51fb-a3fb-9af1d41a47ef,PO-0000036,true
bd207620-076a-566b-abf8-e9655c5c80c2,c169851f-18a3-51fb-a3fb-9af1d41a47ef,PO-0000037,true
10d1ab12-b1b4-56a2-8abc-44f913f9f74a,c169851f-18a3-51fb-a3fb-9af1d41a47ef,PO-0000038,true
2e4e1fc2-111f-5481-ac90-144f53053e4a,c169851f-18a3-51fb-a3fb-9af1d41a47ef,PO-0000039,true
c90842c9-cba6-5933-8746-d0165c9a2010,c169851f-18a3-51fb-a3fb-9af1d41a47ef,PO-0000040,true
aea6d233-6471-54b3-a1ae-fc19a905828a,c169851f-18a3-51fb-a3fb-9af1d41a47ef,PO-0000041,true
bc072b32-879d-5a42-ac04-0d329f72f700,c169851f-18a3-51fb-a3fb-9af1d41a47ef,PO-0000042,true
675445c7-2ffc-5c90-93c1-cb16cd596945,c169851f-18a3-51fb-a3fb-9af1d41a47ef,PO-0000043,true
aeb83215-724e-586e-9947-7bdc5b7a794d,c169851f-18a3-51fb-a3fb-9af1d41a47ef,PO-0000044,true
54afda41-d696-5f59-89a7-a1e68d202d91,c169851f-18a3-51fb-a3fb-9af1d41a47ef,PO-0000045,true
22f07970-5d7d-5636-bb40-cb1fb5a93268,c169851f-18a3-51fb-a3fb-9af1d41a47ef,PO-0000046,true
bd063c40-e6c4-5d9f-89d0-e868d8f22952,c169851f-18a3-51fb-a3fb-9af1d41a47ef,PO-0000047,true
e0e14aca-457c-56b1-997e-12b688ea8d7f,c169851f-18a3-51fb-a3fb-9af1d41a47ef,PO-0000048,true
82156181-aabe-5f06-8e8a-f24080e840a5,c169851f-18a3-51fb-a3fb-9af1d41a47ef,PO-0000049,true
db02c3c7-2d96-5b24-a97f-c2d4b800c48a,c169851f-18a3-51fb-a3fb-9af1d41a47ef,PO-0000050,true
45ef3768-9f5a-5fed-93d9-4f8a83e12e71,c169851f-18a3-51fb-a3fb-9af1d41a47ef,PO-0000051,true
db96893f-44ed-5136-bb8c-9d7a6378c32d,c169851f-18a3-51fb-a3fb-9af1d41a47ef,PO-0000052,true
a056fb01-b8de-5ae4-b80f-d22b2e00a72d,c169851f-18a3-51fb-a3fb-9af1d41a47ef,PO-0000053,true
e8926f31-e81c-5374-8fc5-bdfb8c86b538,c169851f-18a3-51fb-a3fb-9af1d41a47ef,PO-0000054,true
9345622d-389d-5d73-b1a2-11d0871868aa,c169851f-18a3-51fb-a3fb-9af1d41a47ef,PO-0000055,true
64813682-f05e-5761-a84e-36916f40e49a,c169851f-18a3-51fb-a3fb-9af1d41a47ef,PO-0000056,true
913bac01-56da-5f94-883c-cd8bd8c3f20c,c169851f-18a3-51fb-a3fb-9af1d41a47ef,PO-0000057,true
2ec0acaf-1833-5fe5-9bb8-3894c20db565,c169851f-18a3-51fb-a3fb-9af1d41a47ef,PO-0000058,true
510d5140-4193-56e9-a231-cf2f75cbb2c7,c169851f-18a3-51fb-a3fb-9af1d41a47ef,PO-0000059,true
2c2f6b3a-a42c-5060-b8e6-397f62f2ee52,c169851f-18a3-51fb-a3fb-9af1d41a47ef,PO-0000060,true
c38f238a-f6c5-5680-885a-aff7fe7ce470,c169851f-18a3-51fb-a3fb-9af1d41a47ef,PO-0000061,true
05fd588a-b18d-51d5-b493-2276c914bede,c169851f-18a3-51fb-a3fb-9af1d41a47ef,PO-0000062,true
a4e1a621-b8c0-5924-875d-cd2ef9427a9a,c169851f-18a3-51fb-a3fb-9af1d41a47ef,PO-0000063,true
635beae1-3291-5239-a0aa-73dc52d17dc5,c169851f-18a3-51fb-a3fb-9af1d41a47ef,PO-0000064,true
8b3a4b54-f9e5-5111-8553-633988718f07,c169851f-18a3-51fb-a3fb-9af1d41a47ef,PO-0000065,true
9c020320-fe01-56cf-8f5c-9a22f80ef7e0,c169851f-18a3-51fb-a3fb-9af1d41a47ef,PO-0000066,true
c9239759-57a3-5eaa-914c-6557a28350e8,c169851f-18a3-51fb-a3fb-9af1d41a47ef,PO-0000067,true
844f1178-6f6a-57a0-ae71-2a83b1d4f313,c169851f-18a3-51fb-a3fb-9af1d41a47ef,PO-0000068,true
2dec3f25-08f7-5955-8fd8-7870656a6a0b,c169851f-18a3-51fb-a3fb-9af1d41a47ef,PO-0000069,true
4fb9b005-5160-51fe-a572-03c3fc832bb7,c169851f-18a3-51fb-a3fb-9af1d41a47ef,PO-0000070,true
e36fdd21-4e77-50cf-b327-1a2c20f895f4,c169851f-18a3-51fb-a3fb-9af1d41a47ef,PO-0000071,true
c6d91ed1-6a9d-5e09-a155-0798f2e49089,c169851f-18a3-51fb-a3fb-9af1d41a47ef,PO-0000072,true
fede1be0-ceb6-51c5-bff2-46b85107c6b9,c169851f-18a3-51fb-a3fb-9af1d41a47ef,PO-0000073,true
23198268-a876-561d-82cc-8cd11e386336,c169851f-18a3-51fb-a3fb-9af1d41a47ef,PO-0000074,true
9ad5667a-51dc-5a03-b0d8-ca809da86080,c169851f-18a3-51fb-a3fb-9af1d41a47ef,PO-0000075,true
3da24a4b-4928-5faa-b1c9-21593705157c,c169851f-18a3-51fb-a3fb-9af1d41a47ef,PO-0000076,true
6c508b69-9dff-55b5-8684-568ffa0fb3be,c169851f-18a3-51fb-a3fb-9af1d41a47ef,PO-0000077,true
2e22e117-2635-538b-9e02-ef5bf0b44250,c169851f-18a3-51fb-a3fb-9af1d41a47ef,PO-0000078,true
e097add3-5d75-59ad-a9c6-5da9822386d7,c169851f-18a3-51fb-a3fb-9af1d41a47ef,PO-0000079,true
6c8043df-f440-584b-96c2-cdf1ffb32a68,c169851f-18a3-51fb-a3fb-9af1d41a47ef,PO-0000080,true
fb0af56a-ab52-566a-9c01-208c911e063b,c169851f-18a3-51fb-a3fb-9af1d41a47ef,PO-0000081,true
264fbe7a-4af8-534b-9384-d55dc79c4186,c169851f-18a3-51fb-a3fb-9af1d41a47ef,PO-0000082,true
a7457550-db5c-5fe2-bb61-fd34313ba9cb,c169851f-18a3-51fb-a3fb-9af1d41a47ef,PO-0000083,true
beb5cada-9d1b-5ac4-9447-807027f8410e,c169851f-18a3-51fb-a3fb-9af1d41a47ef,PO-0000084,true
8a49100f-7ad5-504b-97aa-e2e012433499,c169851f-18a3-51fb-a3fb-9af1d41a47ef,PO-0000085,true
4612ffcd-5245-50de-9da4-5459b1bfecd9,c169851f-18a3-51fb-a3fb-9af1d41a47ef,PO-0000086,true
24df502c-8572-5b01-83c8-45ab6f390188,c169851f-18a3-51fb-a3fb-9af1d41a47ef,PO-0000087,true
3293325d-5057-5563-88df-f5ee7a5b63fc,c169851f-18a3-51fb-a3fb-9af1d41a47ef,PO-0000088,true
0b9d7765-dfe9-5350-80d8-008ea96e414c,c169851f-18a3-51fb-a3fb-9af1d41a47ef,PO-0000089,true
ae3f3c36-873b-56e5-95e1-26ad58fef816,c169851f-18a3-51fb-a3fb-9af1d41a47ef,PO-0000090,true
f9075a8e-6512-5bae-aa51-3107d619c54b,c169851f-18a3-51fb-a3fb-9af1d41a47ef,PO-0000091,true
c52e49d0-c6f2-500f-a9ac-c7559e6b512f,c169851f-18a3-51fb-a3fb-9af1d41a47ef,PO-0000092,true
083744f1-c358-53f7-ad3f-649d957cf293,c169851f-18a3-51fb-a3fb-9af1d41a47ef,PO-0000093,true
5c67d664-2fc7-5704-a31d-29928b5f024f,c169851f-18a3-51fb-a3fb-9af1d41a47ef,PO-0000094,true
cfaea660-d57c-5dae-8022-18af8c8f14fd,c169851f-18a3-51fb-a3fb-9af1d41a47ef,PO-0000095,true
3d6b3067-4a66-5356-9294-467544ac7a3f,c169851f-18a3-51fb-a3fb-9af1d41a47ef,PO-0000096,true
601b404f-3046-5af8-9aec-6e40a592e877,c169851f-18a3-51fb-a3fb-9af1d41a47ef,PO-0000097,true
0ca610d8-78f4-529c-b6dc-66be31b60d36,c169851f-18a3-51fb-a3fb-9af1d41a47ef,PO-0000098,true
eb7ccf31-eb4c-5ac7-956d-4ec493b7cb19,c169851f-18a3-51fb-a3fb-9af1d41a47ef,PO-0000099,true
05cf541c-26fa-5cec-bebe-5ce667e1c014,c169851f-18a3-51fb-a3fb-9af1d41a47ef,PO-0000100,true
aab9ae94-8a2b-552c-9ecd-036b7f5243db,c169851f-18a3-51fb-a3fb-9af1d41a47ef,PO-0000101,true
b63f7ace-4aa4-57c5-9c00-18b021774ee9,c169851f-18a3-51fb-a3fb-9af1d41a47ef,PO-0000102,true
93e6f333-95d7-5604-93fc-20d41f8c37d9,c169851f-18a3-51fb-a3fb-9af1d41a47ef,PO-0000103,true
a0914bf5-e8c3-5cbf-bf51-f4415bde7c61,c169851f-18a3-51fb-a3fb-9af1d41a47ef,PO-0000104,true
b2f11789-c684-5991-aa07-1dfcb5f2a0ff,c169851f-18a3-51fb-a3fb-9af1d41a47ef,PO-0000105,true
22241f81-5769-59a4-8faa-44dc30e835b8,c169851f-18a3-51fb-a3fb-9af1d41a47ef,PO-0000106,true
