id,purchase_order_id,canonical_line_key,synthetic_data_flag
bc1b72de-5c04-5c9e-a521-5dafe99d39ad,f793ba36-2e88-58a1-9080-44c283419b25,POL-00000001,true
3c7415da-2e3d-5d66-8de4-9ae45c8a5ef0,f793ba36-2e88-58a1-9080-44c283419b25,POL-00000002,true
c1ebeff0-1d0a-5b64-9b59-2f1d15ff8f42,4875aa72-2311-59d7-877f-b6e30c4d6ff6,POL-00000003,true
5f1ef0f1-e915-5eea-80fc-279e37c35736,4875aa72-2311-59d7-877f-b6e30c4d6ff6,POL-00000004,true
9bb31f47-5933-5c0b-96a9-a7cab9768925,4875aa72-2311-59d7-877f-b6e30c4d6ff6,POL-00000005,true
169c8472-68ac-5f94-a83e-4407991dbbed,d3b2c071-3c7a-5013-8805-8798f670fb50,POL-00000006,true
a6f46d12-2805-52d3-813c-4a7419e40b54,40a14704-a926-51cb-8357-51d52efdd60f,POL-00000007,true
6b9730b6-21eb-505f-a45d-9c57d3c86fc7,40a14704-a926-51cb-8357-51d52efdd60f,POL-00000008,true
79420c16-afb5-56df-a2b4-d93e71e71f5d,1a11e1ba-21aa-5a34-9990-3e3b511c3c2b,POL-00000009,true
a0a10f6d-12c8-5674-9741-c3731075b0f2,b23f6021-a5db-5e74-889a-3e92fd9b5b12,POL-00000010,true
3db4fcb7-69b2-5566-942b-e7d4c58dee1e,b23f6021-a5db-5e74-889a-3e92fd9b5b12,POL-00000011,true
34441233-560b-5b65-a286-5108f76a33ef,b23f6021-a5db-5e74-889a-3e92fd9b5b12,POL-00000012,true
25187d66-acb0-5687-9e42-b33e6a037e1c,b23f6021-a5db-5e74-889a-3e92fd9b5b12,POL-00000013,true
08744c8d-0e61-5f54-b4a6-d04b0ab974a6,b23f6021-a5db-5e74-889a-3e92fd9b5b12,POL-00000014,true
c5ca62a4-2f0f-5b33-806a-6be8fce15bf5,34809ba7-373d-5b1f-9dae-0b3ce60d2db8,POL-00000015,true
e05643b4-50bf-5570-ae8b-26fb0498c7ed,34809ba7-373d-5b1f-9dae-0b3ce60d2db8,POL-00000016,true
3b61bbac-32ae-53ef-a93b-14c36ce3f69e,34809ba7-373d-5b1f-9dae-0b3ce60d2db8,POL-00000017,true
fbc77c24-ce2c-5380-80fc-2c89e3eabce8,1e9c5bd9-e5df-57e6-bb78-0b3b6b648f0f,POL-00000018,true
b0ee4c5a-a8c3-5b7a-b085-850298a7b7e1,da0e2aa9-919e-535c-896a-11f346b6c05b,POL-00000019,true
ec607270-f5c5-5f93-82ba-c63e80a5f2b4,da0e2aa9-919e-535c-896a-11f346b6c05b,POL-00000020,true
f66a333a-1041-5291-a7dd-abd95a50b8b1,c5fc2e44-2aa7-5cee-b261-bb3db2691b8d,POL-00000021,true
b718bd51-ed12-52f8-956f-2efc43f07066,2274f736-e941-57b1-aa86-f8a49e7dabc4,POL-00000022,true
fd8fdabe-4ad7-5d84-b597-bf2fff4848fb,2274f736-e941-57b1-aa86-f8a49e7dabc4,POL-00000023,true
d22827f7-a7bf-5bd2-bf0b-a5a1083a39fa,21f9a97f-08db-514d-bba7-d2e58cca9448,POL-00000024,true
80d83a2c-f968-5bd4-8921-b6de7fbf49c4,21f9a97f-08db-514d-bba7-d2e58cca9448,POL-00000025,true
06cfe717-1ad3-594f-a89d-87ce247576d3,21f9a97f-08db-514d-bba7-d2e58cca9448,POL-00000026,true
47145abc-775b-5315-91bd-88821a91f93f,2029517c-86b2-54de-b675-268914448c6f,POL-00000027,true
98b839a9-1729-5594-9052-7c1aeab0e49f,f8f74e83-d6df-5de1-ae3d-d427f21e1b44,POL-00000028,true
1bf76ce1-1bb3-5c61-ad18-3158ab3ad95f,f8f74e83-d6df-5de1-ae3d-d427f21e1b44,POL-00000029,true
195f6276-08bb-5bce-b97e-105457612217,6b7388e2-f438-5dd9-92c6-72c71fe43fda,POL-00000030,true
c462ad18-3ac3-55ba-9e84-884e1028f93a,621cb04e-e5c4-5410-8775-f6fe13f6bf0e,POL-00000031,true
0011c8b0-49e0-54b0-b611-a326d9a531f5,621cb04e-e5c4-5410-8775-f6fe13f6bf0e,POL-00000032,true
d17b1755-7202-55ed-9061-0f3d2c004bb4,621cb04e-e5c4-5410-8775-f6fe13f6bf0e,POL-00000033,true
fd59b3a2-4e5c-5d79-a6eb-5df370c7cab3,621cb04e-e5c4-5410-8775-f6fe13f6bf0e,POL-00000034,true
ac5d1971-a942-5f45-8a71-1e4c34dcc0e0,621cb04e-e5c4-5410-8775-f6fe13f6bf0e,POL-00000035,true
2f5b3101-e6ae-565e-952d-dd4a1f9d3dd5,5b951ba1-33a9-5680-a64f-88aec4ac56be,POL-00000036,true
be4699fb-24f2-5244-98aa-bca3fe216696,53207493-7d11-549e-b25d-da7cf17a7017,POL-00000037,true
fb3447b6-0c01-5b9e-8ef2-3bbc0617c190,53207493-7d11-549e-b25d-da7cf17a7017,POL-00000038,true
a00c208a-f092-5a8d-ba9d-bc4b9abf710d,1fe40671-790b-5a79-b202-977187e7d09b,POL-00000039,true
e4580ee9-c958-5e49-8a90-a7245ac1bdc9,0ba70863-3542-53c9-9108-f970955bdef9,POL-00000040,true
e8c1edd8-91d7-5faa-b016-b04e73ca09ff,0ba70863-3542-53c9-9108-f970955bdef9,POL-00000041,true
ce11f1e1-7d3d-51fc-9a8f-e4e3942c531c,0ba70863-3542-53c9-9108-f970955bdef9,POL-00000042,true
8d48c95d-aa17-551b-9dab-c5013cba4766,0ba70863-3542-53c9-9108-f970955bdef9,POL-00000043,true
48371b30-3edd-53dc-9c05-07084ba3c371,ac929c29-a5cd-5d26-8ab2-e1a9a694ad7c,POL-00000044,true
1da9178b-18a7-5908-8654-cdfdbdef1e0b,dc7f2dc2-539d-5a92-98ea-b3506774ef08,POL-00000045,true
5d1de95a-e527-55df-8506-5944f16a4d1a,dc7f2dc2-539d-5a92-98ea-b3506774ef08,POL-00000046,true
268047c5-7bb6-5a2c-8413-c4bf1828da77,dc7f2dc2-539d-5a92-98ea-b3506774ef08,POL-00000047,true
aa536455-e8a9-50ac-addd-12bc7d8439df,3702cdf5-4182-5e94-b351-5b1bc374b923,POL-00000048,true
40e2419c-574f-5c46-8acf-f4d6780f7cd3,7066352e-bb46-5084-83b4-5007e2120a49,POL-00000049,true
672a6653-9c5d-540d-bc1e-d6aa60560389,7066352e-bb46-5084-83b4-5007e2120a49,POL-00000050,true
98c09698-fcb6-5a1d-bb96-2c45722b59cc,197720a7-7c32-55ff-ada8-c0daf9925e7f,POL-00000051,true
17cbb4fb-943b-5ea5-80a5-bb5ae59cca9e,197720a7-7c32-55ff-ada8-c0daf9925e7f,POL-00000052,true
19348610-5606-568b-86e0-9fcac79abd51,d33eb42c-2fca-594a-b3ce-3ffe8de897f5,POL-00000053,true
5c25d575-9588-525c-b788-cb817421c9a7,d33eb42c-2fca-594a-b3ce-3ffe8de897f5,POL-00000054,true
39c700e7-e8e3-5dfb-931c-5cacc743cbd9,d33eb42c-2fca-594a-b3ce-3ffe8de897f5,POL-00000055,true
aede0822-2f3d-58fa-bcde-67c948375d9a,d33eb42c-2fca-594a-b3ce-3ffe8de897f5,POL-00000056,true
9ce6418b-2170-565b-937f-4a40f24ad836,d33eb42c-2fca-594a-b3ce-3ffe8de897f5,POL-00000057,true
9c527f33-028f-5d47-bae6-724120323b24,d33eb42c-2fca-594a-b3ce-3ffe8de897f5,POL-00000058,true
892f7ae3-ffbb-56a8-8b27-eb482fe89442,403ed1cf-b200-5aa4-8c11-972eac15c82f,POL-00000059,true
8e6266e1-0d57-5a73-91cd-49f77a77c869,06f1bbfa-9a98-5ae9-9443-c72b3336a904,POL-00000060,true
aa298ba8-ff19-58fb-936b-99006e553db4,06f1bbfa-9a98-5ae9-9443-c72b3336a904,POL-00000061,true
bf27940f-7320-5d0f-be59-ce3a9a08920c,06f1bbfa-9a98-5ae9-9443-c72b3336a904,POL-00000062,true
58e65b23-7b42-562c-9d22-f9a1eef929e9,1f59362f-e7d7-553f-aaec-3946086f69cb,POL-00000063,true
79058de5-6ced-5adc-801f-2adc8b6a1aae,1f59362f-e7d7-553f-aaec-3946086f69cb,POL-00000064,true
62da9cca-e860-54c6-bc92-f23053841f10,1f59362f-e7d7-553f-aaec-3946086f69cb,POL-00000065,true
835b1afa-e602-50be-8f14-ad2dab6dbd0c,57a9b4f9-29f0-5d90-a426-e620d3bd13a1,POL-00000066,true
1bce04b7-af7d-5240-bb17-283c06d07e2c,57a9b4f9-29f0-5d90-a426-e620d3bd13a1,POL-00000067,true
edfacbfe-c0e9-5b83-8a88-ea2ddade2505,7d479378-b423-5abd-88e3-8852581b314d,POL-00000068,true
e26658c5-824d-5ebd-a362-95b01d88784a,34938298-1e9b-5101-b198-5d9313c871b1,POL-00000069,true
badea73f-2fb7-5106-b94b-ddad16222504,7447b1af-e764-5022-92fb-b1a42525582d,POL-00000070,true
63e8d0b5-1cdb-594b-a6f2-cf99b8ccc40c,7447b1af-e764-5022-92fb-b1a42525582d,POL-00000071,true
a47fefeb-7ed5-5842-a4bc-7f2387f48323,7447b1af-e764-5022-92fb-b1a42525582d,POL-00000072,true
ae167c82-e1e3-5f71-a79c-b7bd04602684,7447b1af-e764-5022-92fb-b1a42525582d,POL-00000073,true
bf65fab1-9bb1-5c27-8057-6245bcb4145f,7447b1af-e764-5022-92fb-b1a42525582d,POL-00000074,true
95d2075c-06f6-5921-b556-b3801af2cc97,a51025d3-32bd-55c2-bbb6-c9ad64145865,POL-00000075,true
c2e4bc54-bb14-5994-9714-79dedadc7d5a,a51025d3-32bd-55c2-bbb6-c9ad64145865,POL-00000076,true
51029d3e-8bcf-552b-ab8e-73a61667720c,a51025d3-32bd-55c2-bbb6-c9ad64145865,POL-00000077,true
e411fb3a-577f-59d7-9270-d71cfb9f857f,a51025d3-32bd-55c2-bbb6-c9ad64145865,POL-00000078,true
b3ad5c07-0879-50eb-8b63-c914819f4557,a51025d3-32bd-55c2-bbb6-c9ad64145865,POL-00000079,true
908e4463-b10d-5c8b-bb53-54aea6287028,a51025d3-32bd-55c2-bbb6-c9ad64145865,POL-00000080,true
f16f9758-c3b7-5fdc-a33e-bbf4795057a8,917aa535-1ed3-5c97-a5c4-8f5fd3055c0a,POL-00000081,true
71a874ad-7418-5660-a76c-cb742a43eef2,917aa535-1ed3-5c97-a5c4-8f5fd3055c0a,POL-00000082,true
52c00efb-e404-51dd-b010-f330cd8675df,917aa535-1ed3-5c97-a5c4-8f5fd3055c0a,POL-00000083,true
e067cf82-399c-5a02-a0ab-60a00039a528,917aa535-1ed3-5c97-a5c4-8f5fd3055c0a,POL-00000084,true
7093b327-e34d-52b4-8804-c7205737e0d1,7f0ac92f-cf39-5f8a-b377-d9b39b2663af,POL-00000085,true
c3977d7b-a25a-5238-a4b2-dd1730c3a4c6,7f0ac92f-cf39-5f8a-b377-d9b39b2663af,POL-00000086,true
1986de63-67d9-5898-82f3-586c85389f7d,7f0ac92f-cf39-5f8a-b377-d9b39b2663af,POL-00000087,true
79bd8471-f158-56c5-b380-bf24d630bbc4,7f0ac92f-cf39-5f8a-b377-d9b39b2663af,POL-00000088,true
e2dc985e-3d7b-5249-8649-eb730712172d,bd207620-076a-566b-abf8-e9655c5c80c2,POL-00000089,true
9cc258ce-8584-5d52-bc8c-7e5177de3100,bd207620-076a-566b-abf8-e9655c5c80c2,POL-00000090,true
84c77b48-cd90-57da-93fa-6524adc2ca64,bd207620-076a-566b-abf8-e9655c5c80c2,POL-00000091,true
dcdefc65-3772-584c-b071-3715bcd1f4ab,10d1ab12-b1b4-56a2-8abc-44f913f9f74a,POL-00000092,true
929837a9-fc2f-58b0-b586-e9d5549c4bf7,2e4e1fc2-111f-5481-ac90-144f53053e4a,POL-00000093,true
f3dfe35e-3f70-59b9-811b-0e6a79cc3a9f,2e4e1fc2-111f-5481-ac90-144f53053e4a,POL-00000094,true
02f68fdb-1945-57a8-bbbe-aa77be70e9d4,2e4e1fc2-111f-5481-ac90-144f53053e4a,POL-00000095,true
882b71bc-78a8-5c68-892e-0a1d21e8ab81,2e4e1fc2-111f-5481-ac90-144f53053e4a,POL-00000096,true
de36a33a-a0d5-5131-bf84-251c788a2d19,2e4e1fc2-111f-5481-ac90-144f53053e4a,POL-00000097,true
96a1841e-9c2b-5a52-b6f2-c80d4fc423d3,c90842c9-cba6-5933-8746-d0165c9a2010,POL-00000098,true
c39c6ce8-69fb-5a2b-8b54-185a94119a47,c90842c9-cba6-5933-8746-d0165c9a2010,POL-00000099,true
ffbfb137-4af0-562a-abfa-3ed8803628f7,aea6d233-6471-54b3-a1ae-fc19a905828a,POL-00000100,true
462f8a8a-6a22-55c4-8e10-5955c96cfd7c,aea6d233-6471-54b3-a1ae-fc19a905828a,POL-00000101,true
d2a8808c-fb88-5b33-ad8f-5757905a6f45,aea6d233-6471-54b3-a1ae-fc19a905828a,POL-00000102,true
d823b655-8b96-5352-adfb-b09cfe3ff09e,aea6d233-6471-54b3-a1ae-fc19a905828a,POL-00000103,true
3dbc788e-4fc6-530a-baf4-e8588c4638c9,aea6d233-6471-54b3-a1ae-fc19a905828a,POL-00000104,true
4cdfb0cf-5c65-5736-96d0-2c3a18205662,aea6d233-6471-54b3-a1ae-fc19a905828a,POL-00000105,true
d74a323e-f134-5bee-a79a-ae9ca2302b36,bc072b32-879d-5a42-ac04-0d329f72f700,POL-00000106,true
145000c9-83e4-5e12-a308-c7a4efd86f80,675445c7-2ffc-5c90-93c1-cb16cd596945,POL-00000107,true
08228a0a-fead-5763-a110-0fbae787a714,675445c7-2ffc-5c90-93c1-cb16cd596945,POL-00000108,true
4d3536ec-2d13-5092-bee1-0eab950db4f6,aeb83215-724e-586e-9947-7bdc5b7a794d,POL-00000109,true
47162640-a7ea-5360-be33-cf7809016677,aeb83215-724e-586e-9947-7bdc5b7a794d,POL-00000110,true
00dc368d-46ce-53ba-aa74-372caa23d77f,aeb83215-724e-586e-9947-7bdc5b7a794d,POL-00000111,true
9cbeb2da-d95e-5698-b5ff-df741201e330,aeb83215-724e-586e-9947-7bdc5b7a794d,POL-00000112,true
29c53d62-0f2a-569e-bd23-0baaddecb094,54afda41-d696-5f59-89a7-a1e68d202d91,POL-00000113,true
11adbf92-554f-5ee5-8493-75b71128aa0c,22f07970-5d7d-5636-bb40-cb1fb5a93268,POL-00000114,true
7fc5655b-2706-515d-9a46-4f8381eba9fe,22f07970-5d7d-5636-bb40-cb1fb5a93268,POL-00000115,true
357f6560-db19-527a-b643-4ccfabc42af0,22f07970-5d7d-5636-bb40-cb1fb5a93268,POL-00000116,true
d998ca38-778d-57b3-96f3-853d7cda39a4,bd063c40-e6c4-5d9f-89d0-e868d8f22952,POL-00000117,true
eebe4995-2521-5206-ba1d-679ade730706,bd063c40-e6c4-5d9f-89d0-e868d8f22952,POL-00000118,true
fab2f861-2ae3-572d-a38a-4be3d0e3f211,bd063c40-e6c4-5d9f-89d0-e868d8f22952,POL-00000119,true
9ee3c1c4-e6a3-5924-818a-df08c6b8141f,bd063c40-e6c4-5d9f-89d0-e868d8f22952,POL-00000120,true
58e8df19-cb37-55fa-9c92-18518d464c45,e0e14aca-457c-56b1-997e-12b688ea8d7f,POL-00000121,true
d67bdb83-fed3-5184-837e-175991e221c1,82156181-aabe-5f06-8e8a-f24080e840a5,POL-00000122,true
8f044fab-5e0d-57fd-8793-ece7459d7993,db02c3c7-2d96-5b24-a97f-c2d4b800c48a,POL-00000123,true
09554ed4-d33d-5312-8013-c55a8975e05a,db02c3c7-2d96-5b24-a97f-c2d4b800c48a,POL-00000124,true
2878b9b1-ca6a-5f7d-9847-6edbb62d0641,db02c3c7-2d96-5b24-a97f-c2d4b800c48a,POL-00000125,true
8ae03cd7-a70c-5ed8-9f08-64bceb7fcd26,45ef3768-9f5a-5fed-93d9-4f8a83e12e71,POL-00000126,true
838cb9f2-fc23-5d11-b215-9156d970350c,db96893f-44ed-5136-bb8c-9d7a6378c32d,POL-00000127,true
58661070-9c5b-5273-81b2-9ed34aa8fc54,db96893f-44ed-5136-bb8c-9d7a6378c32d,POL-00000128,true
eb448e62-4e87-5b8e-98ab-8b510bbaad41,db96893f-44ed-5136-bb8c-9d7a6378c32d,POL-00000129,true
6a6f7350-a718-5509-8435-a21b8f26bc5a,a056fb01-b8de-5ae4-b80f-d22b2e00a72d,POL-00000130,true
ca742467-8c3c-5527-90bd-95b94e38588d,a056fb01-b8de-5ae4-b80f-d22b2e00a72d,POL-00000131,true
d57b64a6-cc81-5d3e-930a-2554462e96b4,a056fb01-b8de-5ae4-b80f-d22b2e00a72d,POL-00000132,true
0f32f0a8-3025-5828-82d6-1de6c9141a49,e8926f31-e81c-5374-8fc5-bdfb8c86b538,POL-00000133,true
a3a9d84a-fd4c-5dfd-b97a-41b8ee50bf73,e8926f31-e81c-5374-8fc5-bdfb8c86b538,POL-00000134,true
88f66cee-46ee-52a0-b982-4b85cd0c3878,e8926f31-e81c-5374-8fc5-bdfb8c86b538,POL-00000135,true
715fb631-4d84-5ee6-84ec-78b162d593c1,e8926f31-e81c-5374-8fc5-bdfb8c86b538,POL-00000136,true
9c1ea9dd-f757-5691-b94c-18fbb100b615,e8926f31-e81c-5374-8fc5-bdfb8c86b538,POL-00000137,true
f630b228-21eb-5290-b85f-d8cf940ff6a4,9345622d-389d-5d73-b1a2-11d0871868aa,POL-00000138,true
6ebf00dc-c8e4-584d-9918-4cd6be761326,64813682-f05e-5761-a84e-36916f40e49a,POL-00000139,true
25a61bbb-1397-5b78-b511-6a6ca7b8e7a9,913bac01-56da-5f94-883c-cd8bd8c3f20c,POL-00000140,true
ff52bf3d-3085-570c-a005-cda53150a7fe,913bac01-56da-5f94-883c-cd8bd8c3f20c,POL-00000141,true
54e45966-1b7b-5c2f-a912-718435feadd5,913bac01-56da-5f94-883c-cd8bd8c3f20c,POL-00000142,true
e2191bba-ab41-5cc2-847d-c0204df046e1,2ec0acaf-1833-5fe5-9bb8-3894c20db565,POL-00000143,true
eb44da56-30cc-5681-aba6-4e33f758d1d6,2ec0acaf-1833-5fe5-9bb8-3894c20db565,POL-00000144,true
10862e63-daf3-5f53-ab7e-7891b132ec6f,510d5140-4193-56e9-a231-cf2f75cbb2c7,POL-00000145,true
0334fb3e-920d-51a6-a6ca-04dab00a654d,510d5140-4193-56e9-a231-cf2f75cbb2c7,POL-00000146,true
51607152-a019-5b5d-bb57-55c68b0e5f3e,510d5140-4193-56e9-a231-cf2f75cbb2c7,POL-00000147,true
bc30ee9f-4785-5348-a18e-470aa0099e48,2c2f6b3a-a42c-5060-b8e6-397f62f2ee52,POL-00000148,true
4a91a6a0-8caa-5725-a3a1-128b9336f13e,2c2f6b3a-a42c-5060-b8e6-397f62f2ee52,POL-00000149,true
3bb10f4b-339b-5869-9a5e-8a319adb83d7,2c2f6b3a-a42c-5060-b8e6-397f62f2ee52,POL-00000150,true
29083f59-3526-532f-8b0a-f5c5b1f06f28,2c2f6b3a-a42c-5060-b8e6-397f62f2ee52,POL-00000151,true
6d613d2d-11e2-55d5-b0f4-a8cf572c4178,2c2f6b3a-a42c-5060-b8e6-397f62f2ee52,POL-00000152,true
0437ba15-4eda-5526-aa40-64962c056d6d,c38f238a-f6c5-5680-885a-aff7fe7ce470,POL-00000153,true
a38b901d-d0f4-56bb-85ba-7e70f8866156,c38f238a-f6c5-5680-885a-aff7fe7ce470,POL-00000154,true
77a335b0-f76a-5a8f-805b-096ac95001c1,c38f238a-f6c5-5680-885a-aff7fe7ce470,POL-00000155,true
a087a4f7-76b3-57ee-a2c2-eed7c2c4d7a8,c38f238a-f6c5-5680-885a-aff7fe7ce470,POL-00000156,true
8f3b0bc3-1fda-5ff9-bd01-d0987ffbf056,c38f238a-f6c5-5680-885a-aff7fe7ce470,POL-00000157,true
86b41b2c-8089-5ef2-afac-2861af67d47b,05fd588a-b18d-51d5-b493-2276c914bede,POL-00000158,true
03623eea-a8cb-5ce8-a432-055ad86d38c3,05fd588a-b18d-51d5-b493-2276c914bede,POL-00000159,true
d829883d-37a7-57c8-9759-d7118fefd1ac,a4e1a621-b8c0-5924-875d-cd2ef9427a9a,POL-00000160,true
fd515219-9963-5043-86bb-4125192e6ba4,a4e1a621-b8c0-5924-875d-cd2ef9427a9a,POL-00000161,true
bd9c6d3b-0cc4-5191-9d68-6bb68a5cc8ac,a4e1a621-b8c0-5924-875d-cd2ef9427a9a,POL-00000162,true
ac3f9ca3-6fd8-5ff6-b511-8984d5a49bae,a4e1a621-b8c0-5924-875d-cd2ef9427a9a,POL-00000163,true
3167b658-ad3e-55c2-864b-9f6dc5cf3dcf,635beae1-3291-5239-a0aa-73dc52d17dc5,POL-00000164,true
73a6e20b-fdf7-5c3d-a4fd-f94173898ae3,635beae1-3291-5239-a0aa-73dc52d17dc5,POL-00000165,true
3b48f4fb-2796-5b7c-9f2e-d8d4b972a310,8b3a4b54-f9e5-5111-8553-633988718f07,POL-00000166,true
6ea98f6f-2b50-5e3b-824d-8120b0e4163a,9c020320-fe01-56cf-8f5c-9a22f80ef7e0,POL-00000167,true
6db46820-2f74-5def-b029-9d8e6ebba03c,9c020320-fe01-56cf-8f5c-9a22f80ef7e0,POL-00000168,true
a52e64b5-c2ad-5f39-9ea8-fad292a6581d,9c020320-fe01-56cf-8f5c-9a22f80ef7e0,POL-00000169,true
1051b290-e3df-5e4b-91b6-4df2456bae4a,9c020320-fe01-56cf-8f5c-9a22f80ef7e0,POL-00000170,true
7cbfffa6-f459-5e3e-8b69-90ad43abe3eb,9c020320-fe01-56cf-8f5c-9a22f80ef7e0,POL-00000171,true
6328348e-f21e-59e8-907c-dcfcc8ed8c3c,9c020320-fe01-56cf-8f5c-9a22f80ef7e0,POL-00000172,true
f4534cb9-f16a-5f73-b4ce-66fa4d5c107a,c9239759-57a3-5eaa-914c-6557a28350e8,POL-00000173,true
8ef43d8d-27bc-5938-8c1b-b1e2ca89d36f,844f1178-6f6a-57a0-ae71-2a83b1d4f313,POL-00000174,true
38319365-d5c6-5f50-931e-707d4cfd5a62,2dec3f25-08f7-5955-8fd8-7870656a6a0b,POL-00000175,true
d6abc4da-f115-5b65-b1c6-24ec0beb36d9,4fb9b005-5160-51fe-a572-03c3fc832bb7,POL-00000176,true
7b1d57d2-9def-5ae8-b1ea-6014af93de99,4fb9b005-5160-51fe-a572-03c3fc832bb7,POL-00000177,true
aa9bc1aa-faaf-5950-9cea-b651777b1fc2,4fb9b005-5160-51fe-a572-03c3fc832bb7,POL-00000178,true
65f37411-19b1-54e4-88ba-0fd64e01acd8,4fb9b005-5160-51fe-a572-03c3fc832bb7,POL-00000179,true
4903bb3a-76ca-5dc7-9961-ff14c62c986e,4fb9b005-5160-51fe-a572-03c3fc832bb7,POL-00000180,true
cf639996-6d2e-5123-be62-fb7f7eab431e,4fb9b005-5160-51fe-a572-03c3fc832bb7,POL-00000181,true
2776f346-c05f-5822-af31-fd30273b4e53,e36fdd21-4e77-50cf-b327-1a2c20f895f4,POL-00000182,true
dde59706-7141-558f-944c-4019addff4bb,e36fdd21-4e77-50cf-b327-1a2c20f895f4,POL-00000183,true
2269f77c-358a-5f22-b58e-8258c8d46bc7,e36fdd21-4e77-50cf-b327-1a2c20f895f4,POL-00000184,true
d8113daa-29fc-5dcc-9e23-5f69a82f1f4c,e36fdd21-4e77-50cf-b327-1a2c20f895f4,POL-00000185,true
06198182-6bc2-563a-81a9-041e059cfa54,c6d91ed1-6a9d-5e09-a155-0798f2e49089,POL-00000186,true
29db1425-b742-5939-a46c-6586f1925402,c6d91ed1-6a9d-5e09-a155-0798f2e49089,POL-00000187,true
1bfc6b4c-bc10-5068-a0e3-c7a048fce5d8,fede1be0-ceb6-51c5-bff2-46b85107c6b9,POL-00000188,true
f808a450-df33-58af-b40d-9392767007aa,23198268-a876-561d-82cc-8cd11e386336,POL-00000189,true
1a3f0e75-ab4b-57b6-abd7-9c332f61126f,9ad5667a-51dc-5a03-b0d8-ca809da86080,POL-00000190,true
b37b2dff-2f3f-5b80-b78e-137c5ae9abb2,9ad5667a-51dc-5a03-b0d8-ca809da86080,POL-00000191,true
22e08307-9602-5ed6-a421-690a03941285,3da24a4b-4928-5faa-b1c9-21593705157c,POL-00000192,true
cf5d0a12-5eba-5058-986a-d59fd72b433f,3da24a4b-4928-5faa-b1c9-21593705157c,POL-00000193,true
641dd0bb-5030-5fbc-b75c-2a936dca980e,3da24a4b-4928-5faa-b1c9-21593705157c,POL-00000194,true
2feb2d77-c6be-5724-80f9-adbd94f4d437,3da24a4b-4928-5faa-b1c9-21593705157c,POL-00000195,true
e54a72d2-87d1-5afa-9048-84f6dc969b79,6c508b69-9dff-55b5-8684-568ffa0fb3be,POL-00000196,true
a0ce60fa-b026-5af8-9034-d5ba0875a608,6c508b69-9dff-55b5-8684-568ffa0fb3be,POL-00000197,true
c3ad142a-bd1d-50c2-9e96-cafda40b8cc7,6c508b69-9dff-55b5-8684-568ffa0fb3be,POL-00000198,true
a504e0e2-c0c5-5168-bdee-c66bfdf4815b,6c508b69-9dff-55b5-8684-568ffa0fb3be,POL-00000199,true
9c79b061-deb5-5819-b110-7c5d6cdb4032,6c508b69-9dff-55b5-8684-568ffa0fb3be,POL-00000200,true
7efaa5e7-7691-524a-84d5-3274c68fc054,2e22e117-2635-538b-9e02-ef5bf0b44250,POL-00000201,true
6934a247-3f8d-5b6c-b8de-b955f8a6ffa1,e097add3-5d75-59ad-a9c6-5da9822386d7,POL-00000202,true
72132dfe-323e-5b97-ba0f-fe23e5da7d10,e097add3-5d75-59ad-a9c6-5da9822386d7,POL-00000203,true
90addeaa-403e-5468-8111-bcc997aa1a63,6c8043df-f440-584b-96c2-cdf1ffb32a68,POL-00000204,true
a1e53b27-6b29-5395-87b1-32c1014079a3,6c8043df-f440-584b-96c2-cdf1ffb32a68,POL-00000205,true
0d273e17-8944-5975-82f4-80dfd65a1146,6c8043df-f440-584b-96c2-cdf1ffb32a68,POL-00000206,true
236a8488-b9eb-5bf0-8e43-9d81790b67d1,fb0af56a-ab52-566a-9c01-208c911e063b,POL-00000207,true
7fc7e07c-cbe4-5b05-ad40-43fe3f5c9b29,fb0af56a-ab52-566a-9c01-208c911e063b,POL-00000208,true
c20cab24-c05a-55b5-9b4f-636627430562,fb0af56a-ab52-566a-9c01-208c911e063b,POL-00000209,true
28b1dfd9-a760-577a-921d-bfc4439fe708,264fbe7a-4af8-534b-9384-d55dc79c4186,POL-00000210,true
cfbd845d-d3bc-53af-84f0-48a81d5bb358,a7457550-db5c-5fe2-bb61-fd34313ba9cb,POL-00000211,true
4439d443-b2e1-5dd8-a38a-d29f9e1ba229,a7457550-db5c-5fe2-bb61-fd34313ba9cb,POL-00000212,true
87139e8e-8410-5937-9738-9545157df4dc,a7457550-db5c-5fe2-bb61-fd34313ba9cb,POL-00000213,true
9abe715e-af8a-52d9-a1e0-8b79053e3da2,a7457550-db5c-5fe2-bb61-fd34313ba9cb,POL-00000214,true
47a81703-8da9-5143-83e0-c9572da39831,beb5cada-9d1b-5ac4-9447-807027f8410e,POL-00000215,true
48814169-0bdf-5a4e-8a10-e56e76eee637,8a49100f-7ad5-504b-97aa-e2e012433499,POL-00000216,true
7d22936f-6d41-5078-b725-f9ad33453679,8a49100f-7ad5-504b-97aa-e2e012433499,POL-00000217,true
fc70ffa1-40c9-568b-abf6-657f8e70da93,8a49100f-7ad5-504b-97aa-e2e012433499,POL-00000218,true
45694d7d-1253-56e2-9504-8f5c348e0be7,8a49100f-7ad5-504b-97aa-e2e012433499,POL-00000219,true
bc7d8145-21e4-5393-8c6d-cbecb9eaeb9f,8a49100f-7ad5-504b-97aa-e2e012433499,POL-00000220,true
02b82783-cdd4-596a-b15a-fb98b29a7812,8a49100f-7ad5-504b-97aa-e2e012433499,POL-00000221,true
ea69a9e1-8a1f-5ed8-bb8d-7b38ab9ddbe3,4612ffcd-5245-50de-9da4-5459b1bfecd9,POL-00000222,true
8e267c4d-53d0-5cd1-9562-aaa9a5d390db,4612ffcd-5245-50de-9da4-5459b1bfecd9,POL-00000223,true
c30f42dd-18d6-58a3-9ebf-f777aa9e9143,24df502c-8572-5b01-83c8-45ab6f390188,POL-00000224,true
4bda4646-48cb-5f85-85cf-4842b63395bd,24df502c-8572-5b01-83c8-45ab6f390188,POL-00000225,true
83f86a5b-7c01-5480-9dad-403de265dc11,24df502c-8572-5b01-83c8-45ab6f390188,POL-00000226,true
fb856137-f680-538b-951b-be559e5af34b,24df502c-8572-5b01-83c8-45ab6f390188,POL-00000227,true
0aa69a85-defc-5f67-85a7-a0d8b7841d70,3293325d-5057-5563-88df-f5ee7a5b63fc,POL-00000228,true
2082e536-6068-5fe6-856a-20c451fd59e9,0b9d7765-dfe9-5350-80d8-008ea96e414c,POL-00000229,true
2d467a48-3bc0-5fc1-a2de-4dcd026bb5e0,0b9d7765-dfe9-5350-80d8-008ea96e414c,POL-00000230,true
20ba59f3-1b38-53bc-bbf2-181166b52f9e,0b9d7765-dfe9-5350-80d8-008ea96e414c,POL-00000231,true
5863a450-141c-52b2-8fc1-2c4f85ee9584,0b9d7765-dfe9-5350-80d8-008ea96e414c,POL-00000232,true
69a65c3d-a7ff-5cf9-88d3-bbdbb227db1f,ae3f3c36-873b-56e5-95e1-26ad58fef816,POL-00000233,true
67ef137e-c39a-5e4f-8c79-6e504a90a059,f9075a8e-6512-5bae-aa51-3107d619c54b,POL-00000234,true
f693e7f8-8b66-5437-a2ad-0af47c8511ba,f9075a8e-6512-5bae-aa51-3107d619c54b,POL-00000235,true
c23d9d48-d2e9-5905-875d-f7cbda995da5,c52e49d0-c6f2-500f-a9ac-c7559e6b512f,POL-00000236,true
5db09946-3506-5ce9-a2a3-6a726b8c4b94,083744f1-c358-53f7-ad3f-649d957cf293,POL-00000237,true
a96bc6d9-901a-5312-a24e-4c8f21580b7f,083744f1-c358-53f7-ad3f-649d957cf293,POL-00000238,true
34a36bf8-3ea7-5ede-a07b-642d7b72dafc,083744f1-c358-53f7-ad3f-649d957cf293,POL-00000239,true
cb0a58cb-6d7d-505e-ab03-fda7308eba39,5c67d664-2fc7-5704-a31d-29928b5f024f,POL-00000240,true
84f967e7-b08d-56de-be1d-10dfdf0dc623,cfaea660-d57c-5dae-8022-18af8c8f14fd,POL-00000241,true
1274e6f3-b6af-59f2-8b15-ec5273ce784b,3d6b3067-4a66-5356-9294-467544ac7a3f,POL-00000242,true
4f870043-6859-5bae-a261-596bfefeae64,3d6b3067-4a66-5356-9294-467544ac7a3f,POL-00000243,true
020bbbcf-ba14-5571-9371-84f63257bf60,3d6b3067-4a66-5356-9294-467544ac7a3f,POL-00000244,true
5096eb4b-57a6-5e02-9cb5-80fcce3dc454,3d6b3067-4a66-5356-9294-467544ac7a3f,POL-00000245,true
28e402f4-13cf-5b10-9fc1-61be6b12e430,3d6b3067-4a66-5356-9294-467544ac7a3f,POL-00000246,true
97b7ba0f-447c-5992-85e9-a76792aac805,3d6b3067-4a66-5356-9294-467544ac7a3f,POL-00000247,true
57091412-8265-5e6e-a668-f35f422b049f,601b404f-3046-5af8-9aec-6e40a592e877,POL-00000248,true
f562b0e3-e479-5200-845b-f38069e7f712,601b404f-3046-5af8-9aec-6e40a592e877,POL-00000249,true
6245ccde-23ea-5459-93da-2823b8af6b90,601b404f-3046-5af8-9aec-6e40a592e877,POL-00000250,true
48ed627a-0055-5133-b9bc-111f2f7c28f3,601b404f-3046-5af8-9aec-6e40a592e877,POL-00000251,true
dd4499bf-56bf-5b8d-88bf-c7cc009b76b7,0ca610d8-78f4-529c-b6dc-66be31b60d36,POL-00000252,true
34a94756-0101-53d3-ae7f-b13beb47b1c9,0ca610d8-78f4-529c-b6dc-66be31b60d36,POL-00000253,true
2164ee6f-8623-5da5-8c46-291823ffa56e,eb7ccf31-eb4c-5ac7-956d-4ec493b7cb19,POL-00000254,true
e352c6c8-f604-5992-8022-9093ab1ff4df,05cf541c-26fa-5cec-bebe-5ce667e1c014,POL-00000255,true
cdc0784f-19e1-507f-b963-e356d5f52824,aab9ae94-8a2b-552c-9ecd-036b7f5243db,POL-00000256,true
2c383d3a-d0b1-5dee-910d-a3b56916e241,aab9ae94-8a2b-552c-9ecd-036b7f5243db,POL-00000257,true
c1c8f959-e8b1-5e8c-a79d-f8566f1057cd,b63f7ace-4aa4-57c5-9c00-18b021774ee9,POL-00000258,true
fba26f22-480f-545e-839a-f909ba148543,93e6f333-95d7-5604-93fc-20d41f8c37d9,POL-00000259,true
6ab7ad2f-5c4d-569c-8389-8a4e4242e8a5,93e6f333-95d7-5604-93fc-20d41f8c37d9,POL-00000260,true
