id,source_system_id,source_load_id,po_line_id,receipt_document,receipt_item_sequence,transaction_type,source_quantity,source_uom,base_quantity,posted_at,corrects_receipt_id,late_receipt_flag,scenario_ids,scenario_types
300fba0c-99e4-5085-8c24-d18f85658332,c169851f-18a3-51fb-a3fb-9af1d41a47ef,125bbdd1-36ce-5f61-836e-13fa1af040d9,bc1b72de-5c04-5c9e-a521-5dafe99d39ad,RCV-000000001,1,receipt,181.0000,EA,181.0000,2025-11-23T14:01:00+10:00,,false,,
57bf148c-af3b-5e16-bcec-70eb7c2ffd66,c169851f-18a3-51fb-a3fb-9af1d41a47ef,125bbdd1-36ce-5f61-836e-13fa1af040d9,3c7415da-2e3d-5d66-8de4-9ae45c8a5ef0,RCV-000000002,1,receipt,5520.0000,EA,5520.0000,2024-11-22T14:01:00+10:00,,false,,
2335e91e-61c5-5779-a594-da9f82209d43,c169851f-18a3-51fb-a3fb-9af1d41a47ef,125bbdd1-36ce-5f61-836e-13fa1af040d9,c1ebeff0-1d0a-5b64-9b59-2f1d15ff8f42,RCV-000000003,1,receipt,2280.0000,EA,2280.0000,2025-04-17T14:01:00+10:00,,false,f7fa42e3-02ed-5c3f-9dd4-bac6e4e176e0,demand_shock
ee4a2251-6cc9-5188-accb-91e10452bbef,c169851f-18a3-51fb-a3fb-9af1d41a47ef,125bbdd1-36ce-5f61-836e-13fa1af040d9,c1ebeff0-1d0a-5b64-9b59-2f1d15ff8f42,RCV-000000004,1,receipt,2280.0000,EA,2280.0000,2025-04-14T14:02:00+10:00,,false,f7fa42e3-02ed-5c3f-9dd4-bac6e4e176e0,demand_shock
5ecbf4c3-3496-5461-8a70-8e048df78fa2,c169851f-18a3-51fb-a3fb-9af1d41a47ef,125bbdd1-36ce-5f61-836e-13fa1af040d9,c1ebeff0-1d0a-5b64-9b59-2f1d15ff8f42,RCV-000000005,1,receipt,2280.0000,EA,2280.0000,2025-04-17T14:03:00+10:00,,false,f7fa42e3-02ed-5c3f-9dd4-bac6e4e176e0,demand_shock
aa4f743c-d535-5ec6-be33-1db2c6fe536e,c169851f-18a3-51fb-a3fb-9af1d41a47ef,125bbdd1-36ce-5f61-836e-13fa1af040d9,c1ebeff0-1d0a-5b64-9b59-2f1d15ff8f42,RCV-000000006,1,receipt,2280.0000,EA,2280.0000,2025-04-12T14:04:00+10:00,,false,f7fa42e3-02ed-5c3f-9dd4-bac6e4e176e0,demand_shock
e3bf5438-a78c-5b0e-9b62-bf28b4dc85c0,c169851f-18a3-51fb-a3fb-9af1d41a47ef,125bbdd1-36ce-5f61-836e-13fa1af040d9,5f1ef0f1-e915-5eea-80fc-279e37c35736,RCV-000000007,1,receipt,75360.0000,EA,75360.0000,2026-04-04T14:01:00+10:00,,true,,
5f36e41e-7ad4-5117-b52e-d5487868afc2,c169851f-18a3-51fb-a3fb-9af1d41a47ef,125bbdd1-36ce-5f61-836e-13fa1af040d9,9bb31f47-5933-5c0b-96a9-a7cab9768925,RCV-000000008,1,receipt,1896.0000,EA,1896.0000,2025-07-16T14:01:00+10:00,,false,,
1ad1e9e2-eff5-5b41-839f-ffeaf21b162f,c169851f-18a3-51fb-a3fb-9af1d41a47ef,125bbdd1-36ce-5f61-836e-13fa1af040d9,169c8472-68ac-5f94-a83e-4407991dbbed,RCV-000000009,1,receipt,4800.0000,EA,4800.0000,2026-01-08T14:01:00+10:00,,true,,
aec569dd-051e-5af1-9b55-1bbfbb987ce6,c169851f-18a3-51fb-a3fb-9af1d41a47ef,125bbdd1-36ce-5f61-836e-13fa1af040d9,a6f46d12-2805-52d3-813c-4a7419e40b54,RCV-000000010,1,receipt,117.0000,EA,117.0000,2024-10-31T14:01:00+10:00,,false,,
8a8fb412-e9cc-553e-bdd0-bf79fbe8449c,c169851f-18a3-51fb-a3fb-9af1d41a47ef,125bbdd1-36ce-5f61-836e-13fa1af040d9,6b9730b6-21eb-505f-a45d-9c57d3c86fc7,RCV-000000011,1,receipt,168.0000,EA,168.0000,2026-03-13T14:01:00+10:00,,true,9f7993a5-8e41-5a73-aebb-922cc38f1e39,split_schedule
843ae9c1-ff37-5736-930d-54d22cc642b3,c169851f-18a3-51fb-a3fb-9af1d41a47ef,125bbdd1-36ce-5f61-836e-13fa1af040d9,79420c16-afb5-56df-a2b4-d93e71e71f5d,RCV-000000012,1,receipt,5616.0000,EA,5616.0000,2025-11-09T14:01:00+10:00,,false,,
52cba2df-e6fb-54de-90d9-30bde61ae13e,c169851f-18a3-51fb-a3fb-9af1d41a47ef,125bbdd1-36ce-5f61-836e-13fa1af040d9,a0a10f6d-12c8-5674-9741-c3731075b0f2,RCV-000000013,1,receipt,24240.0000,EA,24240.0000,2025-05-25T14:01:00+10:00,,false,b1d3b62c-1272-57ee-b639-785fa11a605b,split_schedule
a1575349-ff61-5b1d-9016-4db60729e7a9,c169851f-18a3-51fb-a3fb-9af1d41a47ef,125bbdd1-36ce-5f61-836e-13fa1af040d9,a0a10f6d-12c8-5674-9741-c3731075b0f2,RCV-000000014,1,receipt,24240.0000,EA,24240.0000,2025-05-22T14:02:00+10:00,,false,b1d3b62c-1272-57ee-b639-785fa11a605b,split_schedule
4af916ac-7aa8-5456-ba38-969d54b2b69d,c169851f-18a3-51fb-a3fb-9af1d41a47ef,125bbdd1-36ce-5f61-836e-13fa1af040d9,3db4fcb7-69b2-5566-942b-e7d4c58dee1e,RCV-000000015,1,receipt,45.0000,EA,45.0000,2025-06-14T14:01:00+10:00,,true,f0d8a5b9-cff2-5b01-94da-6c05f67a421e;21a6ea2b-8786-5e0c-ae0b-7e8d16bf4f31,missing_supplier_signal;split_schedule
89adbb90-b897-5f4e-897c-77b6947944c3,c169851f-18a3-51fb-a3fb-9af1d41a47ef,125bbdd1-36ce-5f61-836e-13fa1af040d9,34441233-560b-5b65-a286-5108f76a33ef,RCV-000000016,1,receipt,936.0000,EA,936.0000,2025-12-25T14:01:00+10:00,,false,,
3ccdf365-6276-5ae9-bf5c-2c8f34620f5e,c169851f-18a3-51fb-a3fb-9af1d41a47ef,125bbdd1-36ce-5f61-836e-13fa1af040d9,25187d66-acb0-5687-9e42-b33e6a037e1c,RCV-000000017,1,receipt,38880.0000,EA,38880.0000,2025-04-07T14:01:00+10:00,,true,,
50ddec15-1fc4-52ba-a64c-19acbadc72c0,c169851f-18a3-51fb-a3fb-9af1d41a47ef,125bbdd1-36ce-5f61-836e-13fa1af040d9,08744c8d-0e61-5f54-b4a6-d04b0ab974a6,RCV-000000018,1,receipt,8880.0000,EA,8880.0000,2025-01-03T14:01:00+10:00,,false,f014c724-3882-5284-8fe6-db2ca6ac0f74,demand_shock
0adfd1b8-291e-5d2f-812b-83efa29798b5,c169851f-18a3-51fb-a3fb-9af1d41a47ef,125bbdd1-36ce-5f61-836e-13fa1af040d9,c5ca62a4-2f0f-5b33-806a-6be8fce15bf5,RCV-000000019,1,receipt,5670.0000,EA,5670.0000,2025-07-26T14:01:00+10:00,,true,,
dc7dc5d8-aea1-56e5-8e30-94d36bd14d1b,c169851f-18a3-51fb-a3fb-9af1d41a47ef,125bbdd1-36ce-5f61-836e-13fa1af040d9,c5ca62a4-2f0f-5b33-806a-6be8fce15bf5,RCV-000000020,1,receipt,5670.0000,EA,5670.0000,2025-07-24T14:02:00+10:00,,true,,
776d3a81-5550-5344-b889-f0ee50f4bec4,c169851f-18a3-51fb-a3fb-9af1d41a47ef,125bbdd1-36ce-5f61-836e-13fa1af040d9,c5ca62a4-2f0f-5b33-806a-6be8fce15bf5,RCV-000000021,1,receipt,5670.0000,EA,5670.0000,2025-07-22T14:03:00+10:00,,false,,
cc768796-b944-585e-a0cf-3c80c6ea4c54,c169851f-18a3-51fb-a3fb-9af1d41a47ef,125bbdd1-36ce-5f61-836e-13fa1af040d9,c5ca62a4-2f0f-5b33-806a-6be8fce15bf5,RCV-000000022,1,receipt,5670.0000,EA,5670.0000,2025-07-21T14:04:00+10:00,,false,,
c82db920-5320-5097-98ec-ea3b4584ef0f,c169851f-18a3-51fb-a3fb-9af1d41a47ef,125bbdd1-36ce-5f61-836e-13fa1af040d9,e05643b4-50bf-5570-ae8b-26fb0498c7ed,RCV-000000023,1,receipt,3816.0000,EA,3816.0000,2025-12-24T14:01:00+10:00,,false,651aa80e-cd35-59f5-a1ae-f63847890ce0,missing_inventory_signal
d1e1a05f-9c30-5a39-a59a-59736cd2d6b3,c169851f-18a3-51fb-a3fb-9af1d41a47ef,125bbdd1-36ce-5f61-836e-13fa1af040d9,3b61bbac-32ae-53ef-a93b-14c36ce3f69e,RCV-000000024,1,receipt,19.0000,EA,19.0000,2025-05-26T14:01:00+10:00,,true,ed9b8c7d-2e31-52df-bdc4-74c5717300b5,missing_inventory_signal
084c550b-4555-5f39-bab0-0151c6d277a7,c169851f-18a3-51fb-a3fb-9af1d41a47ef,125bbdd1-36ce-5f61-836e-13fa1af040d9,fbc77c24-ce2c-5380-80fc-2c89e3eabce8,RCV-000000025,1,receipt,9312.0000,EA,9312.0000,2025-06-21T14:01:00+10:00,,true,,
d46c9a5e-9097-50f8-9bdc-7f17136597c4,c169851f-18a3-51fb-a3fb-9af1d41a47ef,125bbdd1-36ce-5f61-836e-13fa1af040d9,b0ee4c5a-a8c3-5b7a-b085-850298a7b7e1,RCV-000000026,1,receipt,200.0000,EA,200.0000,2025-08-09T14:01:00+10:00,,false,,
b918f50f-fbcc-5f51-a5e4-837053efd22b,c169851f-18a3-51fb-a3fb-9af1d41a47ef,125bbdd1-36ce-5f61-836e-13fa1af040d9,ec607270-f5c5-5f93-82ba-c63e80a5f2b4,RCV-000000027,1,receipt,5184.0000,EA,5184.0000,2026-03-13T14:01:00+10:00,,false,,
586b4a07-e68b-5971-806f-313e436486b1,c169851f-18a3-51fb-a3fb-9af1d41a47ef,125bbdd1-36ce-5f61-836e-13fa1af040d9,f66a333a-1041-5291-a7dd-abd95a50b8b1,RCV-000000028,1,receipt,215.0000,EA,215.0000,2026-05-12T14:01:00+10:00,,true,,
42b0f4d1-360a-5506-831a-0b62d35f30ce,c169851f-18a3-51fb-a3fb-9af1d41a47ef,125bbdd1-36ce-5f61-836e-13fa1af040d9,b718bd51-ed12-52f8-956f-2efc43f07066,RCV-000000029,1,receipt,126.0000,EA,126.0000,2024-09-27T14:01:00+10:00,,false,,
9e9d7b39-cea2-5c99-a913-753a2825d373,c169851f-18a3-51fb-a3fb-9af1d41a47ef,125bbdd1-36ce-5f61-836e-13fa1af040d9,fd8fdabe-4ad7-5d84-b597-bf2fff4848fb,RCV-000000030,1,receipt,163.0000,EA,163.0000,2025-08-07T14:01:00+10:00,,false,,
e9c9ed5c-0eac-510f-b6aa-4cf2857cabef,c169851f-18a3-51fb-a3fb-9af1d41a47ef,125bbdd1-36ce-5f61-836e-13fa1af040d9,d22827f7-a7bf-5bd2-bf0b-a5a1083a39fa,RCV-000000031,1,receipt,13.0000,EA,13.0000,2025-12-05T14:01:00+10:00,,true,82b5216c-1eab-590c-9834-32a05250f3c7,supplier_deterioration
574f9ea0-c8a5-523f-b435-b9cd1279b8b7,c169851f-18a3-51fb-a3fb-9af1d41a47ef,125bbdd1-36ce-5f61-836e-13fa1af040d9,80d83a2c-f968-5bd4-8921-b6de7fbf49c4,RCV-000000032,1,receipt,111.0000,EA,111.0000,2025-06-09T14:01:00+10:00,,true,48d368d5-2563-58aa-95ee-27672f36b725;cd1c4333-c040-5344-b4ac-47bb44946787,demand_shock;split_schedule
038d5052-775a-567d-b50c-dc3b2a1fc2fb,c169851f-18a3-51fb-a3fb-9af1d41a47ef,125bbdd1-36ce-5f61-836e-13fa1af040d9,06cfe717-1ad3-594f-a89d-87ce247576d3,RCV-000000033,1,receipt,224.0000,EA,224.0000,2026-02-11T14:01:00+10:00,,false,b8b27154-1686-59f2-9cc5-e3cd4d8a56c1,split_schedule
d43011d1-1772-5296-b417-39769a965fa5,c169851f-18a3-51fb-a3fb-9af1d41a47ef,125bbdd1-36ce-5f61-836e-13fa1af040d9,06cfe717-1ad3-594f-a89d-87ce247576d3,RCV-000000034,1,receipt,224.0000,EA,224.0000,2026-02-11T14:02:00+10:00,,false,b8b27154-1686-59f2-9cc5-e3cd4d8a56c1,split_schedule
a78742a0-0b82-5c32-8b1a-b16c91935f1b,c169851f-18a3-51fb-a3fb-9af1d41a47ef,125bbdd1-36ce-5f61-836e-13fa1af040d9,06cfe717-1ad3-594f-a89d-87ce247576d3,RCV-000000035,1,receipt,224.0000,EA,224.0000,2026-02-18T14:03:00+10:00,,false,b8b27154-1686-59f2-9cc5-e3cd4d8a56c1,split_schedule
63510150-5992-5701-8c71-5ce9e25fc9f5,c169851f-18a3-51fb-a3fb-9af1d41a47ef,125bbdd1-36ce-5f61-836e-13fa1af040d9,47145abc-775b-5315-91bd-88821a91f93f,RCV-000000036,1,receipt,288.0000,EA,288.0000,2025-01-25T14:01:00+10:00,,false,,
de649efb-c167-5ebc-89de-878ad0cfcfb4,c169851f-18a3-51fb-a3fb-9af1d41a47ef,125bbdd1-36ce-5f61-836e-13fa1af040d9,47145abc-775b-5315-91bd-88821a91f93f,RCV-000000037,1,receipt,288.0000,EA,288.0000,2025-01-22T14:02:00+10:00,,false,,
51ed6cb4-60da-53b8-99a7-6aeb3955c946,c169851f-18a3-51fb-a3fb-9af1d41a47ef,125bbdd1-36ce-5f61-836e-13fa1af040d9,47145abc-775b-5315-91bd-88821a91f93f,RCV-000000038,1,receipt,288.0000,EA,288.0000,2025-01-25T14:03:00+10:00,,false,,
d8cdf78b-2b33-532b-86c8-3bdf36804b4f,c169851f-18a3-51fb-a3fb-9af1d41a47ef,125bbdd1-36ce-5f61-836e-13fa1af040d9,98b839a9-1729-5594-9052-7c1aeab0e49f,RCV-000000039,1,receipt,48000.0000,EA,48000.0000,2024-09-17T14:01:00+10:00,,true,,
d7fd9070-c72c-532f-86b3-a192fda8db47,c169851f-18a3-51fb-a3fb-9af1d41a47ef,125bbdd1-36ce-5f61-836e-13fa1af040d9,1bf76ce1-1bb3-5c61-ad18-3158ab3ad95f,RCV-000000040,1,receipt,22800.0000,EA,22800.0000,2025-11-14T14:01:00+10:00,,false,,
09eeb683-5e29-54a5-b77f-9a9ec2815e38,c169851f-18a3-51fb-a3fb-9af1d41a47ef,125bbdd1-36ce-5f61-836e-13fa1af040d9,195f6276-08bb-5bce-b97e-105457612217,RCV-000000041,1,receipt,185.0000,EA,185.0000,2025-04-17T14:01:00+10:00,,false,c19cadb1-5ccc-53d6-98ea-8d970700849e,missing_inventory_signal
74dbd4e2-7851-588e-954a-9b15c4b1ad70,c169851f-18a3-51fb-a3fb-9af1d41a47ef,125bbdd1-36ce-5f61-836e-13fa1af040d9,c462ad18-3ac3-55ba-9e84-884e1028f93a,RCV-000000042,1,receipt,4320.0000,EA,4320.0000,2025-11-28T14:01:00+10:00,,false,,
f0c6e0dd-a1f8-53d6-bc7e-705f5b4d9bb9,c169851f-18a3-51fb-a3fb-9af1d41a47ef,125bbdd1-36ce-5f61-836e-13fa1af040d9,0011c8b0-49e0-54b0-b611-a326d9a531f5,RCV-000000043,1,receipt,196.0000,EA,196.0000,2025-05-06T14:01:00+10:00,,false,027e6d0c-80a6-5f84-82a1-90e2b3f64eee,demand_shock
2f1e1703-db8e-5b96-bc45-6e7fcf71bb67,c169851f-18a3-51fb-a3fb-9af1d41a47ef,125bbdd1-36ce-5f61-836e-13fa1af040d9,d17b1755-7202-55ed-9061-0f3d2c004bb4,RCV-000000044,1,receipt,208.0000,EA,208.0000,2026-01-24T14:01:00+10:00,,true,,
9a46dad0-7fde-5de2-9012-bf386627d58b,c169851f-18a3-51fb-a3fb-9af1d41a47ef,125bbdd1-36ce-5f61-836e-13fa1af040d9,d17b1755-7202-55ed-9061-0f3d2c004bb4,RCV-000000045,1,receipt,208.0000,EA,208.0000,2026-01-28T14:02:00+10:00,,true,,
6583e3ad-e34a-5f0f-b32f-1433dc0de9c1,c169851f-18a3-51fb-a3fb-9af1d41a47ef,125bbdd1-36ce-5f61-836e-13fa1af040d9,d17b1755-7202-55ed-9061-0f3d2c004bb4,RCV-000000046,1,receipt,208.0000,EA,208.0000,2026-01-26T14:03:00+10:00,,true,,
df60eecc-49a5-5c82-a914-b0b028799ab1,c169851f-18a3-51fb-a3fb-9af1d41a47ef,125bbdd1-36ce-5f61-836e-13fa1af040d9,fd59b3a2-4e5c-5d79-a6eb-5df370c7cab3,RCV-000000047,1,receipt,1404.0000,EA,1404.0000,2024-08-12T14:01:00+10:00,,false,,
6174c083-a635-5dbc-972b-99cb7dfaf97f,c169851f-18a3-51fb-a3fb-9af1d41a47ef,125bbdd1-36ce-5f61-836e-13fa1af040d9,ac5d1971-a942-5f45-8a71-1e4c34dcc0e0,RCV-000000048,1,receipt,172.0000,EA,172.0000,2024-12-07T14:01:00+10:00,,true,,
9788fd1b-2fb2-5607-8bd9-5af4de24f2dc,c169851f-18a3-51fb-a3fb-9af1d41a47ef,125bbdd1-36ce-5f61-836e-13fa1af040d9,2f5b3101-e6ae-565e-952d-dd4a1f9d3dd5,RCV-000000049,1,receipt,25080.0000,EA,25080.0000,2024-12-13T14:01:00+10:00,,true,,
4fb77a97-2d26-5a46-90fd-6b3b97180eee,c169851f-18a3-51fb-a3fb-9af1d41a47ef,125bbdd1-36ce-5f61-836e-13fa1af040d9,be4699fb-24f2-5244-98aa-bca3fe216696,RCV-000000050,1,receipt,840.0000,EA,840.0000,2025-07-23T14:01:00+10:00,,true,af3ae0ce-91ec-5771-8881-68d7bd79ef6a,split_schedule
a99ad676-840e-5164-ada0-3bb616983b6a,c169851f-18a3-51fb-a3fb-9af1d41a47ef,125bbdd1-36ce-5f61-836e-13fa1af040d9,fb3447b6-0c01-5b9e-8ef2-3bbc0617c190,RCV-000000051,1,receipt,17040.0000,EA,17040.0000,2025-09-26T14:01:00+10:00,,true,3a806afb-0ab9-5235-9981-067a564aff9a,split_schedule
90932aee-40ad-5ff5-a062-6fd4d968d601,c169851f-18a3-51fb-a3fb-9af1d41a47ef,125bbdd1-36ce-5f61-836e-13fa1af040d9,a00c208a-f092-5a8d-ba9d-bc4b9abf710d,RCV-000000052,1,receipt,2760.0000,EA,2760.0000,2025-01-26T14:01:00+10:00,,false,,
854ea0e1-a68d-54d6-89ef-c222fd89535c,c169851f-18a3-51fb-a3fb-9af1d41a47ef,125bbdd1-36ce-5f61-836e-13fa1af040d9,e4580ee9-c958-5e49-8a90-a7245ac1bdc9,RCV-000000053,1,receipt,23280.0000,EA,23280.0000,2025-04-30T14:01:00+10:00,,true,,
52044772-a0c5-566a-a7c5-7df1ee830409,c169851f-18a3-51fb-a3fb-9af1d41a47ef,125bbdd1-36ce-5f61-836e-13fa1af040d9,e8c1edd8-91d7-5faa-b016-b04e73ca09ff,RCV-000000054,1,receipt,1280.0000,EA,1280.0000,2024-10-03T14:01:00+10:00,,false,,
06a17940-d041-58df-8414-4fb02153b85c,c169851f-18a3-51fb-a3fb-9af1d41a47ef,125bbdd1-36ce-5f61-836e-13fa1af040d9,e8c1edd8-91d7-5faa-b016-b04e73ca09ff,RCV-000000055,1,receipt,1280.0000,EA,1280.0000,2024-09-26T14:02:00+10:00,,false,,
1ccc6f3f-d6d0-5ca2-99a1-c5fcdbb459f4,c169851f-18a3-51fb-a3fb-9af1d41a47ef,125bbdd1-36ce-5f61-836e-13fa1af040d9,e8c1edd8-91d7-5faa-b016-b04e73ca09ff,RCV-000000056,1,receipt,1280.0000,EA,1280.0000,2024-09-29T14:03:00+10:00,,false,,
b08fea74-6700-5f0d-94ed-f42490ed1b54,c169851f-18a3-51fb-a3fb-9af1d41a47ef,125bbdd1-36ce-5f61-836e-13fa1af040d9,ce11f1e1-7d3d-51fc-9a8f-e4e3942c531c,RCV-000000057,1,receipt,140.0000,EA,140.0000,2025-01-15T14:01:00+10:00,,false,,
b3dd4c7a-7c7b-53b8-8c31-92abe4d6e034,c169851f-18a3-51fb-a3fb-9af1d41a47ef,125bbdd1-36ce-5f61-836e-13fa1af040d9,8d48c95d-aa17-551b-9dab-c5013cba4766,RCV-000000058,1,receipt,180.0000,EA,180.0000,2024-09-08T14:01:00+10:00,,false,,
8981b27c-2bb7-5f14-82aa-65ce07c743f8,c169851f-18a3-51fb-a3fb-9af1d41a47ef,125bbdd1-36ce-5f61-836e-13fa1af040d9,48371b30-3edd-53dc-9c05-07084ba3c371,RCV-000000059,1,receipt,852.0000,EA,852.0000,2024-11-26T14:01:00+10:00,,true,,
47d08e07-29d4-5484-90fa-99520ee6a87d,c169851f-18a3-51fb-a3fb-9af1d41a47ef,125bbdd1-36ce-5f61-836e-13fa1af040d9,48371b30-3edd-53dc-9c05-07084ba3c371,RCV-000000060,1,receipt,852.0000,EA,852.0000,2024-11-22T14:02:00+10:00,,true,,
048208b0-ac17-516e-be1f-71b95d7a6c45,c169851f-18a3-51fb-a3fb-9af1d41a47ef,125bbdd1-36ce-5f61-836e-13fa1af040d9,48371b30-3edd-53dc-9c05-07084ba3c371,RCV-000000061,1,receipt,852.0000,EA,852.0000,2024-11-26T14:03:00+10:00,,true,,
62bd5c30-aa18-56f1-8e05-b99a8a27d9a0,c169851f-18a3-51fb-a3fb-9af1d41a47ef,125bbdd1-36ce-5f61-836e-13fa1af040d9,1da9178b-18a7-5908-8654-cdfdbdef1e0b,RCV-000000062,1,receipt,5280.0000,EA,5280.0000,2026-04-28T14:01:00+10:00,,true,,
9ba15c9e-eb1f-5ce4-9ab7-9031d38191d9,c169851f-18a3-51fb-a3fb-9af1d41a47ef,125bbdd1-36ce-5f61-836e-13fa1af040d9,1da9178b-18a7-5908-8654-cdfdbdef1e0b,RCV-000000063,1,receipt,5280.0000,EA,5280.0000,2026-04-23T14:02:00+10:00,,true,,
e15bbf0f-cb9c-525d-82fb-ad9c58ea28ca,c169851f-18a3-51fb-a3fb-9af1d41a47ef,125bbdd1-36ce-5f61-836e-13fa1af040d9,5d1de95a-e527-55df-8506-5944f16a4d1a,RCV-000000064,1,receipt,63.0000,EA,63.0000,2025-01-06T14:01:00+10:00,,false,,
c8ec9a21-c98f-511f-bbc2-71fad06bcd51,c169851f-18a3-51fb-a3fb-9af1d41a47ef,125bbdd1-36ce-5f61-836e-13fa1af040d9,268047c5-7bb6-5a2c-8413-c4bf1828da77,RCV-000000065,1,receipt,70560.0000,EA,70560.0000,2025-04-11T14:01:00+10:00,,true,,
15e20588-a9d4-5765-9005-abaeac20a6eb,c169851f-18a3-51fb-a3fb-9af1d41a47ef,125bbdd1-36ce-5f61-836e-13fa1af040d9,aa536455-e8a9-50ac-addd-12bc7d8439df,RCV-000000066,1,receipt,1584.0000,EA,1584.0000,2025-11-02T14:01:00+10:00,,false,a66fcb18-2a40-5224-91e2-af6275bb0db0,split_schedule
8ad9cde6-a4f4-5986-9c4d-7b06383711ca,c169851f-18a3-51fb-a3fb-9af1d41a47ef,125bbdd1-36ce-5f61-836e-13fa1af040d9,40e2419c-574f-5c46-8acf-f4d6780f7cd3,RCV-000000067,1,receipt,22.2500,EA,22.2500,2026-05-06T14:01:00+10:00,,true,,
ae2dbeb5-314d-5fa2-b6b1-0582d6317da0,c169851f-18a3-51fb-a3fb-9af1d41a47ef,125bbdd1-36ce-5f61-836e-13fa1af040d9,40e2419c-574f-5c46-8acf-f4d6780f7cd3,RCV-000000068,1,receipt,22.2500,EA,22.2500,2026-05-02T14:02:00+10:00,,true,,
f6fd817f-c822-5dab-9823-abc2de0fd7c1,c169851f-18a3-51fb-a3fb-9af1d41a47ef,125bbdd1-36ce-5f61-836e-13fa1af040d9,40e2419c-574f-5c46-8acf-f4d6780f7cd3,RCV-000000069,1,receipt,22.2500,EA,22.2500,2026-04-29T14:03:00+10:00,,false,,
46ffd0a2-4070-5f9d-8916-b075ff014af1,c169851f-18a3-51fb-a3fb-9af1d41a47ef,125bbdd1-36ce-5f61-836e-13fa1af040d9,40e2419c-574f-5c46-8acf-f4d6780f7cd3,RCV-000000070,1,receipt,22.2500,EA,22.2500,2026-05-04T14:04:00+10:00,,true,,
03a09e8e-b323-5fc6-ade4-869cca67370b,c169851f-18a3-51fb-a3fb-9af1d41a47ef,125bbdd1-36ce-5f61-836e-13fa1af040d9,672a6653-9c5d-540d-bc1e-d6aa60560389,RCV-000000071,1,receipt,1572.0000,EA,1572.0000,2026-02-07T14:01:00+10:00,,true,f6b66212-2c1d-5bb5-bd13-02db21a6c7ca,missing_supplier_signal
db62757e-067c-598f-bfb7-f0b113d4b92d,c169851f-18a3-51fb-a3fb-9af1d41a47ef,125bbdd1-36ce-5f61-836e-13fa1af040d9,98c09698-fcb6-5a1d-bb96-2c45722b59cc,RCV-000000072,1,receipt,11280.0000,EA,11280.0000,2026-03-27T14:01:00+10:00,,true,26c64d8f-fb24-5a4a-90d3-9060b44deef5,demand_shock
750f67f4-43db-5bb1-b0f4-fd2a1171ce1c,c169851f-18a3-51fb-a3fb-9af1d41a47ef,125bbdd1-36ce-5f61-836e-13fa1af040d9,17cbb4fb-943b-5ea5-80a5-bb5ae59cca9e,RCV-000000073,1,receipt,1272.0000,EA,1272.0000,2026-04-12T14:01:00+10:00,,false,,
9bde4194-9793-5567-a51f-ea22e7206579,c169851f-18a3-51fb-a3fb-9af1d41a47ef,125bbdd1-36ce-5f61-836e-13fa1af040d9,19348610-5606-568b-86e0-9fcac79abd51,RCV-000000074,1,receipt,1680.0000,EA,1680.0000,2025-12-07T14:01:00+10:00,,false,,
2c80d0af-cf1b-53bc-8b88-d2bb7f62bfc3,c169851f-18a3-51fb-a3fb-9af1d41a47ef,125bbdd1-36ce-5f61-836e-13fa1af040d9,5c25d575-9588-525c-b788-cb817421c9a7,RCV-000000075,1,receipt,23040.0000,EA,23040.0000,2026-03-02T14:01:00+10:00,,true,330924c0-a71e-5ceb-a4fb-023c1217eb55,split_schedule
ec08557c-e5d5-5d01-a85c-2fc14defff46,c169851f-18a3-51fb-a3fb-9af1d41a47ef,125bbdd1-36ce-5f61-836e-13fa1af040d9,39c700e7-e8e3-5dfb-931c-5cacc743cbd9,RCV-000000076,1,receipt,185.0000,EA,185.0000,2025-12-23T14:01:00+10:00,,true,,
2aba5c9d-a9e3-5bd6-975a-c00a06d5e414,c169851f-18a3-51fb-a3fb-9af1d41a47ef,125bbdd1-36ce-5f61-836e-13fa1af040d9,aede0822-2f3d-58fa-bcde-67c948375d9a,RCV-000000077,1,receipt,12960.0000,EA,12960.0000,2025-09-05T14:01:00+10:00,,false,,
bc28ea59-2107-50f3-a288-460823396ee8,c169851f-18a3-51fb-a3fb-9af1d41a47ef,125bbdd1-36ce-5f61-836e-13fa1af040d9,9ce6418b-2170-565b-937f-4a40f24ad836,RCV-000000078,1,receipt,63.0000,EA,63.0000,2025-02-24T14:01:00+10:00,,false,cb406eee-e71a-58f3-9a3d-f629cc926955,missing_supplier_signal
45193cb5-9bf3-5a71-8014-0a669507b011,c169851f-18a3-51fb-a3fb-9af1d41a47ef,125bbdd1-36ce-5f61-836e-13fa1af040d9,9c527f33-028f-5d47-bae6-724120323b24,RCV-000000079,1,receipt,5.0000,EA,5.0000,2025-10-12T14:01:00+10:00,,false,8964d56d-1702-5191-9df7-14023e2e1e5c;41ee4f90-f2a4-5a73-a1e2-f71ba583c666,demand_shock;missing_supplier_signal
16ad0dcc-d1da-5328-87a3-a82cea8cf7fe,c169851f-18a3-51fb-a3fb-9af1d41a47ef,125bbdd1-36ce-5f61-836e-13fa1af040d9,892f7ae3-ffbb-56a8-8b27-eb482fe89442,RCV-000000080,1,receipt,22320.0000,EA,22320.0000,2025-01-26T14:01:00+10:00,,true,3a0e2db4-adf7-5f33-9659-d2a1e9af6cb5,supplier_deterioration
f487aa41-2a21-5196-b74d-ececd54e7d7a,c169851f-18a3-51fb-a3fb-9af1d41a47ef,125bbdd1-36ce-5f61-836e-13fa1af040d9,8e6266e1-0d57-5a73-91cd-49f77a77c869,RCV-000000081,1,receipt,124.0000,EA,124.0000,2025-08-30T14:01:00+10:00,,true,82997d4c-0fd3-5dec-95f5-559fab4c8e80,supplier_deterioration
510844fc-22e9-59fa-8ea0-50abbbaa8f20,c169851f-18a3-51fb-a3fb-9af1d41a47ef,125bbdd1-36ce-5f61-836e-13fa1af040d9,aa298ba8-ff19-58fb-936b-99006e553db4,RCV-000000082,1,receipt,224.7819,EA,224.7819,2026-01-31T14:01:00+10:00,,true,,
a4778e97-8b97-53fb-804b-37b04d672d83,c169851f-18a3-51fb-a3fb-9af1d41a47ef,125bbdd1-36ce-5f61-836e-13fa1af040d9,bf27940f-7320-5d0f-be59-ce3a9a08920c,RCV-000000083,1,receipt,71.0000,EA,71.0000,2025-08-21T14:01:00+10:00,,true,,
befb9b27-afad-5fcd-be03-25b4d83df350,c169851f-18a3-51fb-a3fb-9af1d41a47ef,125bbdd1-36ce-5f61-836e-13fa1af040d9,58e65b23-7b42-562c-9d22-f9a1eef929e9,RCV-000000084,1,receipt,194.0000,EA,194.0000,2024-10-16T14:01:00+10:00,,false,,
a0a95fbb-17f5-522a-9eb4-80edc1f10126,c169851f-18a3-51fb-a3fb-9af1d41a47ef,125bbdd1-36ce-5f61-836e-13fa1af040d9,79058de5-6ced-5adc-801f-2adc8b6a1aae,RCV-000000085,1,receipt,163.8716,EA,163.8716,2024-08-11T14:01:00+10:00,,false,bdba19ca-e63e-5485-89ba-5e1789d06922,split_schedule
d79ab670-c828-5bdb-939a-77fa0c6e1530,c169851f-18a3-51fb-a3fb-9af1d41a47ef,125bbdd1-36ce-5f61-836e-13fa1af040d9,62da9cca-e860-54c6-bc92-f23053841f10,RCV-000000086,1,receipt,29760.0000,EA,29760.0000,2025-04-30T14:01:00+10:00,,false,5fb50fd7-b0d2-5543-8698-399b4f8b5099,split_schedule
4b56be3a-6084-59dd-89f0-062dfd0941de,c169851f-18a3-51fb-a3fb-9af1d41a47ef,125bbdd1-36ce-5f61-836e-13fa1af040d9,835b1afa-e602-50be-8f14-ad2dab6dbd0c,RCV-000000087,1,receipt,591.0000,EA,591.0000,2025-11-22T14:01:00+10:00,,true,aa52d56a-4289-5bd2-b460-1a0f9deea6e8,demand_shock
ba7d6799-b1f6-51cb-b2c2-2d507e005b37,c169851f-18a3-51fb-a3fb-9af1d41a47ef,125bbdd1-36ce-5f61-836e-13fa1af040d9,835b1afa-e602-50be-8f14-ad2dab6dbd0c,RCV-000000088,1,receipt,591.0000,EA,591.0000,2025-11-21T14:02:00+10:00,,true,aa52d56a-4289-5bd2-b460-1a0f9deea6e8,demand_shock
6a560ea0-e6a8-5c70-834d-b607e402587f,c169851f-18a3-51fb-a3fb-9af1d41a47ef,125bbdd1-36ce-5f61-836e-13fa1af040d9,1bce04b7-af7d-5240-bb17-283c06d07e2c,RCV-000000089,1,receipt,1716.0000,EA,1716.0000,2025-11-11T14:01:00+10:00,,false,f9b7419a-d261-544e-b526-3ea3f62bbddc,demand_shock
069d81f8-f256-5df6-b79e-3b9d15ddd657,c169851f-18a3-51fb-a3fb-9af1d41a47ef,125bbdd1-36ce-5f61-836e-13fa1af040d9,edfacbfe-c0e9-5b83-8a88-ea2ddade2505,RCV-000000090,1,receipt,213.0000,EA,213.0000,2025-11-18T14:01:00+10:00,,true,,
ab97e93e-0691-5c16-a345-7bceaa360c6b,c169851f-18a3-51fb-a3fb-9af1d41a47ef,125bbdd1-36ce-5f61-836e-13fa1af040d9,e26658c5-824d-5ebd-a362-95b01d88784a,RCV-000000091,1,receipt,1764.0000,EA,1764.0000,2024-08-28T14:01:00+10:00,,true,,
a335c16f-6480-55dd-8dc8-b97ae0a01bc8,c169851f-18a3-51fb-a3fb-9af1d41a47ef,125bbdd1-36ce-5f61-836e-13fa1af040d9,badea73f-2fb7-5106-b94b-ddad16222504,RCV-000000092,1,receipt,9.0000,EA,9.0000,2026-01-02T14:01:00+10:00,,false,,
42802247-6746-5336-b6ce-828cffc549a8,c169851f-18a3-51fb-a3fb-9af1d41a47ef,125bbdd1-36ce-5f61-836e-13fa1af040d9,63e8d0b5-1cdb-594b-a6f2-cf99b8ccc40c,RCV-000000093,1,receipt,2064.0000,EA,2064.0000,2025-05-24T14:01:00+10:00,,false,af0c3e80-55cd-5dc7-8479-d23c442763a9,missing_supplier_signal
db4128ae-5aac-5a9a-bf90-a29f1495d94e,c169851f-18a3-51fb-a3fb-9af1d41a47ef,125bbdd1-36ce-5f61-836e-13fa1af040d9,a47fefeb-7ed5-5842-a4bc-7f2387f48323,RCV-000000094,1,receipt,20520.0000,EA,20520.0000,2024-08-26T14:01:00+10:00,,true,eb53618d-a2b1-5537-bc77-47657fc911c5,demand_shock
31ca9d5b-593f-5522-a958-f4bc11a3d1d9,c169851f-18a3-51fb-a3fb-9af1d41a47ef,125bbdd1-36ce-5f61-836e-13fa1af040d9,ae167c82-e1e3-5f71-a79c-b7bd04602684,RCV-000000095,1,receipt,9.0000,EA,9.0000,2025-02-09T14:01:00+10:00,,false,25696470-20e5-56fe-aa1b-99776191aa48,split_schedule
b581dc9c-5ddb-5453-a513-a26b833a6e69,c169851f-18a3-51fb-a3fb-9af1d41a47ef,125bbdd1-36ce-5f61-836e-13fa1af040d9,bf65fab1-9bb1-5c27-8057-6245bcb4145f,RCV-000000096,1,receipt,860.0000,EA,860.0000,2026-06-23T14:01:00+10:00,,true,,
1025d895-a101-562f-af46-53f4f7f53655,c169851f-18a3-51fb-a3fb-9af1d41a47ef,125bbdd1-36ce-5f61-836e-13fa1af040d9,bf65fab1-9bb1-5c27-8057-6245bcb4145f,RCV-000000097,1,receipt,860.0000,EA,860.0000,2026-06-21T14:02:00+10:00,,true,,
02e6a3ed-d025-587e-8cfd-f2e089860797,c169851f-18a3-51fb-a3fb-9af1d41a47ef,125bbdd1-36ce-5f61-836e-13fa1af040d9,bf65fab1-9bb1-5c27-8057-6245bcb4145f,RCV-000000098,1,receipt,860.0000,EA,860.0000,2026-06-23T14:03:00+10:00,,true,,
0c25d0f0-29a7-50ea-8863-80bdfc45f3cf,c169851f-18a3-51fb-a3fb-9af1d41a47ef,125bbdd1-36ce-5f61-836e-13fa1af040d9,bf65fab1-9bb1-5c27-8057-6245bcb4145f,RCV-000000098-COR,1,correction,17.2000,EA,17.2000,2026-06-24T16:00:00+10:00,02e6a3ed-d025-587e-8cfd-f2e089860797,false,,
071b4a18-2c6a-5b31-a27f-040ca016585c,c169851f-18a3-51fb-a3fb-9af1d41a47ef,125bbdd1-36ce-5f61-836e-13fa1af040d9,95d2075c-06f6-5921-b556-b3801af2cc97,RCV-000000099,1,receipt,26400.0000,EA,26400.0000,2025-05-23T14:01:00+10:00,,true,066ea922-4197-565c-a5e8-198f34ba0710;7ecdd3b1-3066-5251-ad57-3ff5a81a2b79;b54f142e-810e-577c-8931-2910084fb9fb,demand_shock;supplier_deterioration;missing_supplier_signal
2c615684-d747-584b-9b7b-99cf6589bfb3,c169851f-18a3-51fb-a3fb-9af1d41a47ef,125bbdd1-36ce-5f61-836e-13fa1af040d9,c2e4bc54-bb14-5994-9714-79dedadc7d5a,RCV-000000100,1,receipt,1452.0000,EA,1452.0000,2026-03-02T14:01:00+10:00,,true,,
bc680fbc-86fc-5d65-bd82-3bb81d629639,c169851f-18a3-51fb-a3fb-9af1d41a47ef,125bbdd1-36ce-5f61-836e-13fa1af040d9,51029d3e-8bcf-552b-ab8e-73a61667720c,RCV-000000101,1,receipt,25440.0000,EA,25440.0000,2024-12-03T14:01:00+10:00,,false,,
9279f165-5f48-5769-8fe2-7a7270db92f3,c169851f-18a3-51fb-a3fb-9af1d41a47ef,125bbdd1-36ce-5f61-836e-13fa1af040d9,b3ad5c07-0879-50eb-8b63-c914819f4557,RCV-000000102,1,receipt,210.4476,EA,210.4476,2026-01-25T14:01:00+10:00,,false,,
98d5a76a-fc1d-551c-852e-54b9cc765a9c,c169851f-18a3-51fb-a3fb-9af1d41a47ef,125bbdd1-36ce-5f61-836e-13fa1af040d9,908e4463-b10d-5c8b-bb53-54aea6287028,RCV-000000103,1,receipt,21.0000,EA,21.0000,2025-01-11T14:01:00+10:00,,false,,
db5c5a05-a343-59c6-a4a1-e510ed3912bc,c169851f-18a3-51fb-a3fb-9af1d41a47ef,125bbdd1-36ce-5f61-836e-13fa1af040d9,f16f9758-c3b7-5fdc-a33e-bbf4795057a8,RCV-000000104,1,receipt,104160.0000,EA,104160.0000,2025-09-20T14:01:00+10:00,,false,,
37bab9f4-c7e0-5f4d-8a2d-3716301059e9,c169851f-18a3-51fb-a3fb-9af1d41a47ef,125bbdd1-36ce-5f61-836e-13fa1af040d9,71a874ad-7418-5660-a76c-cb742a43eef2,RCV-000000105,1,receipt,24720.0000,EA,24720.0000,2025-07-27T14:01:00+10:00,,false,,
969fcf5d-9f4a-58af-b673-735029399e80,c169851f-18a3-51fb-a3fb-9af1d41a47ef,125bbdd1-36ce-5f61-836e-13fa1af040d9,52c00efb-e404-51dd-b010-f330cd8675df,RCV-000000106,1,receipt,86400.0000,EA,86400.0000,2025-11-20T14:01:00+10:00,,false,d03bc8ee-57d5-5a50-997e-23bea692fb3e,split_schedule
39056ff2-d7ce-58bb-add7-00e35f0910c5,c169851f-18a3-51fb-a3fb-9af1d41a47ef,125bbdd1-36ce-5f61-836e-13fa1af040d9,e067cf82-399c-5a02-a0ab-60a00039a528,RCV-000000107,1,receipt,141.0000,EA,141.0000,2025-11-26T14:01:00+10:00,,false,,
346cde96-e0a0-5a8c-9f40-23a3eb7ead6d,c169851f-18a3-51fb-a3fb-9af1d41a47ef,125bbdd1-36ce-5f61-836e-13fa1af040d9,7093b327-e34d-52b4-8804-c7205737e0d1,RCV-000000108,1,receipt,654.0000,EA,654.0000,2025-04-11T14:01:00+10:00,,false,,
47ffbc37-f703-5361-8c18-69f8fa2b7231,c169851f-18a3-51fb-a3fb-9af1d41a47ef,125bbdd1-36ce-5f61-836e-13fa1af040d9,7093b327-e34d-52b4-8804-c7205737e0d1,RCV-000000109,1,receipt,654.0000,EA,654.0000,2025-04-16T14:02:00+10:00,,true,,
da350a83-121d-5b0a-9933-9d9a5bbfa2ae,c169851f-18a3-51fb-a3fb-9af1d41a47ef,125bbdd1-36ce-5f61-836e-13fa1af040d9,7093b327-e34d-52b4-8804-c7205737e0d1,RCV-000000110,1,receipt,654.0000,EA,654.0000,2025-04-09T14:03:00+10:00,,false,,
55dcf9c4-7d60-5871-9948-6ae582ad5494,c169851f-18a3-51fb-a3fb-9af1d41a47ef,125bbdd1-36ce-5f61-836e-13fa1af040d9,7093b327-e34d-52b4-8804-c7205737e0d1,RCV-000000111,1,receipt,654.0000,EA,654.0000,2025-04-11T14:04:00+10:00,,false,,
21664f94-1a6e-5b1a-b6f7-5d0c35deeebc,c169851f-18a3-51fb-a3fb-9af1d41a47ef,125bbdd1-36ce-5f61-836e-13fa1af040d9,c3977d7b-a25a-5238-a4b2-dd1730c3a4c6,RCV-000000112,1,receipt,528.0000,EA,528.0000,2024-12-26T14:01:00+10:00,,true,,
52b88534-d704-5642-853f-a90bd3d2e9eb,c169851f-18a3-51fb-a3fb-9af1d41a47ef,125bbdd1-36ce-5f61-836e-13fa1af040d9,1986de63-67d9-5898-82f3-586c85389f7d,RCV-000000113,1,receipt,85440.0000,EA,85440.0000,2026-03-30T14:01:00+10:00,,false,,
eadbd921-ab09-55d7-8004-85a78cc2b235,c169851f-18a3-51fb-a3fb-9af1d41a47ef,125bbdd1-36ce-5f61-836e-13fa1af040d9,79bd8471-f158-56c5-b380-bf24d630bbc4,RCV-000000114,1,receipt,2364.0000,EA,2364.0000,2024-10-02T14:01:00+10:00,,false,,
dbc7f9a0-131a-5149-9ce8-ef0e64202f7b,c169851f-18a3-51fb-a3fb-9af1d41a47ef,125bbdd1-36ce-5f61-836e-13fa1af040d9,e2dc985e-3d7b-5249-8649-eb730712172d,RCV-000000115,1,receipt,176.0000,EA,176.0000,2026-02-02T14:01:00+10:00,,false,46d39da9-0e46-584a-a830-da928f525393,demand_shock
2fda4b9b-d97e-52d3-abe8-b936553e4a35,c169851f-18a3-51fb-a3fb-9af1d41a47ef,125bbdd1-36ce-5f61-836e-13fa1af040d9,9cc258ce-8584-5d52-bc8c-7e5177de3100,RCV-000000116,1,receipt,120.0000,EA,120.0000,2025-08-19T14:01:00+10:00,,false,,
4626e501-19bc-543e-9853-6673dfd08efb,c169851f-18a3-51fb-a3fb-9af1d41a47ef,125bbdd1-36ce-5f61-836e-13fa1af040d9,84c77b48-cd90-57da-93fa-6524adc2ca64,RCV-000000117,1,receipt,24480.0000,EA,24480.0000,2026-01-30T14:01:00+10:00,,true,93337333-0a8e-5184-a0d9-1b993275a389,split_schedule
c15f4490-3606-5a12-bf58-349f7b985fdc,c169851f-18a3-51fb-a3fb-9af1d41a47ef,125bbdd1-36ce-5f61-836e-13fa1af040d9,dcdefc65-3772-584c-b071-3715bcd1f4ab,RCV-000000118,1,receipt,44160.0000,EA,44160.0000,2026-04-26T14:01:00+10:00,,false,a22ee62f-6bd9-56be-9b7a-8469367c9c99,split_schedule
eabd63e4-03bf-544d-b0de-badf1af22260,c169851f-18a3-51fb-a3fb-9af1d41a47ef,125bbdd1-36ce-5f61-836e-13fa1af040d9,929837a9-fc2f-58b0-b586-e9d5549c4bf7,RCV-000000119,1,receipt,15.0000,EA,15.0000,2026-03-18T14:01:00+10:00,,false,,
fe87b97a-dd34-51f4-9153-a3dcedb5d887,c169851f-18a3-51fb-a3fb-9af1d41a47ef,125bbdd1-36ce-5f61-836e-13fa1af040d9,f3dfe35e-3f70-59b9-811b-0e6a79cc3a9f,RCV-000000120,1,receipt,6.0000,EA,6.0000,2024-11-17T14:01:00+10:00,,true,,
6ec14751-b41f-54c0-9ebe-261e064d0237,c169851f-18a3-51fb-a3fb-9af1d41a47ef,125bbdd1-36ce-5f61-836e-13fa1af040d9,f3dfe35e-3f70-59b9-811b-0e6a79cc3a9f,RCV-000000121,1,receipt,6.0000,EA,6.0000,2024-11-22T14:02:00+10:00,,true,,
536d0511-85c1-53bc-81f8-7c971b6ec357,c169851f-18a3-51fb-a3fb-9af1d41a47ef,125bbdd1-36ce-5f61-836e-13fa1af040d9,f3dfe35e-3f70-59b9-811b-0e6a79cc3a9f,RCV-000000122,1,receipt,6.0000,EA,6.0000,2024-11-24T14:03:00+10:00,,true,,
f236cd88-6492-5318-ac3b-d3f3ca79c200,c169851f-18a3-51fb-a3fb-9af1d41a47ef,125bbdd1-36ce-5f61-836e-13fa1af040d9,f3dfe35e-3f70-59b9-811b-0e6a79cc3a9f,RCV-000000123,1,receipt,6.0000,EA,6.0000,2024-11-12T14:04:00+10:00,,true,,
f5fa7fca-eb0c-5306-b9a1-14d9924c253d,c169851f-18a3-51fb-a3fb-9af1d41a47ef,125bbdd1-36ce-5f61-836e-13fa1af040d9,02f68fdb-1945-57a8-bbbe-aa77be70e9d4,RCV-000000124,1,receipt,206.0000,EA,206.0000,2024-10-05T14:01:00+10:00,,true,d6a9d532-c3e1-5b45-85b4-584d42a3983c,split_schedule
7ce8418f-d4da-55ee-bfe5-d8fc35a7be22,c169851f-18a3-51fb-a3fb-9af1d41a47ef,125bbdd1-36ce-5f61-836e-13fa1af040d9,882b71bc-78a8-5c68-892e-0a1d21e8ab81,RCV-000000125,1,receipt,1716.0000,EA,1716.0000,2024-11-20T14:01:00+10:00,,true,,
03720531-3b81-51d2-8c51-bd0a5735993b,c169851f-18a3-51fb-a3fb-9af1d41a47ef,125bbdd1-36ce-5f61-836e-13fa1af040d9,882b71bc-78a8-5c68-892e-0a1d21e8ab81,RCV-000000126,1,receipt,1716.0000,EA,1716.0000,2024-11-23T14:02:00+10:00,,true,,
a95714b9-036e-5273-b0ad-04f39d0e9555,c169851f-18a3-51fb-a3fb-9af1d41a47ef,125bbdd1-36ce-5f61-836e-13fa1af040d9,882b71bc-78a8-5c68-892e-0a1d21e8ab81,RCV-000000127,1,receipt,1716.0000,EA,1716.0000,2024-11-14T14:03:00+10:00,,true,,
e83c081e-a1b4-5e21-9cd4-f8b153b473e2,c169851f-18a3-51fb-a3fb-9af1d41a47ef,125bbdd1-36ce-5f61-836e-13fa1af040d9,882b71bc-78a8-5c68-892e-0a1d21e8ab81,RCV-000000128,1,receipt,1716.0000,EA,1716.0000,2024-11-19T14:04:00+10:00,,true,,
e4760574-68b1-5e15-9b1f-2cd1a429773a,c169851f-18a3-51fb-a3fb-9af1d41a47ef,125bbdd1-36ce-5f61-836e-13fa1af040d9,de36a33a-a0d5-5131-bf84-251c788a2d19,RCV-000000129,1,receipt,18480.0000,EA,18480.0000,2025-06-01T14:01:00+10:00,,false,e998778c-940e-5678-b1e4-440458cc4cfd,missing_supplier_signal
21913dbc-c6f9-5805-b369-e881dda87c78,c169851f-18a3-51fb-a3fb-9af1d41a47ef,125bbdd1-36ce-5f61-836e-13fa1af040d9,96a1841e-9c2b-5a52-b6f2-c80d4fc423d3,RCV-000000130,1,receipt,27600.0000,EA,27600.0000,2025-05-02T14:01:00+10:00,,true,,
053fdc9c-4973-5d95-82f9-408c0db84bb0,c169851f-18a3-51fb-a3fb-9af1d41a47ef,125bbdd1-36ce-5f61-836e-13fa1af040d9,c39c6ce8-69fb-5a2b-8b54-185a94119a47,RCV-000000131,1,receipt,171.0000,EA,171.0000,2024-08-28T14:01:00+10:00,,false,97911577-2637-5c70-a8ab-c204cd7b3e39,missing_inventory_signal
0febce4a-5fe9-5fb6-87c4-47744fa08c3d,c169851f-18a3-51fb-a3fb-9af1d41a47ef,125bbdd1-36ce-5f61-836e-13fa1af040d9,c39c6ce8-69fb-5a2b-8b54-185a94119a47,RCV-000000132,1,receipt,171.0000,EA,171.0000,2024-08-30T14:02:00+10:00,,false,97911577-2637-5c70-a8ab-c204cd7b3e39,missing_inventory_signal
312cc696-d47b-56fc-a057-afb0e3583b09,c169851f-18a3-51fb-a3fb-9af1d41a47ef,125bbdd1-36ce-5f61-836e-13fa1af040d9,ffbfb137-4af0-562a-abfa-3ed8803628f7,RCV-000000133,1,receipt,1811.4528,EA,1811.4528,2024-11-26T14:01:00+10:00,,true,,
ee1d5dbf-5954-5624-a264-42af1afa638b,c169851f-18a3-51fb-a3fb-9af1d41a47ef,125bbdd1-36ce-5f61-836e-13fa1af040d9,462f8a8a-6a22-55c4-8e10-5955c96cfd7c,RCV-000000134,1,receipt,203.0000,EA,203.0000,2026-04-19T14:01:00+10:00,,false,,
e6d5bfbb-a4e5-5bfe-bb40-33ee3ace799a,c169851f-18a3-51fb-a3fb-9af1d41a47ef,125bbdd1-36ce-5f61-836e-13fa1af040d9,d2a8808c-fb88-5b33-ad8f-5757905a6f45,RCV-000000135,1,receipt,95520.0000,EA,95520.0000,2025-08-25T14:01:00+10:00,,false,,
d5020d27-9e43-5b11-a692-5f8c691bf94b,c169851f-18a3-51fb-a3fb-9af1d41a47ef,125bbdd1-36ce-5f61-836e-13fa1af040d9,d823b655-8b96-5352-adfb-b09cfe3ff09e,RCV-000000136,1,receipt,576.0000,EA,576.0000,2025-03-20T14:01:00+10:00,,true,,
cf76d3eb-15e9-59f3-8b07-6dde4d77ef95,c169851f-18a3-51fb-a3fb-9af1d41a47ef,125bbdd1-36ce-5f61-836e-13fa1af040d9,3dbc788e-4fc6-530a-baf4-e8588c4638c9,RCV-000000137,1,receipt,11760.0000,EA,11760.0000,2025-06-15T14:01:00+10:00,,true,f2007603-1ae9-5678-8de0-d0623e504294,split_schedule
af2f85a5-15e0-55a3-bd40-660d366872ab,c169851f-18a3-51fb-a3fb-9af1d41a47ef,125bbdd1-36ce-5f61-836e-13fa1af040d9,3dbc788e-4fc6-530a-baf4-e8588c4638c9,RCV-000000138,1,receipt,11760.0000,EA,11760.0000,2025-06-13T14:02:00+10:00,,true,f2007603-1ae9-5678-8de0-d0623e504294,split_schedule
435602cb-6784-56e0-9101-22fa20bb40eb,c169851f-18a3-51fb-a3fb-9af1d41a47ef,125bbdd1-36ce-5f61-836e-13fa1af040d9,4cdfb0cf-5c65-5736-96d0-2c3a18205662,RCV-000000139,1,receipt,33600.0000,EA,33600.0000,2025-03-07T14:01:00+10:00,,false,,
d5d2677d-e628-5d3e-aea4-dffadafd71a2,c169851f-18a3-51fb-a3fb-9af1d41a47ef,125bbdd1-36ce-5f61-836e-13fa1af040d9,d74a323e-f134-5bee-a79a-ae9ca2302b36,RCV-000000140,1,receipt,9504.0000,EA,9504.0000,2025-03-03T14:01:00+10:00,,true,761f6b4e-c31b-5609-9dd1-6d14935e0e0a,split_schedule
b56231cc-923d-5e20-858d-68c055b6b7ed,c169851f-18a3-51fb-a3fb-9af1d41a47ef,125bbdd1-36ce-5f61-836e-13fa1af040d9,145000c9-83e4-5e12-a308-c7a4efd86f80,RCV-000000141,1,receipt,14280.0000,EA,14280.0000,2024-11-02T14:01:00+10:00,,false,,
ad1ad462-0ca0-550c-a94a-01e1accf5bf8,c169851f-18a3-51fb-a3fb-9af1d41a47ef,125bbdd1-36ce-5f61-836e-13fa1af040d9,08228a0a-fead-5763-a110-0fbae787a714,RCV-000000142,1,receipt,786.0000,EA,786.0000,2025-06-15T14:01:00+10:00,,true,,
6baafcb3-5036-5a1f-9943-15f147005e41,c169851f-18a3-51fb-a3fb-9af1d41a47ef,125bbdd1-36ce-5f61-836e-13fa1af040d9,4d3536ec-2d13-5092-bee1-0eab950db4f6,RCV-000000143,1,receipt,3750.0000,EA,3750.0000,2024-09-26T14:01:00+10:00,,true,98f200ac-eb12-5833-acd6-2403a53b3358,demand_shock
777b4071-1616-5df9-96de-a48759d153d9,c169851f-18a3-51fb-a3fb-9af1d41a47ef,125bbdd1-36ce-5f61-836e-13fa1af040d9,4d3536ec-2d13-5092-bee1-0eab950db4f6,RCV-000000144,1,receipt,3750.0000,EA,3750.0000,2024-10-02T14:02:00+10:00,,true,98f200ac-eb12-5833-acd6-2403a53b3358,demand_shock
5bb5febd-a8a6-55ea-ab55-78231c0815f2,c169851f-18a3-51fb-a3fb-9af1d41a47ef,125bbdd1-36ce-5f61-836e-13fa1af040d9,4d3536ec-2d13-5092-bee1-0eab950db4f6,RCV-000000145,1,receipt,3750.0000,EA,3750.0000,2024-10-04T14:03:00+10:00,,true,98f200ac-eb12-5833-acd6-2403a53b3358,demand_shock
8fd3be63-5233-50fc-81e7-fd8cff0da313,c169851f-18a3-51fb-a3fb-9af1d41a47ef,125bbdd1-36ce-5f61-836e-13fa1af040d9,4d3536ec-2d13-5092-bee1-0eab950db4f6,RCV-000000146,1,receipt,3750.0000,EA,3750.0000,2024-09-26T14:04:00+10:00,,true,98f200ac-eb12-5833-acd6-2403a53b3358,demand_shock
0bc98a0c-15f7-5a99-a82b-09ead4191fed,c169851f-18a3-51fb-a3fb-9af1d41a47ef,125bbdd1-36ce-5f61-836e-13fa1af040d9,47162640-a7ea-5360-be33-cf7809016677,RCV-000000147,1,receipt,21000.0000,EA,21000.0000,2025-12-18T14:01:00+10:00,,true,,
0ae39716-4823-52b2-a64e-0c9f532600f0,c169851f-18a3-51fb-a3fb-9af1d41a47ef,125bbdd1-36ce-5f61-836e-13fa1af040d9,00dc368d-46ce-53ba-aa74-372caa23d77f,RCV-000000148,1,receipt,296.0000,EA,296.0000,2024-10-25T14:01:00+10:00,,false,,
83afad25-a7cf-5034-ad0c-7f136b95b203,c169851f-18a3-51fb-a3fb-9af1d41a47ef,125bbdd1-36ce-5f61-836e-13fa1af040d9,00dc368d-46ce-53ba-aa74-372caa23d77f,RCV-000000149,1,receipt,296.0000,EA,296.0000,2024-11-02T14:02:00+10:00,,false,,
420046a4-9994-5405-befd-9a812aeec3db,c169851f-18a3-51fb-a3fb-9af1d41a47ef,125bbdd1-36ce-5f61-836e-13fa1af040d9,00dc368d-46ce-53ba-aa74-372caa23d77f,RCV-000000150,1,receipt,296.0000,EA,296.0000,2024-10-31T14:03:00+10:00,,false,,
09b892e3-8a87-524a-a01b-fa9daa60b63a,c169851f-18a3-51fb-a3fb-9af1d41a47ef,125bbdd1-36ce-5f61-836e-13fa1af040d9,9cbeb2da-d95e-5698-b5ff-df741201e330,RCV-000000151,1,receipt,1920.0000,EA,1920.0000,2025-12-13T14:01:00+10:00,,false,21333272-ca41-5fe3-a25f-6657a60b49d5,missing_supplier_signal
59afbf98-f631-5213-8f2d-9d4cd3e66c46,c169851f-18a3-51fb-a3fb-9af1d41a47ef,125bbdd1-36ce-5f61-836e-13fa1af040d9,29c53d62-0f2a-569e-bd23-0baaddecb094,RCV-000000152,1,receipt,5.0000,EA,5.0000,2025-03-06T14:01:00+10:00,,false,,
944432a0-b040-59fa-8bc9-b5510df1616d,c169851f-18a3-51fb-a3fb-9af1d41a47ef,125bbdd1-36ce-5f61-836e-13fa1af040d9,11adbf92-554f-5ee5-8493-75b71128aa0c,RCV-000000153,1,receipt,10560.0000,EA,10560.0000,2026-03-04T14:01:00+10:00,,false,,
444f91cd-7458-500b-a373-0669727ab268,c169851f-18a3-51fb-a3fb-9af1d41a47ef,125bbdd1-36ce-5f61-836e-13fa1af040d9,7fc5655b-2706-515d-9a46-4f8381eba9fe,RCV-000000154,1,receipt,960.0000,EA,960.0000,2026-04-28T14:01:00+10:00,,false,7d4a5fd8-ad84-5439-99a0-aa69ffa474c5,split_schedule
0afee1f5-208d-5144-88b7-27b3cc4be8b5,c169851f-18a3-51fb-a3fb-9af1d41a47ef,125bbdd1-36ce-5f61-836e-13fa1af040d9,357f6560-db19-527a-b643-4ccfabc42af0,RCV-000000155,1,receipt,4.0000,EA,4.0000,2024-10-23T14:01:00+10:00,,false,,
074d4529-6e02-55a3-8562-eefa3147d28c,c169851f-18a3-51fb-a3fb-9af1d41a47ef,125bbdd1-36ce-5f61-836e-13fa1af040d9,d998ca38-778d-57b3-96f3-853d7cda39a4,RCV-000000156,1,receipt,38400.0000,EA,38400.0000,2025-09-13T14:01:00+10:00,,false,,
007c87a8-2f0c-5cfb-ab87-95961a1de15c,c169851f-18a3-51fb-a3fb-9af1d41a47ef,125bbdd1-36ce-5f61-836e-13fa1af040d9,eebe4995-2521-5206-ba1d-679ade730706,RCV-000000157,1,receipt,3496.7085,EA,3496.7085,2026-03-02T14:01:00+10:00,,false,,
69622cc1-cff2-5a23-bf42-45491f102925,c169851f-18a3-51fb-a3fb-9af1d41a47ef,125bbdd1-36ce-5f61-836e-13fa1af040d9,fab2f861-2ae3-572d-a38a-4be3d0e3f211,RCV-000000158,1,receipt,22680.0000,EA,22680.0000,2025-08-30T14:01:00+10:00,,false,,
f310b0bb-48e2-5f59-87cb-189371727a72,c169851f-18a3-51fb-a3fb-9af1d41a47ef,125bbdd1-36ce-5f61-836e-13fa1af040d9,9ee3c1c4-e6a3-5924-818a-df08c6b8141f,RCV-000000159,1,receipt,300.0000,EA,300.0000,2026-04-02T14:01:00+10:00,,true,,
504478d1-3a0e-5c35-b9fe-078fa5fa11cb,c169851f-18a3-51fb-a3fb-9af1d41a47ef,125bbdd1-36ce-5f61-836e-13fa1af040d9,9ee3c1c4-e6a3-5924-818a-df08c6b8141f,RCV-000000160,1,receipt,300.0000,EA,300.0000,2026-03-23T14:02:00+10:00,,true,,
f39d1dc4-a6f5-5694-ab3a-16d01aee06dd,c169851f-18a3-51fb-a3fb-9af1d41a47ef,125bbdd1-36ce-5f61-836e-13fa1af040d9,58e8df19-cb37-55fa-9c92-18518d464c45,RCV-000000161,1,receipt,8520.0000,EA,8520.0000,2024-08-11T14:01:00+10:00,,true,,
7ca33d4e-4e7c-54c4-8daf-3fdac5964b1d,c169851f-18a3-51fb-a3fb-9af1d41a47ef,125bbdd1-36ce-5f61-836e-13fa1af040d9,d67bdb83-fed3-5184-837e-175991e221c1,RCV-000000162,1,receipt,306.0000,EA,306.0000,2024-12-17T14:01:00+10:00,,true,68fa86eb-210e-5c10-abb6-0352ab547678,split_schedule
d8262a49-6f12-5ff3-b1d2-20a0d4525ef8,c169851f-18a3-51fb-a3fb-9af1d41a47ef,125bbdd1-36ce-5f61-836e-13fa1af040d9,d67bdb83-fed3-5184-837e-175991e221c1,RCV-000000163,1,receipt,306.0000,EA,306.0000,2024-12-16T14:02:00+10:00,,true,68fa86eb-210e-5c10-abb6-0352ab547678,split_schedule
26b3378f-f61d-5b95-aaff-3102fbc5da57,c169851f-18a3-51fb-a3fb-9af1d41a47ef,125bbdd1-36ce-5f61-836e-13fa1af040d9,d67bdb83-fed3-5184-837e-175991e221c1,RCV-000000164,1,receipt,306.0000,EA,306.0000,2024-12-15T14:03:00+10:00,,true,68fa86eb-210e-5c10-abb6-0352ab547678,split_schedule
42a5a5bd-0a03-5299-b8cd-bdab2cc18abf,c169851f-18a3-51fb-a3fb-9af1d41a47ef,125bbdd1-36ce-5f61-836e-13fa1af040d9,d67bdb83-fed3-5184-837e-175991e221c1,RCV-000000165,1,receipt,306.0000,EA,306.0000,2024-12-15T14:04:00+10:00,,true,68fa86eb-210e-5c10-abb6-0352ab547678,split_schedule
3a146097-604c-5eda-ba87-f17dfa96505c,c169851f-18a3-51fb-a3fb-9af1d41a47ef,125bbdd1-36ce-5f61-836e-13fa1af040d9,8f044fab-5e0d-57fd-8793-ece7459d7993,RCV-000000166,1,receipt,1740.0000,EA,1740.0000,2024-11-04T14:01:00+10:00,,false,b655538b-1456-5fb7-9c85-86e8639090eb,split_schedule
392b4cb6-82d8-523c-a7a1-73917de7c75e,c169851f-18a3-51fb-a3fb-9af1d41a47ef,125bbdd1-36ce-5f61-836e-13fa1af040d9,8f044fab-5e0d-57fd-8793-ece7459d7993,RCV-000000167,1,receipt,1740.0000,EA,1740.0000,2024-10-31T14:02:00+10:00,,false,b655538b-1456-5fb7-9c85-86e8639090eb,split_schedule
0d89ea70-9d75-56db-a0e3-6fa0d3b2d276,c169851f-18a3-51fb-a3fb-9af1d41a47ef,125bbdd1-36ce-5f61-836e-13fa1af040d9,09554ed4-d33d-5312-8013-c55a8975e05a,RCV-000000168,1,receipt,19920.0000,EA,19920.0000,2024-08-18T14:01:00+10:00,,false,88d0f23a-2a2d-5925-9093-e87655bbe514,demand_shock
4cd2e836-7174-548a-aa50-05aadf8af4db,c169851f-18a3-51fb-a3fb-9af1d41a47ef,125bbdd1-36ce-5f61-836e-13fa1af040d9,2878b9b1-ca6a-5f7d-9847-6edbb62d0641,RCV-000000169,1,receipt,216.0000,EA,216.0000,2026-03-11T14:01:00+10:00,,false,9d6630e6-42a3-53fe-82e8-160a0cddc89e,missing_supplier_signal
94b702d5-87d8-5418-883d-be03b1cb5013,c169851f-18a3-51fb-a3fb-9af1d41a47ef,125bbdd1-36ce-5f61-836e-13fa1af040d9,8ae03cd7-a70c-5ed8-9f08-64bceb7fcd26,RCV-000000170,1,receipt,816.0000,EA,816.0000,2024-12-22T14:01:00+10:00,,false,,
ca4d7ba2-fd73-52f1-aa48-cebfbd29388f,c169851f-18a3-51fb-a3fb-9af1d41a47ef,125bbdd1-36ce-5f61-836e-13fa1af040d9,838cb9f2-fc23-5d11-b215-9156d970350c,RCV-000000171,1,receipt,128.0000,EA,128.0000,2025-07-28T14:01:00+10:00,,false,,
39561dab-1d03-5a5c-af1a-757a5d289894,c169851f-18a3-51fb-a3fb-9af1d41a47ef,125bbdd1-36ce-5f61-836e-13fa1af040d9,58661070-9c5b-5273-81b2-9ed34aa8fc54,RCV-000000172,1,receipt,39.0000,EA,39.0000,2026-03-17T14:01:00+10:00,,false,059a5fc8-4667-5f83-a28e-c8ad7dbd1121,split_schedule
19cbe092-147e-539b-86db-cfc305b9b8ed,c169851f-18a3-51fb-a3fb-9af1d41a47ef,125bbdd1-36ce-5f61-836e-13fa1af040d9,eb448e62-4e87-5b8e-98ab-8b510bbaad41,RCV-000000173,1,receipt,17280.0000,EA,17280.0000,2025-07-29T14:01:00+10:00,,true,757a89a1-4e38-5cb2-afb1-57ba8ad29c64,missing_supplier_signal
972c1581-37ee-54af-a39c-d90b73a62862,c169851f-18a3-51fb-a3fb-9af1d41a47ef,125bbdd1-36ce-5f61-836e-13fa1af040d9,6a6f7350-a718-5509-8435-a21b8f26bc5a,RCV-000000174,1,receipt,192.0000,EA,192.0000,2024-10-29T14:01:00+10:00,,true,ad1274c3-f2c0-5b3f-bec3-5bd78383a4c1;73632efc-7daf-5f27-85bb-3dec92f93c27,missing_supplier_signal;split_schedule
4650a2da-9706-5e28-9950-90c2ed5705e4,c169851f-18a3-51fb-a3fb-9af1d41a47ef,125bbdd1-36ce-5f61-836e-13fa1af040d9,ca742467-8c3c-5527-90bd-95b94e38588d,RCV-000000175,1,receipt,22560.0000,EA,22560.0000,2026-03-26T14:01:00+10:00,,true,9e5d2b4f-b6cf-5c5f-84b7-1526d220c702,split_schedule
e74e3505-c841-5d07-ac27-427603517d66,c169851f-18a3-51fb-a3fb-9af1d41a47ef,125bbdd1-36ce-5f61-836e-13fa1af040d9,d57b64a6-cc81-5d3e-930a-2554462e96b4,RCV-000000176,1,receipt,46080.0000,EA,46080.0000,2025-10-04T14:01:00+10:00,,true,77de8bf7-ba56-5b43-a573-a10c8585d097,supplier_deterioration
6787f3ed-6e4e-5291-b6fa-e72c3e7d2105,c169851f-18a3-51fb-a3fb-9af1d41a47ef,125bbdd1-36ce-5f61-836e-13fa1af040d9,0f32f0a8-3025-5828-82d6-1de6c9141a49,RCV-000000177,1,receipt,588.0000,EA,588.0000,2026-02-08T14:01:00+10:00,,false,,
b42a02d0-757a-549a-aeef-ba2002d56026,c169851f-18a3-51fb-a3fb-9af1d41a47ef,125bbdd1-36ce-5f61-836e-13fa1af040d9,a3a9d84a-fd4c-5dfd-b97a-41b8ee50bf73,RCV-000000178,1,receipt,114.0000,EA,114.0000,2025-05-04T14:01:00+10:00,,true,9fd5a1b4-aa37-5744-83c8-3859149beeac;72ad2d96-0e9e-5cea-a2cd-ef5b8ee3e2ca,missing_supplier_signal;split_schedule
886e5471-1c94-591c-8690-06c35f495914,c169851f-18a3-51fb-a3fb-9af1d41a47ef,125bbdd1-36ce-5f61-836e-13fa1af040d9,88f66cee-46ee-52a0-b982-4b85cd0c3878,RCV-000000179,1,receipt,1608.0000,EA,1608.0000,2026-03-24T14:01:00+10:00,,true,a11c8913-ff67-5a33-842e-0176d8ede39e,missing_inventory_signal
e46ac51b-8a92-56cb-8115-c3473ebd4f2a,c169851f-18a3-51fb-a3fb-9af1d41a47ef,125bbdd1-36ce-5f61-836e-13fa1af040d9,9c1ea9dd-f757-5691-b94c-18fbb100b615,RCV-000000180,1,receipt,161.0000,EA,161.0000,2026-02-08T14:01:00+10:00,,false,03cb6996-1c9a-5d08-999e-f42912b41041,demand_shock
dab6a6e9-93ea-5bbb-8cb4-f73fa8c0038e,c169851f-18a3-51fb-a3fb-9af1d41a47ef,125bbdd1-36ce-5f61-836e-13fa1af040d9,f630b228-21eb-5290-b85f-d8cf940ff6a4,RCV-000000181,1,receipt,149.0000,EA,149.0000,2025-06-09T14:01:00+10:00,,false,f7467916-4b70-5a79-8e61-343053ba2690,split_schedule
60a48299-8acb-5921-95fe-20860cf89646,c169851f-18a3-51fb-a3fb-9af1d41a47ef,125bbdd1-36ce-5f61-836e-13fa1af040d9,6ebf00dc-c8e4-584d-9918-4cd6be761326,RCV-000000182,1,receipt,8880.0000,EA,8880.0000,2025-04-27T14:01:00+10:00,,false,e66b6f1b-38ad-5919-a3b1-bab0a14877e0,missing_supplier_signal
0f6ddd34-f6d7-59ca-92b6-bd2dbe96d315,c169851f-18a3-51fb-a3fb-9af1d41a47ef,125bbdd1-36ce-5f61-836e-13fa1af040d9,25a61bbb-1397-5b78-b511-6a6ca7b8e7a9,RCV-000000183,1,receipt,88320.0000,EA,88320.0000,2025-12-21T14:01:00+10:00,,true,,
48d5a651-a211-591e-929f-365bce9f70d1,c169851f-18a3-51fb-a3fb-9af1d41a47ef,125bbdd1-36ce-5f61-836e-13fa1af040d9,ff52bf3d-3085-570c-a005-cda53150a7fe,RCV-000000184,1,receipt,11880.0000,EA,11880.0000,2025-06-04T14:01:00+10:00,,true,,
52681b04-b0bc-5d29-88f3-cbdeaaa9075b,c169851f-18a3-51fb-a3fb-9af1d41a47ef,125bbdd1-36ce-5f61-836e-13fa1af040d9,54e45966-1b7b-5c2f-a912-718435feadd5,RCV-000000185,1,receipt,1920.0000,EA,1920.0000,2025-09-03T14:01:00+10:00,,false,e60514a7-b31f-5f1a-849c-1e6eef7a4a0f,split_schedule
23299b56-0de8-52c3-87da-9cf3fcdf2678,c169851f-18a3-51fb-a3fb-9af1d41a47ef,125bbdd1-36ce-5f61-836e-13fa1af040d9,54e45966-1b7b-5c2f-a912-718435feadd5,RCV-000000186,1,receipt,1920.0000,EA,1920.0000,2025-09-04T14:02:00+10:00,,false,e60514a7-b31f-5f1a-849c-1e6eef7a4a0f,split_schedule
6e8ad823-669a-527d-a0b5-20fb2a80f5ea,c169851f-18a3-51fb-a3fb-9af1d41a47ef,125bbdd1-36ce-5f61-836e-13fa1af040d9,54e45966-1b7b-5c2f-a912-718435feadd5,RCV-000000187,1,receipt,1920.0000,EA,1920.0000,2025-09-05T14:03:00+10:00,,false,e60514a7-b31f-5f1a-849c-1e6eef7a4a0f,split_schedule
2e7e9f88-208f-5b70-aaa3-fd5c1322642e,c169851f-18a3-51fb-a3fb-9af1d41a47ef,125bbdd1-36ce-5f61-836e-13fa1af040d9,e2191bba-ab41-5cc2-847d-c0204df046e1,RCV-000000188,1,receipt,18480.0000,EA,18480.0000,2025-03-01T14:01:00+10:00,,true,,
3da40363-e82b-5745-b2b9-c36b4dcbc110,c169851f-18a3-51fb-a3fb-9af1d41a47ef,125bbdd1-36ce-5f61-836e-13fa1af040d9,e2191bba-ab41-5cc2-847d-c0204df046e1,RCV-000000188-REV,1,reversal,-18480.0000,EA,-18480.0000,2025-03-03T11:00:00+10:00,2e7e9f88-208f-5b70-aaa3-fd5c1322642e,false,,
b4036c43-0d11-599a-bf51-2cfb8b704418,c169851f-18a3-51fb-a3fb-9af1d41a47ef,125bbdd1-36ce-5f61-836e-13fa1af040d9,eb44da56-30cc-5681-aba6-4e33f758d1d6,RCV-000000189,1,receipt,750.0000,EA,750.0000,2025-06-01T14:01:00+10:00,,true,790964d7-aae3-53fa-863e-bc0f40364864,supplier_deterioration
76ba4f5b-628f-5046-ba1d-09bcf9e80521,c169851f-18a3-51fb-a3fb-9af1d41a47ef,125bbdd1-36ce-5f61-836e-13fa1af040d9,eb44da56-30cc-5681-aba6-4e33f758d1d6,RCV-000000190,1,receipt,750.0000,EA,750.0000,2025-06-03T14:02:00+10:00,,true,790964d7-aae3-53fa-863e-bc0f40364864,supplier_deterioration
e89a9900-e04d-5a33-aee1-821ef2c47566,c169851f-18a3-51fb-a3fb-9af1d41a47ef,125bbdd1-36ce-5f61-836e-13fa1af040d9,10862e63-daf3-5f53-ab7e-7891b132ec6f,RCV-000000191,1,receipt,88.0000,EA,88.0000,2025-04-16T14:01:00+10:00,,true,f3893d13-6fe1-5b1c-b226-fc4d0ec34e91,missing_inventory_signal
4519fef9-bbab-5e7e-ac2b-60fb96434444,c169851f-18a3-51fb-a3fb-9af1d41a47ef,125bbdd1-36ce-5f61-836e-13fa1af040d9,10862e63-daf3-5f53-ab7e-7891b132ec6f,RCV-000000192,1,receipt,88.0000,EA,88.0000,2025-04-15T14:02:00+10:00,,true,f3893d13-6fe1-5b1c-b226-fc4d0ec34e91,missing_inventory_signal
559d7068-45f5-529d-8c3e-2f1860455558,c169851f-18a3-51fb-a3fb-9af1d41a47ef,125bbdd1-36ce-5f61-836e-13fa1af040d9,0334fb3e-920d-51a6-a6ca-04dab00a654d,RCV-000000193,1,receipt,714.0000,EA,714.0000,2025-07-29T14:01:00+10:00,,true,,
f1eda88f-4a53-5d88-b677-8f7028d675c9,c169851f-18a3-51fb-a3fb-9af1d41a47ef,125bbdd1-36ce-5f61-836e-13fa1af040d9,0334fb3e-920d-51a6-a6ca-04dab00a654d,RCV-000000194,1,receipt,714.0000,EA,714.0000,2025-07-28T14:02:00+10:00,,true,,
9c7e0226-4539-5bc8-b836-8bf6be89925d,c169851f-18a3-51fb-a3fb-9af1d41a47ef,125bbdd1-36ce-5f61-836e-13fa1af040d9,0334fb3e-920d-51a6-a6ca-04dab00a654d,RCV-000000195,1,receipt,714.0000,EA,714.0000,2025-07-26T14:03:00+10:00,,false,,
2a29b817-0c61-5fde-a219-4f9bd7ef4ba0,c169851f-18a3-51fb-a3fb-9af1d41a47ef,125bbdd1-36ce-5f61-836e-13fa1af040d9,0334fb3e-920d-51a6-a6ca-04dab00a654d,RCV-000000196,1,receipt,714.0000,EA,714.0000,2025-07-26T14:04:00+10:00,,false,,
c438226c-c34c-56aa-84bd-c4bf3fadfb11,c169851f-18a3-51fb-a3fb-9af1d41a47ef,125bbdd1-36ce-5f61-836e-13fa1af040d9,51607152-a019-5b5d-bb57-55c68b0e5f3e,RCV-000000197,1,receipt,5160.0000,EA,5160.0000,2025-08-20T14:01:00+10:00,,true,6908c2d8-6be4-5b22-be08-4f0f08d83336,split_schedule
2b180534-c893-5a6a-971e-1ad280146e0b,c169851f-18a3-51fb-a3fb-9af1d41a47ef,125bbdd1-36ce-5f61-836e-13fa1af040d9,51607152-a019-5b5d-bb57-55c68b0e5f3e,RCV-000000198,1,receipt,5160.0000,EA,5160.0000,2025-08-15T14:02:00+10:00,,true,6908c2d8-6be4-5b22-be08-4f0f08d83336,split_schedule
dbc137eb-56e0-5e1c-b57f-6d9fd2fb91d7,c169851f-18a3-51fb-a3fb-9af1d41a47ef,125bbdd1-36ce-5f61-836e-13fa1af040d9,51607152-a019-5b5d-bb57-55c68b0e5f3e,RCV-000000199,1,receipt,5160.0000,EA,5160.0000,2025-08-08T14:03:00+10:00,,false,6908c2d8-6be4-5b22-be08-4f0f08d83336,split_schedule
d6563608-1794-515c-96d7-489f23e2e9fc,c169851f-18a3-51fb-a3fb-9af1d41a47ef,125bbdd1-36ce-5f61-836e-13fa1af040d9,51607152-a019-5b5d-bb57-55c68b0e5f3e,RCV-000000200,1,receipt,5160.0000,EA,5160.0000,2025-08-07T14:04:00+10:00,,false,6908c2d8-6be4-5b22-be08-4f0f08d83336,split_schedule
23a02a3d-8871-5179-a6bb-3a75735d1fa1,c169851f-18a3-51fb-a3fb-9af1d41a47ef,125bbdd1-36ce-5f61-836e-13fa1af040d9,4a91a6a0-8caa-5725-a3a1-128b9336f13e,RCV-000000201,1,receipt,51.5000,EA,51.5000,2025-09-11T14:01:00+10:00,,false,ed2eea2d-3777-5729-ae83-377107378018,split_schedule
4d22ab19-3be5-5e6b-9bf5-a5283c23877d,c169851f-18a3-51fb-a3fb-9af1d41a47ef,125bbdd1-36ce-5f61-836e-13fa1af040d9,4a91a6a0-8caa-5725-a3a1-128b9336f13e,RCV-000000202,1,receipt,51.5000,EA,51.5000,2025-09-10T14:02:00+10:00,,false,ed2eea2d-3777-5729-ae83-377107378018,split_schedule
b17b5b5f-1511-5abb-852c-1420051bbe84,c169851f-18a3-51fb-a3fb-9af1d41a47ef,125bbdd1-36ce-5f61-836e-13fa1af040d9,4a91a6a0-8caa-5725-a3a1-128b9336f13e,RCV-000000203,1,receipt,51.5000,EA,51.5000,2025-09-11T14:03:00+10:00,,false,ed2eea2d-3777-5729-ae83-377107378018,split_schedule
4dce9f76-f4dc-53c6-8f15-0686a24d69d2,c169851f-18a3-51fb-a3fb-9af1d41a47ef,125bbdd1-36ce-5f61-836e-13fa1af040d9,4a91a6a0-8caa-5725-a3a1-128b9336f13e,RCV-000000204,1,receipt,51.5000,EA,51.5000,2025-09-15T14:04:00+10:00,,false,ed2eea2d-3777-5729-ae83-377107378018,split_schedule
1e6992e1-83a9-5c48-8216-3be6cbcc008b,c169851f-18a3-51fb-a3fb-9af1d41a47ef,125bbdd1-36ce-5f61-836e-13fa1af040d9,3bb10f4b-339b-5869-9a5e-8a319adb83d7,RCV-000000205,1,receipt,2880.0000,EA,2880.0000,2026-02-14T14:01:00+10:00,,true,,
3055b4fc-98c7-5b46-b61d-f7a4e6587a28,c169851f-18a3-51fb-a3fb-9af1d41a47ef,125bbdd1-36ce-5f61-836e-13fa1af040d9,3bb10f4b-339b-5869-9a5e-8a319adb83d7,RCV-000000206,1,receipt,2880.0000,EA,2880.0000,2026-02-11T14:02:00+10:00,,true,,
8d07e272-da77-5da8-81f7-1161a3c3601a,c169851f-18a3-51fb-a3fb-9af1d41a47ef,125bbdd1-36ce-5f61-836e-13fa1af040d9,29083f59-3526-532f-8b0a-f5c5b1f06f28,RCV-000000207,1,receipt,147.0000,EA,147.0000,2024-09-07T14:01:00+10:00,,true,a199d1f8-81b5-5eb8-81e6-7b28f711949d,split_schedule
25cb3695-6706-532d-96f1-9c8021d8c096,c169851f-18a3-51fb-a3fb-9af1d41a47ef,125bbdd1-36ce-5f61-836e-13fa1af040d9,6d613d2d-11e2-55d5-b0f4-a8cf572c4178,RCV-000000208,1,receipt,193.0000,EA,193.0000,2024-09-21T14:01:00+10:00,,true,,
cf1aaf50-e160-56aa-8719-d44510892254,c169851f-18a3-51fb-a3fb-9af1d41a47ef,125bbdd1-36ce-5f61-836e-13fa1af040d9,0437ba15-4eda-5526-aa40-64962c056d6d,RCV-000000209,1,receipt,1056.0000,EA,1056.0000,2025-02-21T14:01:00+10:00,,false,,
7f85af5c-298e-503d-959b-cb254dd67072,c169851f-18a3-51fb-a3fb-9af1d41a47ef,125bbdd1-36ce-5f61-836e-13fa1af040d9,a38b901d-d0f4-56bb-85ba-7e70f8866156,RCV-000000210,1,receipt,181.0000,EA,181.0000,2024-09-10T14:01:00+10:00,,true,,
6a74eabb-84a5-55fe-aaa1-dc7a53135378,c169851f-18a3-51fb-a3fb-9af1d41a47ef,125bbdd1-36ce-5f61-836e-13fa1af040d9,77a335b0-f76a-5a8f-805b-096ac95001c1,RCV-000000211,1,receipt,18480.0000,EA,18480.0000,2026-03-31T14:01:00+10:00,,true,,
c2d2ec87-787d-546f-811c-763ad12d84f9,c169851f-18a3-51fb-a3fb-9af1d41a47ef,125bbdd1-36ce-5f61-836e-13fa1af040d9,a087a4f7-76b3-57ee-a2c2-eed7c2c4d7a8,RCV-000000212,1,receipt,92640.0000,EA,92640.0000,2024-12-18T14:01:00+10:00,,true,,
69cfe0c5-057a-5f87-94c2-a5cd9e636581,c169851f-18a3-51fb-a3fb-9af1d41a47ef,125bbdd1-36ce-5f61-836e-13fa1af040d9,8f3b0bc3-1fda-5ff9-bd01-d0987ffbf056,RCV-000000213,1,receipt,1560.0000,EA,1560.0000,2024-12-28T14:01:00+10:00,,false,f2a2d4e8-0855-561c-b43c-df1f23816dca,missing_supplier_signal
edfbae05-c414-571b-99a5-f0c28f24409d,c169851f-18a3-51fb-a3fb-9af1d41a47ef,125bbdd1-36ce-5f61-836e-13fa1af040d9,86b41b2c-8089-5ef2-afac-2861af67d47b,RCV-000000214,1,receipt,22080.0000,EA,22080.0000,2025-09-16T14:01:00+10:00,,false,,
36e4eaa0-be41-56d6-a1af-84c0f1206398,c169851f-18a3-51fb-a3fb-9af1d41a47ef,125bbdd1-36ce-5f61-836e-13fa1af040d9,03623eea-a8cb-5ce8-a432-055ad86d38c3,RCV-000000215,1,receipt,217.0000,EA,217.0000,2026-05-04T14:01:00+10:00,,false,,
7a48ff91-3837-5b50-a469-507877dcf24d,c169851f-18a3-51fb-a3fb-9af1d41a47ef,125bbdd1-36ce-5f61-836e-13fa1af040d9,d829883d-37a7-57c8-9759-d7118fefd1ac,RCV-000000216,1,receipt,50.1546,EA,50.1546,2026-04-20T14:01:00+10:00,,true,,
42aeb924-ab35-5d05-bf28-056f4418e814,c169851f-18a3-51fb-a3fb-9af1d41a47ef,125bbdd1-36ce-5f61-836e-13fa1af040d9,fd515219-9963-5043-86bb-4125192e6ba4,RCV-000000217,1,receipt,660.0000,EA,660.0000,2025-07-08T14:01:00+10:00,,false,,
be432028-fe71-5cd6-96c6-91ff695d27c3,c169851f-18a3-51fb-a3fb-9af1d41a47ef,125bbdd1-36ce-5f61-836e-13fa1af040d9,bd9c6d3b-0cc4-5191-9d68-6bb68a5cc8ac,RCV-000000218,1,receipt,130.0000,EA,130.0000,2025-11-15T14:01:00+10:00,,false,9eec2556-e2d5-59ee-9fee-3202812f62ec;c92647e2-f169-5e55-98fb-203788af76d8,missing_supplier_signal;split_schedule
6483ca23-c669-5f18-bddb-ef65b58c3a5a,c169851f-18a3-51fb-a3fb-9af1d41a47ef,125bbdd1-36ce-5f61-836e-13fa1af040d9,ac3f9ca3-6fd8-5ff6-b511-8984d5a49bae,RCV-000000219,1,receipt,16.0000,EA,16.0000,2025-03-15T14:01:00+10:00,,false,,
3e35b747-3023-5f10-9e48-3ae5292e0a45,c169851f-18a3-51fb-a3fb-9af1d41a47ef,125bbdd1-36ce-5f61-836e-13fa1af040d9,ac3f9ca3-6fd8-5ff6-b511-8984d5a49bae,RCV-000000220,1,receipt,16.0000,EA,16.0000,2025-03-18T14:02:00+10:00,,false,,
49294665-f492-5410-bd43-b628401eaff8,c169851f-18a3-51fb-a3fb-9af1d41a47ef,125bbdd1-36ce-5f61-836e-13fa1af040d9,ac3f9ca3-6fd8-5ff6-b511-8984d5a49bae,RCV-000000221,1,receipt,16.0000,EA,16.0000,2025-03-19T14:03:00+10:00,,false,,
887b1fbe-703d-5eed-afae-0d66f607dba3,c169851f-18a3-51fb-a3fb-9af1d41a47ef,125bbdd1-36ce-5f61-836e-13fa1af040d9,ac3f9ca3-6fd8-5ff6-b511-8984d5a49bae,RCV-000000222,1,receipt,16.0000,EA,16.0000,2025-03-21T14:04:00+10:00,,false,,
07fc415b-389a-55b6-96ef-99bffd0a838d,c169851f-18a3-51fb-a3fb-9af1d41a47ef,125bbdd1-36ce-5f61-836e-13fa1af040d9,3167b658-ad3e-55c2-864b-9f6dc5cf3dcf,RCV-000000223,1,receipt,4680.0000,EA,4680.0000,2025-07-02T14:01:00+10:00,,true,55c23301-7784-5821-89e4-e8e6939363ad,split_schedule
26d682d3-1921-5889-ba69-5532cf0c967b,c169851f-18a3-51fb-a3fb-9af1d41a47ef,125bbdd1-36ce-5f61-836e-13fa1af040d9,73a6e20b-fdf7-5c3d-a4fd-f94173898ae3,RCV-000000224,1,receipt,25200.0000,EA,25200.0000,2025-05-07T14:01:00+10:00,,false,c35cf257-6306-52fe-a1af-cb3644e3fc91,split_schedule
97b3b68c-00e0-55c2-94e6-2d4708608630,c169851f-18a3-51fb-a3fb-9af1d41a47ef,125bbdd1-36ce-5f61-836e-13fa1af040d9,3b48f4fb-2796-5b7c-9f2e-d8d4b972a310,RCV-000000225,1,receipt,8880.0000,EA,8880.0000,2026-05-11T14:01:00+10:00,,false,b55e74ed-4a5e-5eea-a068-83a4725bf78e,split_schedule
18a62ebb-4f46-5697-aaeb-63ac6d28dac6,c169851f-18a3-51fb-a3fb-9af1d41a47ef,125bbdd1-36ce-5f61-836e-13fa1af040d9,6ea98f6f-2b50-5e3b-824d-8120b0e4163a,RCV-000000226,1,receipt,36960.0000,EA,36960.0000,2024-09-14T14:01:00+10:00,,false,,
c9c3ccf9-28d7-5ce0-8aa9-dbe4da5e59f0,c169851f-18a3-51fb-a3fb-9af1d41a47ef,125bbdd1-36ce-5f61-836e-13fa1af040d9,6db46820-2f74-5def-b029-9d8e6ebba03c,RCV-000000227,1,receipt,2928.0000,EA,2928.0000,2025-05-05T14:01:00+10:00,,true,,
8828be9a-65a7-526b-868b-6a6b1b58480e,c169851f-18a3-51fb-a3fb-9af1d41a47ef,125bbdd1-36ce-5f61-836e-13fa1af040d9,a52e64b5-c2ad-5f39-9ea8-fad292a6581d,RCV-000000228,1,receipt,14640.0000,EA,14640.0000,2026-03-28T14:01:00+10:00,,false,,
44e27c36-65a3-5bb3-a1cd-4639e8153e7a,c169851f-18a3-51fb-a3fb-9af1d41a47ef,125bbdd1-36ce-5f61-836e-13fa1af040d9,1051b290-e3df-5e4b-91b6-4df2456bae4a,RCV-000000229,1,receipt,7320.0000,EA,7320.0000,2024-10-26T14:01:00+10:00,,false,,
d484d824-5ce2-5ad3-a445-b6a4eeb5dadc,c169851f-18a3-51fb-a3fb-9af1d41a47ef,125bbdd1-36ce-5f61-836e-13fa1af040d9,7cbfffa6-f459-5e3e-8b69-90ad43abe3eb,RCV-000000230,1,receipt,5520.0000,EA,5520.0000,2025-09-30T14:01:00+10:00,,true,,
6ab8b806-1e17-5942-bc8f-31963abd6a99,c169851f-18a3-51fb-a3fb-9af1d41a47ef,125bbdd1-36ce-5f61-836e-13fa1af040d9,7cbfffa6-f459-5e3e-8b69-90ad43abe3eb,RCV-000000231,1,receipt,5520.0000,EA,5520.0000,2025-09-20T14:02:00+10:00,,true,,
08aa8add-4367-5b32-b78e-64d8325eaeb8,c169851f-18a3-51fb-a3fb-9af1d41a47ef,125bbdd1-36ce-5f61-836e-13fa1af040d9,7cbfffa6-f459-5e3e-8b69-90ad43abe3eb,RCV-000000232,1,receipt,5520.0000,EA,5520.0000,2025-09-20T14:03:00+10:00,,true,,
f1fd6ca2-0517-5bf5-a0fe-d31ca96dd69d,c169851f-18a3-51fb-a3fb-9af1d41a47ef,125bbdd1-36ce-5f61-836e-13fa1af040d9,6328348e-f21e-59e8-907c-dcfcc8ed8c3c,RCV-000000233,1,receipt,30.0000,EA,30.0000,2024-09-22T14:01:00+10:00,,true,,
14c56c3e-0b69-54c8-8b27-233831d4f588,c169851f-18a3-51fb-a3fb-9af1d41a47ef,125bbdd1-36ce-5f61-836e-13fa1af040d9,6328348e-f21e-59e8-907c-dcfcc8ed8c3c,RCV-000000234,1,receipt,30.0000,EA,30.0000,2024-09-20T14:02:00+10:00,,true,,
cf7958e4-1db2-5dcd-bbb1-cb3e3f966fc8,c169851f-18a3-51fb-a3fb-9af1d41a47ef,125bbdd1-36ce-5f61-836e-13fa1af040d9,6328348e-f21e-59e8-907c-dcfcc8ed8c3c,RCV-000000235,1,receipt,30.0000,EA,30.0000,2024-09-23T14:03:00+10:00,,true,,
227c6f49-8fc7-54e3-964a-3cf154415181,c169851f-18a3-51fb-a3fb-9af1d41a47ef,125bbdd1-36ce-5f61-836e-13fa1af040d9,6328348e-f21e-59e8-907c-dcfcc8ed8c3c,RCV-000000236,1,receipt,30.0000,EA,30.0000,2024-09-24T14:04:00+10:00,,true,,
d6d258e3-f4d9-52ec-9d06-5e56af7d86da,c169851f-18a3-51fb-a3fb-9af1d41a47ef,125bbdd1-36ce-5f61-836e-13fa1af040d9,f4534cb9-f16a-5f73-b4ce-66fa4d5c107a,RCV-000000237,1,receipt,17280.0000,EA,17280.0000,2025-09-22T14:01:00+10:00,,true,,
ac0f8311-339e-5692-8db0-22917452d6dc,c169851f-18a3-51fb-a3fb-9af1d41a47ef,125bbdd1-36ce-5f61-836e-13fa1af040d9,f4534cb9-f16a-5f73-b4ce-66fa4d5c107a,RCV-000000237-COR,1,correction,345.6000,EA,345.6000,2025-09-23T16:00:00+10:00,d6d258e3-f4d9-52ec-9d06-5e56af7d86da,false,,
53fde6c2-9216-52dd-9908-5b4a097eed68,c169851f-18a3-51fb-a3fb-9af1d41a47ef,125bbdd1-36ce-5f61-836e-13fa1af040d9,8ef43d8d-27bc-5938-8c1b-b1e2ca89d36f,RCV-000000238,1,receipt,16920.0000,EA,16920.0000,2025-02-09T14:01:00+10:00,,true,c6a80161-acf9-569a-b4e1-d5e4943c2a28,supplier_deterioration
359d0906-5fe9-5e13-b67a-50fbdb1ee2ac,c169851f-18a3-51fb-a3fb-9af1d41a47ef,125bbdd1-36ce-5f61-836e-13fa1af040d9,8ef43d8d-27bc-5938-8c1b-b1e2ca89d36f,RCV-000000239,1,receipt,16920.0000,EA,16920.0000,2025-02-12T14:02:00+10:00,,true,c6a80161-acf9-569a-b4e1-d5e4943c2a28,supplier_deterioration
5cf15b8a-2829-50f4-8481-6cf4563b1b4a,c169851f-18a3-51fb-a3fb-9af1d41a47ef,125bbdd1-36ce-5f61-836e-13fa1af040d9,8ef43d8d-27bc-5938-8c1b-b1e2ca89d36f,RCV-000000240,1,receipt,16920.0000,EA,16920.0000,2025-02-05T14:03:00+10:00,,true,c6a80161-acf9-569a-b4e1-d5e4943c2a28,supplier_deterioration
00747058-c291-5234-a6cf-763cd43c1e99,c169851f-18a3-51fb-a3fb-9af1d41a47ef,125bbdd1-36ce-5f61-836e-13fa1af040d9,8ef43d8d-27bc-5938-8c1b-b1e2ca89d36f,RCV-000000241,1,receipt,16920.0000,EA,16920.0000,2025-02-14T14:04:00+10:00,,true,c6a80161-acf9-569a-b4e1-d5e4943c2a28,supplier_deterioration
e019980d-fa84-58a3-a9b0-7e619c8c3cd8,c169851f-18a3-51fb-a3fb-9af1d41a47ef,125bbdd1-36ce-5f61-836e-13fa1af040d9,38319365-d5c6-5f50-931e-707d4cfd5a62,RCV-000000242,1,receipt,11040.0000,EA,11040.0000,2025-08-28T14:01:00+10:00,,false,6fc73c83-f730-55ac-8fa0-28c6d31aa627,split_schedule
8da590d9-3353-5288-a14a-9f542ed86deb,c169851f-18a3-51fb-a3fb-9af1d41a47ef,125bbdd1-36ce-5f61-836e-13fa1af040d9,d6abc4da-f115-5b65-b1c6-24ec0beb36d9,RCV-000000243,1,receipt,33.0000,EA,33.0000,2025-12-22T14:01:00+10:00,,true,,
335f8c0c-7de5-5d4c-860f-44a6c766a5c8,c169851f-18a3-51fb-a3fb-9af1d41a47ef,125bbdd1-36ce-5f61-836e-13fa1af040d9,aa9bc1aa-faaf-5950-9cea-b651777b1fc2,RCV-000000244,1,receipt,5880.0000,EA,5880.0000,2025-03-25T14:01:00+10:00,,false,,
3cbd4928-f591-5822-86f0-6218b78be888,c169851f-18a3-51fb-a3fb-9af1d41a47ef,125bbdd1-36ce-5f61-836e-13fa1af040d9,aa9bc1aa-faaf-5950-9cea-b651777b1fc2,RCV-000000245,1,receipt,5880.0000,EA,5880.0000,2025-04-01T14:02:00+10:00,,false,,
e8d096b5-cb9a-5afb-b9c7-997e52bf6ce2,c169851f-18a3-51fb-a3fb-9af1d41a47ef,125bbdd1-36ce-5f61-836e-13fa1af040d9,aa9bc1aa-faaf-5950-9cea-b651777b1fc2,RCV-000000246,1,receipt,5880.0000,EA,5880.0000,2025-03-29T14:03:00+10:00,,false,,
701c3f16-21ab-518b-8c63-dec7251a332e,c169851f-18a3-51fb-a3fb-9af1d41a47ef,125bbdd1-36ce-5f61-836e-13fa1af040d9,65f37411-19b1-54e4-88ba-0fd64e01acd8,RCV-000000247,1,receipt,13.7500,EA,13.7500,2025-06-16T14:01:00+10:00,,false,,
cd9d04a0-3707-58b5-aad8-3193a0c7bd19,c169851f-18a3-51fb-a3fb-9af1d41a47ef,125bbdd1-36ce-5f61-836e-13fa1af040d9,65f37411-19b1-54e4-88ba-0fd64e01acd8,RCV-000000248,1,receipt,13.7500,EA,13.7500,2025-06-18T14:02:00+10:00,,false,,
61588c0b-1b90-5bd0-8bfa-8f757005401e,c169851f-18a3-51fb-a3fb-9af1d41a47ef,125bbdd1-36ce-5f61-836e-13fa1af040d9,65f37411-19b1-54e4-88ba-0fd64e01acd8,RCV-000000249,1,receipt,13.7500,EA,13.7500,2025-06-18T14:03:00+10:00,,false,,
4542e062-7e62-53cd-b7df-8836d028e2cd,c169851f-18a3-51fb-a3fb-9af1d41a47ef,125bbdd1-36ce-5f61-836e-13fa1af040d9,65f37411-19b1-54e4-88ba-0fd64e01acd8,RCV-000000250,1,receipt,13.7500,EA,13.7500,2025-06-18T14:04:00+10:00,,false,,
30601f9f-b489-5c69-9cb8-995b5b69944b,c169851f-18a3-51fb-a3fb-9af1d41a47ef,125bbdd1-36ce-5f61-836e-13fa1af040d9,4903bb3a-76ca-5dc7-9961-ff14c62c986e,RCV-000000251,1,receipt,22320.0000,EA,22320.0000,2025-01-31T14:01:00+10:00,,false,,
40dd54f1-1c48-55d8-8e75-af727f9f9568,c169851f-18a3-51fb-a3fb-9af1d41a47ef,125bbdd1-36ce-5f61-836e-13fa1af040d9,cf639996-6d2e-5123-be62-fb7f7eab431e,RCV-000000252,1,receipt,45.0000,EA,45.0000,2025-10-08T14:01:00+10:00,,false,19656a64-d339-522f-b6c4-49d74b2ea87d,split_schedule
3b6f5d9d-f4ce-50e4-a940-94172091398c,c169851f-18a3-51fb-a3fb-9af1d41a47ef,125bbdd1-36ce-5f61-836e-13fa1af040d9,cf639996-6d2e-5123-be62-fb7f7eab431e,RCV-000000253,1,receipt,45.0000,EA,45.0000,2025-10-08T14:02:00+10:00,,false,19656a64-d339-522f-b6c4-49d74b2ea87d,split_schedule
921ed0fc-2a60-5fb2-b050-1a63f292b956,c169851f-18a3-51fb-a3fb-9af1d41a47ef,125bbdd1-36ce-5f61-836e-13fa1af040d9,cf639996-6d2e-5123-be62-fb7f7eab431e,RCV-000000254,1,receipt,45.0000,EA,45.0000,2025-10-11T14:03:00+10:00,,false,19656a64-d339-522f-b6c4-49d74b2ea87d,split_schedule
3075a950-95ab-5565-ac87-79122ffd24dc,c169851f-18a3-51fb-a3fb-9af1d41a47ef,125bbdd1-36ce-5f61-836e-13fa1af040d9,cf639996-6d2e-5123-be62-fb7f7eab431e,RCV-000000255,1,receipt,45.0000,EA,45.0000,2025-10-16T14:04:00+10:00,,true,19656a64-d339-522f-b6c4-49d74b2ea87d,split_schedule
885f6ed0-a0b0-5060-9c8a-a5d7af49ea02,c169851f-18a3-51fb-a3fb-9af1d41a47ef,125bbdd1-36ce-5f61-836e-13fa1af040d9,2776f346-c05f-5822-af31-fd30273b4e53,RCV-000000256,1,receipt,160.0000,EA,160.0000,2025-02-01T14:01:00+10:00,,true,d8d4e765-f6be-59e1-aad5-2e613f994b77,missing_inventory_signal
0c04d690-66bf-5d83-b344-f82a0d7747e9,c169851f-18a3-51fb-a3fb-9af1d41a47ef,125bbdd1-36ce-5f61-836e-13fa1af040d9,dde59706-7141-558f-944c-4019addff4bb,RCV-000000257,1,receipt,30.0000,EA,30.0000,2025-02-11T14:01:00+10:00,,false,0264a08f-1465-524e-b8a3-e96a703614e2,split_schedule
6ee1b3ae-8120-58ae-a55c-c25930005801,c169851f-18a3-51fb-a3fb-9af1d41a47ef,125bbdd1-36ce-5f61-836e-13fa1af040d9,2269f77c-358a-5f22-b58e-8258c8d46bc7,RCV-000000258,1,receipt,42871.9002,EA,42871.9002,2025-01-04T14:01:00+10:00,,true,,
f657f87f-bb3b-5dc4-822d-48876d9225b3,c169851f-18a3-51fb-a3fb-9af1d41a47ef,125bbdd1-36ce-5f61-836e-13fa1af040d9,d8113daa-29fc-5dcc-9e23-5f69a82f1f4c,RCV-000000259,1,receipt,71.0000,EA,71.0000,2024-10-07T14:01:00+10:00,,false,a16cdb90-95e3-503f-a02e-26ec6d344e59,missing_supplier_signal
2b7e0b80-6ecc-5c31-a2c3-3701fd242fff,c169851f-18a3-51fb-a3fb-9af1d41a47ef,125bbdd1-36ce-5f61-836e-13fa1af040d9,06198182-6bc2-563a-81a9-041e059cfa54,RCV-000000260,1,receipt,188.0000,EA,188.0000,2025-11-20T14:01:00+10:00,,true,,
36dfaa8b-954a-5446-a516-0b9396a87ebb,c169851f-18a3-51fb-a3fb-9af1d41a47ef,125bbdd1-36ce-5f61-836e-13fa1af040d9,29db1425-b742-5939-a46c-6586f1925402,RCV-000000261,1,receipt,100.0000,EA,100.0000,2026-02-06T14:01:00+10:00,,true,,
6a90e28f-0b87-5eaa-b95a-f506d7b0e874,c169851f-18a3-51fb-a3fb-9af1d41a47ef,125bbdd1-36ce-5f61-836e-13fa1af040d9,29db1425-b742-5939-a46c-6586f1925402,RCV-000000262,1,receipt,100.0000,EA,100.0000,2026-02-01T14:02:00+10:00,,true,,
b67fc3b6-3431-5124-8554-d4d0f5eccd75,c169851f-18a3-51fb-a3fb-9af1d41a47ef,125bbdd1-36ce-5f61-836e-13fa1af040d9,1bfc6b4c-bc10-5068-a0e3-c7a048fce5d8,RCV-000000263,1,receipt,37920.0000,EA,37920.0000,2025-06-30T14:01:00+10:00,,false,,
2161b378-bf17-553f-ad12-d97d6177f61c,c169851f-18a3-51fb-a3fb-9af1d41a47ef,125bbdd1-36ce-5f61-836e-13fa1af040d9,f808a450-df33-58af-b40d-9392767007aa,RCV-000000264,1,receipt,202.0000,EA,202.0000,2025-09-30T14:01:00+10:00,,false,55626025-b60a-5c9f-b477-d9ad6e909011,split_schedule
cbb1dd67-e1e3-5719-8593-bbf860a396be,c169851f-18a3-51fb-a3fb-9af1d41a47ef,125bbdd1-36ce-5f61-836e-13fa1af040d9,1a3f0e75-ab4b-57b6-abd7-9c332f61126f,RCV-000000265,1,receipt,6960.0000,EA,6960.0000,2026-02-25T14:01:00+10:00,,true,,
189e346e-8680-57fe-9909-bbc877b2a707,c169851f-18a3-51fb-a3fb-9af1d41a47ef,125bbdd1-36ce-5f61-836e-13fa1af040d9,b37b2dff-2f3f-5b80-b78e-137c5ae9abb2,RCV-000000266,1,receipt,1314.0000,EA,1314.0000,2025-07-22T14:01:00+10:00,,true,,
b4c50fad-55c2-54ca-ac30-8781f615289d,c169851f-18a3-51fb-a3fb-9af1d41a47ef,125bbdd1-36ce-5f61-836e-13fa1af040d9,22e08307-9602-5ed6-a421-690a03941285,RCV-000000267,1,receipt,1416.0000,EA,1416.0000,2025-09-11T14:01:00+10:00,,false,,
75dcebe2-1d79-5f66-8766-a2b1509b4752,c169851f-18a3-51fb-a3fb-9af1d41a47ef,125bbdd1-36ce-5f61-836e-13fa1af040d9,cf5d0a12-5eba-5058-986a-d59fd72b433f,RCV-000000268,1,receipt,70560.0000,EA,70560.0000,2025-05-21T14:01:00+10:00,,true,c1ab892c-137b-597c-81b7-ff45c9cb4570;c4ab135a-24c0-538e-ab34-de95f91d4aa6,supplier_deterioration;split_schedule
04104e90-d300-5be5-b01b-fd2164cb10a4,c169851f-18a3-51fb-a3fb-9af1d41a47ef,125bbdd1-36ce-5f61-836e-13fa1af040d9,2feb2d77-c6be-5724-80f9-adbd94f4d437,RCV-000000269,1,receipt,5712.0000,EA,5712.0000,2024-11-23T14:01:00+10:00,,true,,
47d60b03-11e8-5124-93d5-397da495f61e,c169851f-18a3-51fb-a3fb-9af1d41a47ef,125bbdd1-36ce-5f61-836e-13fa1af040d9,e54a72d2-87d1-5afa-9048-84f6dc969b79,RCV-000000270,1,receipt,492.0000,EA,492.0000,2025-01-31T14:01:00+10:00,,false,,
4b86f18d-dc5e-50d6-a768-4ba1e5657322,c169851f-18a3-51fb-a3fb-9af1d41a47ef,125bbdd1-36ce-5f61-836e-13fa1af040d9,a0ce60fa-b026-5af8-9034-d5ba0875a608,RCV-000000271,1,receipt,504.0000,EA,504.0000,2025-06-27T14:01:00+10:00,,false,,
56545031-d625-5a64-ac38-b8f6a2f1628c,c169851f-18a3-51fb-a3fb-9af1d41a47ef,125bbdd1-36ce-5f61-836e-13fa1af040d9,c3ad142a-bd1d-50c2-9e96-cafda40b8cc7,RCV-000000272,1,receipt,4176.0000,EA,4176.0000,2025-04-24T14:01:00+10:00,,true,710b27a6-5d90-519e-a193-21e186982044,missing_supplier_signal
c74aa008-f5ab-5b64-b5be-03ff33fd5cb5,c169851f-18a3-51fb-a3fb-9af1d41a47ef,125bbdd1-36ce-5f61-836e-13fa1af040d9,a504e0e2-c0c5-5168-bdee-c66bfdf4815b,RCV-000000273,1,receipt,360.0000,EA,360.0000,2026-01-27T14:01:00+10:00,,true,43c78462-200c-5bc5-8a05-1f607d4ea3af;782a02e9-f0b6-5ca3-b0fc-ceddb6315a67,missing_supplier_signal;split_schedule
f2eed00c-1d29-529b-8f88-08a121f0c813,c169851f-18a3-51fb-a3fb-9af1d41a47ef,125bbdd1-36ce-5f61-836e-13fa1af040d9,9c79b061-deb5-5819-b110-7c5d6cdb4032,RCV-000000274,1,receipt,369.0000,EA,369.0000,2026-01-12T14:01:00+10:00,,false,,
a95ad4d8-7d79-56d1-bb24-cc91046f7241,c169851f-18a3-51fb-a3fb-9af1d41a47ef,125bbdd1-36ce-5f61-836e-13fa1af040d9,9c79b061-deb5-5819-b110-7c5d6cdb4032,RCV-000000275,1,receipt,369.0000,EA,369.0000,2026-01-04T14:02:00+10:00,,false,,
449f612a-3aed-5521-bda1-c3dd6c8dbf32,c169851f-18a3-51fb-a3fb-9af1d41a47ef,125bbdd1-36ce-5f61-836e-13fa1af040d9,9c79b061-deb5-5819-b110-7c5d6cdb4032,RCV-000000276,1,receipt,369.0000,EA,369.0000,2026-01-04T14:03:00+10:00,,false,,
19e031c5-9154-5219-8578-7aba58e9e48b,c169851f-18a3-51fb-a3fb-9af1d41a47ef,125bbdd1-36ce-5f61-836e-13fa1af040d9,9c79b061-deb5-5819-b110-7c5d6cdb4032,RCV-000000277,1,receipt,369.0000,EA,369.0000,2026-01-09T14:04:00+10:00,,false,,
32fe9b65-9bd2-5217-81a6-e8392d457fd0,c169851f-18a3-51fb-a3fb-9af1d41a47ef,125bbdd1-36ce-5f61-836e-13fa1af040d9,7efaa5e7-7691-524a-84d5-3274c68fc054,RCV-000000278,1,receipt,114.0000,EA,114.0000,2026-06-08T14:01:00+10:00,,true,,
a68f08e4-7012-5984-a607-cd53193be5a3,c169851f-18a3-51fb-a3fb-9af1d41a47ef,125bbdd1-36ce-5f61-836e-13fa1af040d9,6934a247-3f8d-5b6c-b8de-b955f8a6ffa1,RCV-000000279,1,receipt,1224.0000,EA,1224.0000,2024-12-23T14:01:00+10:00,,true,,
f495c30c-384a-5057-8b6f-19c2cf112f39,c169851f-18a3-51fb-a3fb-9af1d41a47ef,125bbdd1-36ce-5f61-836e-13fa1af040d9,72132dfe-323e-5b97-ba0f-fe23e5da7d10,RCV-000000280,1,receipt,75.0000,EA,75.0000,2025-08-29T14:01:00+10:00,,true,dfa9f027-2db1-51b9-8a19-80744aa5417f,split_schedule
386ab40b-ee14-51e8-bebd-402f1cdf62d7,c169851f-18a3-51fb-a3fb-9af1d41a47ef,125bbdd1-36ce-5f61-836e-13fa1af040d9,72132dfe-323e-5b97-ba0f-fe23e5da7d10,RCV-000000280-REV,1,reversal,-75.0000,EA,-75.0000,2025-08-31T11:00:00+10:00,f495c30c-384a-5057-8b6f-19c2cf112f39,false,dfa9f027-2db1-51b9-8a19-80744aa5417f,split_schedule
3a321a88-6c9c-5afe-b812-73daceb47c6e,c169851f-18a3-51fb-a3fb-9af1d41a47ef,125bbdd1-36ce-5f61-836e-13fa1af040d9,90addeaa-403e-5468-8111-bcc997aa1a63,RCV-000000281,1,receipt,91.0000,EA,91.0000,2024-07-24T14:01:00+10:00,,true,72d02400-e54a-5648-a930-93e6d3c55706;5d1b14c0-242e-54dd-85da-98fcec2bcf16,supplier_deterioration;split_schedule
34985770-12b6-5908-acf4-badeaae7979c,c169851f-18a3-51fb-a3fb-9af1d41a47ef,125bbdd1-36ce-5f61-836e-13fa1af040d9,a1e53b27-6b29-5395-87b1-32c1014079a3,RCV-000000282,1,receipt,600.0000,EA,600.0000,2024-11-29T14:01:00+10:00,,true,e4bb8da8-9fb3-523a-916e-51dd1d088fd7;240beabe-07e0-5e37-ab9a-5a91498cb020,missing_supplier_signal;split_schedule
ed892a59-d72c-5ccc-92fd-dc711bf2d139,c169851f-18a3-51fb-a3fb-9af1d41a47ef,125bbdd1-36ce-5f61-836e-13fa1af040d9,0d273e17-8944-5975-82f4-80dfd65a1146,RCV-000000283,1,receipt,14040.0000,EA,14040.0000,2024-11-23T14:01:00+10:00,,false,,
0dd82463-6423-5777-931d-c3c5462a90f8,c169851f-18a3-51fb-a3fb-9af1d41a47ef,125bbdd1-36ce-5f61-836e-13fa1af040d9,236a8488-b9eb-5bf0-8e43-9d81790b67d1,RCV-000000284,1,receipt,29760.0000,EA,29760.0000,2026-01-05T14:01:00+10:00,,true,b448855d-3690-50d3-9ffb-7badbebfd92f;ab237c5c-0cbf-5388-8b9d-b1e96cd63994,demand_shock;missing_inventory_signal
a8412d53-22c9-52a8-9bb3-d579df4f64b0,c169851f-18a3-51fb-a3fb-9af1d41a47ef,125bbdd1-36ce-5f61-836e-13fa1af040d9,7fc7e07c-cbe4-5b05-ad40-43fe3f5c9b29,RCV-000000285,1,receipt,42000.0000,EA,42000.0000,2025-07-28T14:01:00+10:00,,true,b1a03459-1b24-5ded-8b76-90e9b04c71d8,supplier_deterioration
b423c4d5-113f-5d18-a3ef-843edfbfeea6,c169851f-18a3-51fb-a3fb-9af1d41a47ef,125bbdd1-36ce-5f61-836e-13fa1af040d9,c20cab24-c05a-55b5-9b4f-636627430562,RCV-000000286,1,receipt,195.0000,EA,195.0000,2025-12-23T14:01:00+10:00,,true,,
47eaa7f0-16f7-5bf7-981f-692ac61f374f,c169851f-18a3-51fb-a3fb-9af1d41a47ef,125bbdd1-36ce-5f61-836e-13fa1af040d9,28b1dfd9-a760-577a-921d-bfc4439fe708,RCV-000000287,1,receipt,36.0000,EA,36.0000,2024-10-03T14:01:00+10:00,,false,,
906a607c-4043-56d3-90c6-0a91f10c247b,c169851f-18a3-51fb-a3fb-9af1d41a47ef,125bbdd1-36ce-5f61-836e-13fa1af040d9,cfbd845d-d3bc-53af-84f0-48a81d5bb358,RCV-000000288,1,receipt,768.0000,EA,768.0000,2025-03-14T14:01:00+10:00,,false,,
5bcc628b-ca82-5ca6-ae4b-c1216fb2bf55,c169851f-18a3-51fb-a3fb-9af1d41a47ef,125bbdd1-36ce-5f61-836e-13fa1af040d9,4439d443-b2e1-5dd8-a38a-d29f9e1ba229,RCV-000000289,1,receipt,78.7079,EA,78.7079,2024-07-21T14:01:00+10:00,,false,,
bf6d4f4c-b749-569a-aa46-750410c38848,c169851f-18a3-51fb-a3fb-9af1d41a47ef,125bbdd1-36ce-5f61-836e-13fa1af040d9,87139e8e-8410-5937-9738-9545157df4dc,RCV-000000290,1,receipt,8280.0000,EA,8280.0000,2026-03-12T14:01:00+10:00,,false,fe884f53-27fd-57af-a290-82e05f748b6e,split_schedule
58e54048-4848-5d98-abdd-87d328c59a72,c169851f-18a3-51fb-a3fb-9af1d41a47ef,125bbdd1-36ce-5f61-836e-13fa1af040d9,9abe715e-af8a-52d9-a1e0-8b79053e3da2,RCV-000000291,1,receipt,54.0000,EA,54.0000,2024-10-15T14:01:00+10:00,,true,12146b36-9286-5aaa-93d3-6b232aff81af,supplier_deterioration
18e9a016-3723-5069-b0f9-283364b94430,c169851f-18a3-51fb-a3fb-9af1d41a47ef,125bbdd1-36ce-5f61-836e-13fa1af040d9,9abe715e-af8a-52d9-a1e0-8b79053e3da2,RCV-000000292,1,receipt,54.0000,EA,54.0000,2024-10-13T14:02:00+10:00,,true,12146b36-9286-5aaa-93d3-6b232aff81af,supplier_deterioration
26ae3d27-bd31-522f-8931-72bcab4e36b7,c169851f-18a3-51fb-a3fb-9af1d41a47ef,125bbdd1-36ce-5f61-836e-13fa1af040d9,9abe715e-af8a-52d9-a1e0-8b79053e3da2,RCV-000000293,1,receipt,54.0000,EA,54.0000,2024-10-10T14:03:00+10:00,,true,12146b36-9286-5aaa-93d3-6b232aff81af,supplier_deterioration
88b0b246-09d1-519f-83e0-6c1c1e3b2e29,c169851f-18a3-51fb-a3fb-9af1d41a47ef,125bbdd1-36ce-5f61-836e-13fa1af040d9,9abe715e-af8a-52d9-a1e0-8b79053e3da2,RCV-000000294,1,receipt,54.0000,EA,54.0000,2024-10-07T14:04:00+10:00,,true,12146b36-9286-5aaa-93d3-6b232aff81af,supplier_deterioration
e294845e-57d7-57ec-b630-96de349f1ec0,c169851f-18a3-51fb-a3fb-9af1d41a47ef,125bbdd1-36ce-5f61-836e-13fa1af040d9,47a81703-8da9-5143-83e0-c9572da39831,RCV-000000295,1,receipt,2928.0000,EA,2928.0000,2026-03-21T14:01:00+10:00,,false,5a0fc860-476b-5cdc-b45a-fe06cca5d9f5,split_schedule
ecbf8d07-43a4-5751-b999-7b36ae62e6cb,c169851f-18a3-51fb-a3fb-9af1d41a47ef,125bbdd1-36ce-5f61-836e-13fa1af040d9,47a81703-8da9-5143-83e0-c9572da39831,RCV-000000296,1,receipt,2928.0000,EA,2928.0000,2026-03-20T14:02:00+10:00,,false,5a0fc860-476b-5cdc-b45a-fe06cca5d9f5,split_schedule
67f05bc3-bee8-50c7-b82a-3561a5b5fc1b,c169851f-18a3-51fb-a3fb-9af1d41a47ef,125bbdd1-36ce-5f61-836e-13fa1af040d9,48814169-0bdf-5a4e-8a10-e56e76eee637,RCV-000000297,1,receipt,108.0000,EA,108.0000,2025-06-22T14:01:00+10:00,,false,,
ec9ef815-1840-571d-8f64-e7afaa04cdc0,c169851f-18a3-51fb-a3fb-9af1d41a47ef,125bbdd1-36ce-5f61-836e-13fa1af040d9,7d22936f-6d41-5078-b725-f9ad33453679,RCV-000000298,1,receipt,756.0000,EA,756.0000,2025-10-11T14:01:00+10:00,,false,e5587fbe-ba3d-58d9-ad54-0818b658e622,split_schedule
f04dad7f-b509-5648-8e3b-84ba51ac9034,c169851f-18a3-51fb-a3fb-9af1d41a47ef,125bbdd1-36ce-5f61-836e-13fa1af040d9,fc70ffa1-40c9-568b-abf6-657f8e70da93,RCV-000000299,1,receipt,21720.0000,EA,21720.0000,2025-05-29T14:01:00+10:00,,true,,
f3c68f51-7e89-5d3a-a698-319432788f15,c169851f-18a3-51fb-a3fb-9af1d41a47ef,125bbdd1-36ce-5f61-836e-13fa1af040d9,45694d7d-1253-56e2-9504-8f5c348e0be7,RCV-000000300,1,receipt,42.0000,EA,42.0000,2026-03-30T14:01:00+10:00,,false,,
7bb8f1c6-f696-5ed0-8b6a-8fc85390838f,c169851f-18a3-51fb-a3fb-9af1d41a47ef,125bbdd1-36ce-5f61-836e-13fa1af040d9,45694d7d-1253-56e2-9504-8f5c348e0be7,RCV-000000301,1,receipt,42.0000,EA,42.0000,2026-04-01T14:02:00+10:00,,false,,
3fe8480b-c77e-5b32-b236-4e4eb7de1ca8,c169851f-18a3-51fb-a3fb-9af1d41a47ef,125bbdd1-36ce-5f61-836e-13fa1af040d9,45694d7d-1253-56e2-9504-8f5c348e0be7,RCV-000000302,1,receipt,42.0000,EA,42.0000,2026-03-25T14:03:00+10:00,,false,,
4b9b4788-6217-5ae8-b754-b31a2acee960,c169851f-18a3-51fb-a3fb-9af1d41a47ef,125bbdd1-36ce-5f61-836e-13fa1af040d9,bc7d8145-21e4-5393-8c6d-cbecb9eaeb9f,RCV-000000303,1,receipt,4992.0000,EA,4992.0000,2025-03-10T14:01:00+10:00,,true,,
76f2368f-471a-5e82-9728-ff7293c054f3,c169851f-18a3-51fb-a3fb-9af1d41a47ef,125bbdd1-36ce-5f61-836e-13fa1af040d9,02b82783-cdd4-596a-b15a-fb98b29a7812,RCV-000000304,1,receipt,13320.0000,EA,13320.0000,2024-12-12T14:01:00+10:00,,false,2328202f-ac19-58fc-9ebf-a9dedc2bbc91;085ad608-b677-5d39-a749-ce4c37631333,missing_supplier_signal;split_schedule
f9b76b84-0259-5d1f-99ff-72a9bca4a510,c169851f-18a3-51fb-a3fb-9af1d41a47ef,125bbdd1-36ce-5f61-836e-13fa1af040d9,ea69a9e1-8a1f-5ed8-bb8d-7b38ab9ddbe3,RCV-000000305,1,receipt,14640.0000,EA,14640.0000,2025-01-04T14:01:00+10:00,,false,,
625da2bc-c285-51e9-886f-1acac973ccb2,c169851f-18a3-51fb-a3fb-9af1d41a47ef,125bbdd1-36ce-5f61-836e-13fa1af040d9,8e267c4d-53d0-5cd1-9562-aaa9a5d390db,RCV-000000306,1,receipt,78.5000,EA,78.5000,2025-07-03T14:01:00+10:00,,true,,
f676ac31-99bf-5b98-9adc-615b5e3f66c4,c169851f-18a3-51fb-a3fb-9af1d41a47ef,125bbdd1-36ce-5f61-836e-13fa1af040d9,8e267c4d-53d0-5cd1-9562-aaa9a5d390db,RCV-000000307,1,receipt,78.5000,EA,78.5000,2025-07-10T14:02:00+10:00,,true,,
b9a85c95-8e4d-5276-8223-e1c43a5ada78,c169851f-18a3-51fb-a3fb-9af1d41a47ef,125bbdd1-36ce-5f61-836e-13fa1af040d9,c30f42dd-18d6-58a3-9ebf-f777aa9e9143,RCV-000000308,1,receipt,18120.0000,EA,18120.0000,2024-09-23T14:01:00+10:00,,true,,
829609ac-4ea2-569a-a9f0-d668f9e94680,c169851f-18a3-51fb-a3fb-9af1d41a47ef,125bbdd1-36ce-5f61-836e-13fa1af040d9,83f86a5b-7c01-5480-9dad-403de265dc11,RCV-000000309,1,receipt,23280.0000,EA,23280.0000,2024-09-02T14:01:00+10:00,,false,,
a93225a3-b19e-5716-a4a8-8c99a8292bdf,c169851f-18a3-51fb-a3fb-9af1d41a47ef,125bbdd1-36ce-5f61-836e-13fa1af040d9,fb856137-f680-538b-951b-be559e5af34b,RCV-000000310,1,receipt,5160.0000,EA,5160.0000,2025-03-16T14:01:00+10:00,,false,,
a37750dd-2c19-535b-9577-d16632f86289,c169851f-18a3-51fb-a3fb-9af1d41a47ef,125bbdd1-36ce-5f61-836e-13fa1af040d9,0aa69a85-defc-5f67-85a7-a0d8b7841d70,RCV-000000311,1,receipt,3960.0000,EA,3960.0000,2024-10-28T14:01:00+10:00,,false,,
8381f0d2-bdde-5ace-b7c9-cc3666b874ed,c169851f-18a3-51fb-a3fb-9af1d41a47ef,125bbdd1-36ce-5f61-836e-13fa1af040d9,2082e536-6068-5fe6-856a-20c451fd59e9,RCV-000000312,1,receipt,249.0000,EA,249.0000,2025-07-28T14:01:00+10:00,,true,4b2496a7-2412-5729-916f-99955d49d06e,split_schedule
42c094fe-cc99-5b15-a77a-83abbde66f3a,c169851f-18a3-51fb-a3fb-9af1d41a47ef,125bbdd1-36ce-5f61-836e-13fa1af040d9,2082e536-6068-5fe6-856a-20c451fd59e9,RCV-000000313,1,receipt,249.0000,EA,249.0000,2025-08-03T14:02:00+10:00,,true,4b2496a7-2412-5729-916f-99955d49d06e,split_schedule
4dadd4c3-71e0-5d81-8d42-3ce50c6ea84b,c169851f-18a3-51fb-a3fb-9af1d41a47ef,125bbdd1-36ce-5f61-836e-13fa1af040d9,2082e536-6068-5fe6-856a-20c451fd59e9,RCV-000000314,1,receipt,249.0000,EA,249.0000,2025-07-22T14:03:00+10:00,,true,4b2496a7-2412-5729-916f-99955d49d06e,split_schedule
b1c1d3e9-a878-5dfc-9ad7-ac2e3085e937,c169851f-18a3-51fb-a3fb-9af1d41a47ef,125bbdd1-36ce-5f61-836e-13fa1af040d9,2082e536-6068-5fe6-856a-20c451fd59e9,RCV-000000315,1,receipt,249.0000,EA,249.0000,2025-07-27T14:04:00+10:00,,true,4b2496a7-2412-5729-916f-99955d49d06e,split_schedule
b711fbef-fa3a-5500-bfe3-68a62e12e434,c169851f-18a3-51fb-a3fb-9af1d41a47ef,125bbdd1-36ce-5f61-836e-13fa1af040d9,2d467a48-3bc0-5fc1-a2de-4dcd026bb5e0,RCV-000000316,1,receipt,35.0000,EA,35.0000,2025-06-27T14:01:00+10:00,,true,,
be11ad47-34a5-5f59-a68b-94d156695ae7,c169851f-18a3-51fb-a3fb-9af1d41a47ef,125bbdd1-36ce-5f61-836e-13fa1af040d9,67ef137e-c39a-5e4f-8c79-6e504a90a059,RCV-000000320,1,receipt,3.9290,EA,3.9290,2026-06-19T14:01:00+10:00,,false,,
c4ecad5e-1c71-568d-9674-3a6d00277200,c169851f-18a3-51fb-a3fb-9af1d41a47ef,125bbdd1-36ce-5f61-836e-13fa1af040d9,c23d9d48-d2e9-5905-875d-f7cbda995da5,RCV-000000322,1,receipt,2.8197,EA,2.8197,2026-06-16T14:01:00+10:00,,false,,
bf03fe73-83c2-5391-8a8f-40c69b27e980,c169851f-18a3-51fb-a3fb-9af1d41a47ef,125bbdd1-36ce-5f61-836e-13fa1af040d9,c23d9d48-d2e9-5905-875d-f7cbda995da5,RCV-000000323,1,receipt,2.8197,EA,2.8197,2026-06-14T14:02:00+10:00,,false,,
cce50117-bf88-51c3-8e3c-fa65f0c80b1c,c169851f-18a3-51fb-a3fb-9af1d41a47ef,125bbdd1-36ce-5f61-836e-13fa1af040d9,a96bc6d9-901a-5312-a24e-4c8f21580b7f,RCV-000000325,1,receipt,462.3420,EA,462.3420,2026-06-20T14:01:00+10:00,,false,,
983acef3-5f3c-5399-8f82-4a06b84e7aa4,c169851f-18a3-51fb-a3fb-9af1d41a47ef,125bbdd1-36ce-5f61-836e-13fa1af040d9,a96bc6d9-901a-5312-a24e-4c8f21580b7f,RCV-000000326,1,receipt,462.3420,EA,462.3420,2026-06-26T14:02:00+10:00,,false,,
4b1c20cb-b961-5626-bc4d-3289484107e9,c169851f-18a3-51fb-a3fb-9af1d41a47ef,125bbdd1-36ce-5f61-836e-13fa1af040d9,34a36bf8-3ea7-5ede-a07b-642d7b72dafc,RCV-000000327,1,receipt,3582.8469,EA,3582.8469,2026-06-28T14:01:00+10:00,,false,561aebc7-b166-511d-915f-2717cf7bf70e,split_schedule
9a01d12b-214a-5ca4-8133-9a4afb5412e9,c169851f-18a3-51fb-a3fb-9af1d41a47ef,125bbdd1-36ce-5f61-836e-13fa1af040d9,34a36bf8-3ea7-5ede-a07b-642d7b72dafc,RCV-000000328,1,receipt,3582.8469,EA,3582.8469,2026-06-23T14:02:00+10:00,,false,561aebc7-b166-511d-915f-2717cf7bf70e,split_schedule
ff2f6ac2-88aa-5b1e-93e3-2ad77e600fcc,c169851f-18a3-51fb-a3fb-9af1d41a47ef,125bbdd1-36ce-5f61-836e-13fa1af040d9,cb0a58cb-6d7d-505e-ab03-fda7308eba39,RCV-000000329,1,receipt,38.6902,EA,38.6902,2026-06-19T14:01:00+10:00,,false,,
2fc05cff-3631-5d5d-ac84-461dbfb7ab17,c169851f-18a3-51fb-a3fb-9af1d41a47ef,125bbdd1-36ce-5f61-836e-13fa1af040d9,cb0a58cb-6d7d-505e-ab03-fda7308eba39,RCV-000000330,1,receipt,38.6902,EA,38.6902,2026-06-25T14:02:00+10:00,,true,,
b995bcd3-a345-53d4-96cd-1e4d13a19625,c169851f-18a3-51fb-a3fb-9af1d41a47ef,125bbdd1-36ce-5f61-836e-13fa1af040d9,020bbbcf-ba14-5571-9371-84f63257bf60,RCV-000000335,1,receipt,1495.9301,EA,1495.9301,2026-06-20T14:01:00+10:00,,false,c058855e-70a8-595b-8335-badf789f3f45,split_schedule
8e6839a1-a073-5793-a597-4603a57f3019,c169851f-18a3-51fb-a3fb-9af1d41a47ef,125bbdd1-36ce-5f61-836e-13fa1af040d9,f562b0e3-e479-5200-845b-f38069e7f712,RCV-000000341,1,receipt,26.2182,EA,26.2182,2026-06-22T14:01:00+10:00,,true,fdb7d83c-3070-599a-b779-115dc38024e7,receipt_reversal
de80275e-6dc9-5074-b81f-cb7029753694,c169851f-18a3-51fb-a3fb-9af1d41a47ef,125bbdd1-36ce-5f61-836e-13fa1af040d9,f562b0e3-e479-5200-845b-f38069e7f712,RCV-000000341-REV,1,reversal,-26.2182,EA,-26.2182,2026-06-24T11:00:00+10:00,8e6839a1-a073-5793-a597-4603a57f3019,false,fdb7d83c-3070-599a-b779-115dc38024e7,receipt_reversal
22814bdb-1a45-56d5-87dd-97151ae518df,c169851f-18a3-51fb-a3fb-9af1d41a47ef,125bbdd1-36ce-5f61-836e-13fa1af040d9,34a94756-0101-53d3-ae7f-b13beb47b1c9,RCV-000000346,1,receipt,53.2055,EA,53.2055,2026-06-22T14:01:00+10:00,,true,a82d58c8-672f-5ee5-b19a-0f235613b33f,receipt_correction
73b4f8c5-7c04-506f-be17-de03c24fbee9,c169851f-18a3-51fb-a3fb-9af1d41a47ef,125bbdd1-36ce-5f61-836e-13fa1af040d9,34a94756-0101-53d3-ae7f-b13beb47b1c9,RCV-000000346-COR,1,correction,1.0641,EA,1.0641,2026-06-23T16:00:00+10:00,22814bdb-1a45-56d5-87dd-97151ae518df,false,a82d58c8-672f-5ee5-b19a-0f235613b33f,receipt_correction
2f0c5af4-b5ec-5d1c-afa4-bdf4a255f301,c169851f-18a3-51fb-a3fb-9af1d41a47ef,125bbdd1-36ce-5f61-836e-13fa1af040d9,2164ee6f-8623-5da5-8c46-291823ffa56e,RCV-000000347,1,receipt,60.3997,EA,60.3997,2026-06-29T14:01:00+10:00,,true,98eeb4d4-7c98-55a5-ab9e-46b08fa2e510,split_schedule
b0c328e3-c264-5a09-b64f-82c7ba374719,c169851f-18a3-51fb-a3fb-9af1d41a47ef,125bbdd1-36ce-5f61-836e-13fa1af040d9,2164ee6f-8623-5da5-8c46-291823ffa56e,RCV-000000348,1,receipt,60.3997,EA,60.3997,2026-06-19T14:02:00+10:00,,false,98eeb4d4-7c98-55a5-ab9e-46b08fa2e510,split_schedule
8c3f4386-f4b0-54f5-9968-5c5a5ab61667,c169851f-18a3-51fb-a3fb-9af1d41a47ef,125bbdd1-36ce-5f61-836e-13fa1af040d9,cdc0784f-19e1-507f-b963-e356d5f52824,RCV-000000350,1,receipt,3.6865,EA,3.6865,2026-06-22T14:01:00+10:00,,true,c839c857-488f-5a8e-a5d9-11dac0af6216,false_positive_source_data_correction
33229bc6-1282-53e3-a83a-69235201828c,c169851f-18a3-51fb-a3fb-9af1d41a47ef,125bbdd1-36ce-5f61-836e-13fa1af040d9,c1c8f959-e8b1-5e8c-a79d-f8566f1057cd,RCV-000000353,1,receipt,810.0000,EA,810.0000,2026-06-22T14:01:00+10:00,,true,1dd364f0-2ac7-5678-9f4e-50304b6a3dda,partial_receipt_remaining_exposure
74053a19-2fa2-5fd2-ab97-ceb57b13e5c0,c169851f-18a3-51fb-a3fb-9af1d41a47ef,125bbdd1-36ce-5f61-836e-13fa1af040d9,c1c8f959-e8b1-5e8c-a79d-f8566f1057cd,RCV-000000354,1,receipt,810.0000,EA,810.0000,2026-06-16T14:02:00+10:00,,false,1dd364f0-2ac7-5678-9f4e-50304b6a3dda,partial_receipt_remaining_exposure
