id,receipt_transaction_id,delivery_schedule_id,allocation_sequence,allocation_bucket,allocated_base_quantity,po_line_id_for_validation
19f78751-5bf4-5b91-983f-1fb00cbd8d62,300fba0c-99e4-5085-8c24-d18f85658332,ebd525b6-9804-5be2-b2ee-d1aa07819847,1,schedule,181.0000,bc1b72de-5c04-5c9e-a521-5dafe99d39ad
6e0bbccd-5fa8-5a30-b905-44bccd036fa1,57bf148c-af3b-5e16-bcec-70eb7c2ffd66,9965cbd7-5b55-5a23-bc53-ff5baae19d7f,1,schedule,5520.0000,3c7415da-2e3d-5d66-8de4-9ae45c8a5ef0
e6255ba9-8e25-5b4e-b2ee-9e8a4168f390,2335e91e-61c5-5779-a594-da9f82209d43,d77a6bca-2f13-5da9-ac56-f14963d3c63d,1,schedule,9120.0000,c1ebeff0-1d0a-5b64-9b59-2f1d15ff8f42
3481d849-b673-5d8e-afd0-1fcec53c0f0b,ee4a2251-6cc9-5188-accb-91e10452bbef,ded9681b-17c2-506e-a867-c140211c5158,1,schedule,32.7500,5f1ef0f1-e915-5eea-80fc-279e37c35736
0d9cfdb0-b541-5e7c-a2ff-1d2e8bca9c7e,5ecbf4c3-3496-5461-8a70-8e048df78fa2,ded9681b-17c2-506e-a867-c140211c5158,1,schedule,32.7500,5f1ef0f1-e915-5eea-80fc-279e37c35736
1e67a408-962c-5740-a2d2-891d79ffd498,aa4f743c-d535-5ec6-be33-1db2c6fe536e,ded9681b-17c2-506e-a867-c140211c5158,1,schedule,32.7500,5f1ef0f1-e915-5eea-80fc-279e37c35736
3efcb4be-e0c6-5067-9fca-d975eca36e0f,e3bf5438-a78c-5b0e-9b62-bf28b4dc85c0,ded9681b-17c2-506e-a867-c140211c5158,1,schedule,32.7500,5f1ef0f1-e915-5eea-80fc-279e37c35736
48efa9cd-b23a-5797-b1b3-80c8954ac5df,5f36e41e-7ad4-5117-b52e-d5487868afc2,7967e169-c3f5-562a-941b-13435f27c445,1,schedule,6.0000,9bb31f47-5933-5c0b-96a9-a7cab9768925
1b8c9d96-3484-501b-857d-b1518c82b964,1ad1e9e2-eff5-5b41-839f-ffeaf21b162f,7967e169-c3f5-562a-941b-13435f27c445,1,schedule,6.0000,9bb31f47-5933-5c0b-96a9-a7cab9768925
f2fbc35a-bdd8-5def-bdba-e4aaf2baea01,aec569dd-051e-5af1-9b55-1bbfbb987ce6,7967e169-c3f5-562a-941b-13435f27c445,1,schedule,6.0000,9bb31f47-5933-5c0b-96a9-a7cab9768925
b7c4df44-436f-5d79-969c-99264e3f143c,8a8fb412-e9cc-553e-bdd0-bf79fbe8449c,7967e169-c3f5-562a-941b-13435f27c445,1,schedule,6.0000,9bb31f47-5933-5c0b-96a9-a7cab9768925
2b28898f-048a-527a-8c77-b55cc5f78c5a,843ae9c1-ff37-5736-930d-54d22cc642b3,0795bf89-f47d-5fa3-9d75-4cb6f37ba46a,1,schedule,2400.0000,169c8472-68ac-5f94-a83e-4407991dbbed
7a129180-e5c4-5426-bc18-8cc9c7ca0789,52cba2df-e6fb-54de-90d9-30bde61ae13e,0795bf89-f47d-5fa3-9d75-4cb6f37ba46a,1,schedule,2400.0000,169c8472-68ac-5f94-a83e-4407991dbbed
ec430aaa-7628-56a3-a57a-7ee63de18527,a1575349-ff61-5b1d-9016-4db60729e7a9,ee588271-e8fa-53d0-99d3-f712f6171e46,1,schedule,117.0000,a6f46d12-2805-52d3-813c-4a7419e40b54
4a87e35d-c3a8-5ea2-871c-464aa844ca61,4af916ac-7aa8-5456-ba38-969d54b2b69d,dddf0697-4cf2-5ef4-9a3f-03aab8307cd2,1,schedule,84.0000,6b9730b6-21eb-505f-a45d-9c57d3c86fc7
3e862375-e59e-5d0e-be06-695874331b17,89adbb90-b897-5f4e-897c-77b6947944c3,10e8b6e0-191f-504a-a2fa-41e60e5d25ae,1,schedule,5616.0000,79420c16-afb5-56df-a2b4-d93e71e71f5d
53fd5885-9153-51db-bb65-48cccd1732a0,3ccdf365-6276-5ae9-bf5c-2c8f34620f5e,b14c44df-0c74-5a05-8bac-5fc6eabaffb8,1,schedule,32320.0000,a0a10f6d-12c8-5674-9741-c3731075b0f2
65d3b2cb-3c7c-5f55-8834-f6b2a0375993,50ddec15-1fc4-52ba-a64c-19acbadc72c0,d6b1d289-7035-55a0-8324-d2c05dd3f2aa,1,schedule,10.7500,3db4fcb7-69b2-5566-942b-e7d4c58dee1e
1766f33b-a101-5afe-814e-c192e990e297,0adfd1b8-291e-5d2f-812b-83efa29798b5,c7e5701e-c04d-52ae-bff6-34e65e9b8499,1,schedule,15240.0000,34441233-560b-5b65-a286-5108f76a33ef
c138f998-1906-5162-876d-18c825064c6d,dc7dc5d8-aea1-56e5-8e30-94d36bd14d1b,bba009ae-261d-5922-8312-ec51d4ed246f,1,schedule,66.0000,25187d66-acb0-5687-9e42-b33e6a037e1c
c5b9b9c2-4299-5da8-a9e2-38bc29fe41fb,776d3a81-5550-5344-b889-f0ee50f4bec4,967b9f71-cefb-5c29-b607-6cf05b44c8e6,1,schedule,27120.0000,08744c8d-0e61-5f54-b4a6-d04b0ab974a6
6a16568b-7762-5837-9bd4-8c1b1e6b1083,cc768796-b944-585e-a0cf-3c80c6ea4c54,218fcf71-8a95-5fc4-920f-7457347dc297,1,schedule,9600.0000,c5ca62a4-2f0f-5b33-806a-6be8fce15bf5
cf644ba9-fca7-5ac1-8873-c1d2fbc80f3d,c82db920-5320-5097-98ec-ea3b4584ef0f,5fec8aa6-8e67-5961-88c2-cbcdb27b0e3d,1,schedule,25920.0000,e05643b4-50bf-5570-ae8b-26fb0498c7ed
be92b901-5c19-5dba-878c-b2417911368e,d1e1a05f-9c30-5a39-a59a-59736cd2d6b3,0d0d5e1e-b128-5439-9e12-070703d3b97e,1,schedule,202.0000,3b61bbac-32ae-53ef-a93b-14c36ce3f69e
e334877b-1f18-57c4-98b1-e1d0aa32ca86,084c550b-4555-5f39-bab0-0151c6d277a7,81f9e8eb-1a83-58ac-8ce4-9149c95e3e15,1,schedule,29520.0000,fbc77c24-ce2c-5380-80fc-2c89e3eabce8
961403d0-c162-5027-b974-1090ea3b2db9,d46c9a5e-9097-50f8-9bdc-7f17136597c4,bad7a2db-4856-5c69-949e-db85e18733d2,1,schedule,149.0000,b0ee4c5a-a8c3-5b7a-b085-850298a7b7e1
f9c917cb-62cc-5463-be9f-3fda932e3fda,b918f50f-fbcc-5f51-a5e4-837053efd22b,,1,line_residual,71.0000,ec607270-f5c5-5f93-82ba-c63e80a5f2b4
451f9595-041f-56b9-bf23-3e9dac78c1ed,586b4a07-e68b-5971-806f-313e436486b1,af1e9b36-63ac-5f99-a8e8-953f937ab3fc,1,schedule,24240.0000,f66a333a-1041-5291-a7dd-abd95a50b8b1
45d5405f-227a-5775-9a9b-cd46d66f4332,42b0f4d1-360a-5506-831a-0b62d35f30ce,5e7f5e5a-f368-5cfe-b304-98753df85b13,1,schedule,24120.0000,b718bd51-ed12-52f8-956f-2efc43f07066
bfb81d83-2fb0-5a2e-9bd6-8c284ee8ca32,9e9d7b39-cea2-5c99-a913-753a2825d373,b1144ddb-d7ca-5dcb-83ce-c15a89d59e09,1,schedule,186.0000,fd8fdabe-4ad7-5d84-b597-bf2fff4848fb
53bbb717-ad1f-5654-b571-d2a5bc5e9501,e9c9ed5c-0eac-510f-b6aa-4cf2857cabef,ebe9b7bb-d748-57db-bfa1-662dfcb63db7,1,schedule,54.0000,d22827f7-a7bf-5bd2-bf0b-a5a1083a39fa
4a49a802-6447-5693-a697-2b080f128aa0,574f9ea0-c8a5-523f-b435-b9cd1279b8b7,,1,line_residual,66.0000,80d83a2c-f968-5bd4-8921-b6de7fbf49c4
4d7c97b9-2ac7-5295-afa5-11c8b1053e1a,038d5052-775a-567d-b50c-dc3b2a1fc2fb,d9c72cd8-4ae5-5b9e-84e4-3e453dd004d2,1,schedule,1560.0000,06cfe717-1ad3-594f-a89d-87ce247576d3
310e61a2-b3f1-595b-9bca-1197ae08af17,d43011d1-1772-5296-b417-39769a965fa5,e87449c5-127d-5626-b07b-3249d82c79d5,1,schedule,1560.0000,06cfe717-1ad3-594f-a89d-87ce247576d3
81bb1561-3866-52b8-801f-65c0f9e91e39,a78742a0-0b82-5c32-8b1a-b16c91935f1b,e87449c5-127d-5626-b07b-3249d82c79d5,1,schedule,1560.0000,06cfe717-1ad3-594f-a89d-87ce247576d3
ab92b2e5-b11f-5d0e-b9f4-c99f8eed2832,63510150-5992-5701-8c71-5ce9e25fc9f5,e87449c5-127d-5626-b07b-3249d82c79d5,1,schedule,1560.0000,06cfe717-1ad3-594f-a89d-87ce247576d3
aff8c484-242c-550f-983b-fc92651d73d6,de649efb-c167-5ebc-89de-878ad0cfcfb4,943bbee0-470a-54b0-9972-4abc54d69f7f,1,schedule,39.0000,47145abc-775b-5315-91bd-88821a91f93f
42aa6093-b017-5958-8522-63ca99ea0ab4,51ed6cb4-60da-53b8-99a7-6aeb3955c946,943bbee0-470a-54b0-9972-4abc54d69f7f,1,schedule,39.0000,47145abc-775b-5315-91bd-88821a91f93f
278ed3df-304c-5d8a-a62b-a6927ccdb0f8,d8cdf78b-2b33-532b-86c8-3bdf36804b4f,78b29eb9-3134-53bd-80ec-bcf358613cc6,1,schedule,420.0000,98b839a9-1729-5594-9052-7c1aeab0e49f
43f9c18e-9981-5a20-843b-6951edcf84ed,d7fd9070-c72c-532f-86b3-a192fda8db47,78b29eb9-3134-53bd-80ec-bcf358613cc6,1,schedule,420.0000,98b839a9-1729-5594-9052-7c1aeab0e49f
e8911dcf-a29b-5645-b1f9-e7760d7cbc56,09eeb683-5e29-54a5-b77f-9a9ec2815e38,48997ec6-bede-546f-bf2a-84be0d3e8352,1,schedule,78.0000,1bf76ce1-1bb3-5c61-ad18-3158ab3ad95f
89176dae-3f19-51e1-9906-971b17faa0ed,74dbd4e2-7851-588e-954a-9b15c4b1ad70,,1,line_residual,12240.0000,195f6276-08bb-5bce-b97e-105457612217
1fc6bfc7-3dd2-50f9-99ca-bc2123bddd39,f0c6e0dd-a1f8-53d6-bc7e-705f5b4d9bb9,68ecb27a-290c-58fb-bc70-395ea8b229d0,1,schedule,35.0000,c462ad18-3ac3-55ba-9e84-884e1028f93a
298a34ca-549b-5433-9543-429697e4aefb,2f1e1703-db8e-5b96-bc45-6e7fcf71bb67,54ad49c6-273e-5ea7-a5e6-b9e83971fc80,1,schedule,18960.0000,0011c8b0-49e0-54b0-b611-a326d9a531f5
0bc2ef41-2228-5a4a-a6d6-65b1ef09980a,9a46dad0-7fde-5de2-9012-bf386627d58b,ed1bcbd8-919e-5201-8394-8e481d92f7f5,1,schedule,29760.0000,d17b1755-7202-55ed-9061-0f3d2c004bb4
b514294f-fb1d-548b-83a8-51f84e3aed7f,6583e3ad-e34a-5f0f-b32f-1433dc0de9c1,39b7f5aa-1af0-5083-bd1a-c04b097cacea,1,schedule,152.0000,fd59b3a2-4e5c-5d79-a6eb-5df370c7cab3
2ca2759d-7692-5a1e-9357-0c9550fe9f24,df60eecc-49a5-5c82-a914-b0b028799ab1,cc61a0e4-838f-5f92-89d5-1283549bfe33,1,schedule,1080.0000,ac5d1971-a942-5f45-8a71-1e4c34dcc0e0
382fd3d0-c371-57d5-8231-698c284b0e65,6174c083-a635-5dbc-972b-99cb7dfaf97f,67eb14fc-8979-5abb-9885-7f3c559cbbb4,1,schedule,364.0000,2f5b3101-e6ae-565e-952d-dd4a1f9d3dd5
6d5112ca-877b-585f-bd7f-d6d843483354,9788fd1b-2fb2-5607-8bd9-5af4de24f2dc,67eb14fc-8979-5abb-9885-7f3c559cbbb4,1,schedule,364.0000,2f5b3101-e6ae-565e-952d-dd4a1f9d3dd5
15d8106e-1637-5e62-bab0-af7d204c6723,4fb77a97-2d26-5a46-90fd-6b3b97180eee,67eb14fc-8979-5abb-9885-7f3c559cbbb4,1,schedule,364.0000,2f5b3101-e6ae-565e-952d-dd4a1f9d3dd5
0ca47d87-b7cc-5693-82eb-533b8002b5a7,a99ad676-840e-5164-ada0-3bb616983b6a,0552cf5a-cc6b-53a6-aad8-9bb80ff55532,1,schedule,2360.0000,be4699fb-24f2-5244-98aa-bca3fe216696
266081a4-e49f-5e29-bb06-a7a90154261f,90932aee-40ad-5ff5-a062-6fd4d968d601,4949be60-a516-595a-9166-85971768232f,1,schedule,2360.0000,be4699fb-24f2-5244-98aa-bca3fe216696
34bc8361-d13e-5d45-ad96-78692107dd61,854ea0e1-a68d-54d6-89ef-c222fd89535c,4949be60-a516-595a-9166-85971768232f,1,schedule,2360.0000,be4699fb-24f2-5244-98aa-bca3fe216696
f71d732b-9d8d-5e38-8bb2-20b4904a1e3b,52044772-a0c5-566a-a7c5-7df1ee830409,6afa3f0d-8cf0-517f-8837-fd575c8c8a31,1,schedule,3870.0000,fb3447b6-0c01-5b9e-8ef2-3bbc0617c190
1d96aa37-9af6-5021-a0dc-a4863d4732fb,06a17940-d041-58df-8414-4fb02153b85c,56ad00d3-d300-59ec-a349-9510ec6c04c5,1,schedule,46560.0000,a00c208a-f092-5a8d-ba9d-bc4b9abf710d
4d099a29-402e-5ed1-a831-2c131ce7ad69,1ccc6f3f-d6d0-5ca2-99a1-c5fcdbb459f4,624b405a-b04d-5474-998c-cc8cc7ef571e,1,schedule,2124.0000,e4580ee9-c958-5e49-8a90-a7245ac1bdc9
9ff210f8-498c-5b33-9110-fccc2be626be,b08fea74-6700-5f0d-94ed-f42490ed1b54,dc95b172-00b1-5268-a487-ba1216f4c54c,1,schedule,486.0000,e8c1edd8-91d7-5faa-b016-b04e73ca09ff
2709ad46-2e89-5d5c-8bf6-90a3d075e584,b3dd4c7a-7c7b-53b8-8c31-92abe4d6e034,b4926eee-5f4f-52eb-959e-097dc3d1b95d,1,schedule,113.0000,ce11f1e1-7d3d-51fc-9a8f-e4e3942c531c
ffd77e9c-dbe9-53a9-a91e-f3aee7038719,8981b27c-2bb7-5f14-82aa-65ce07c743f8,1b820ef1-a009-514f-a7bc-1f0cb015021b,1,schedule,1278.0000,8d48c95d-aa17-551b-9dab-c5013cba4766
e1a4a5ef-f9ef-5171-810d-24a7ed2ed8b8,47d08e07-29d4-5484-90fa-99520ee6a87d,bd3d5a02-5c40-5bc0-b19b-8b244c91434f,1,schedule,10560.0000,48371b30-3edd-53dc-9c05-07084ba3c371
93dd4aca-b69c-5222-bbf9-93f6a4150c6d,048208b0-ac17-516e-be1f-71b95d7a6c45,,1,line_residual,120.0000,1da9178b-18a7-5908-8654-cdfdbdef1e0b
6489d9df-5015-5bb9-92d6-6410c3438cac,62bd5c30-aa18-56f1-8e05-b99a8a27d9a0,95a637b5-5e90-5e74-b385-5b6d61f7eb6f,1,schedule,8820.0000,5d1de95a-e527-55df-8506-5944f16a4d1a
9151a289-56de-5994-baf3-14c47e30fb3f,9ba15c9e-eb1f-5ce4-9ab7-9031d38191d9,95a637b5-5e90-5e74-b385-5b6d61f7eb6f,1,schedule,8820.0000,5d1de95a-e527-55df-8506-5944f16a4d1a
2884aeef-fd79-58e3-b4bc-2cfddb9498ad,e15bbf0f-cb9c-525d-82fb-ad9c58ea28ca,95a637b5-5e90-5e74-b385-5b6d61f7eb6f,1,schedule,8820.0000,5d1de95a-e527-55df-8506-5944f16a4d1a
dbe1ebbb-9731-5daf-a302-16702301c51a,c8ec9a21-c98f-511f-bbc2-71fad06bcd51,95a637b5-5e90-5e74-b385-5b6d61f7eb6f,1,schedule,8820.0000,5d1de95a-e527-55df-8506-5944f16a4d1a
a77ee5be-63db-571b-8220-f2f3836f9e21,15e20588-a9d4-5765-9005-abaeac20a6eb,61c4d639-29ba-5eac-a021-866ec8d6ab23,1,schedule,117.0000,268047c5-7bb6-5a2c-8413-c4bf1828da77
5d866929-e2a4-5240-a6d1-239c9ab4b0cd,8ad9cde6-a4f4-5986-9c4d-7b06383711ca,095f012c-2ece-5623-8a61-e7c49d36343d,1,schedule,49.6667,aa536455-e8a9-50ac-addd-12bc7d8439df
f14cbbd9-b02b-5018-9b34-403752d4a448,ae2dbeb5-314d-5fa2-b6b1-0582d6317da0,399eec76-ce7c-5e43-9e9f-319098317f3d,1,schedule,880.0000,40e2419c-574f-5c46-8acf-f4d6780f7cd3
4e31b3eb-fdf1-5c4e-8aa7-63ada822661a,f6fd817f-c822-5dab-9823-abc2de0fd7c1,399eec76-ce7c-5e43-9e9f-319098317f3d,1,schedule,880.0000,40e2419c-574f-5c46-8acf-f4d6780f7cd3
1b9a930f-e0fe-5ac1-83f7-9372c45ddae0,46ffd0a2-4070-5f9d-8916-b075ff014af1,399eec76-ce7c-5e43-9e9f-319098317f3d,1,schedule,880.0000,40e2419c-574f-5c46-8acf-f4d6780f7cd3
5a8cc74d-9ab9-5472-919f-8fa0373f1c9e,03a09e8e-b323-5fc6-ade4-869cca67370b,3947ce26-205c-5123-982a-3bca9647e1a4,1,schedule,122.0000,672a6653-9c5d-540d-bc1e-d6aa60560389
032d0adf-eb9a-5c03-849f-596c01bdca67,db62757e-067c-598f-bfb7-f0b113d4b92d,28b428b8-3717-5569-9c44-bcb942b57494,1,schedule,163.5000,98c09698-fcb6-5a1d-bb96-2c45722b59cc
66fc3ff0-a28f-5859-b888-00b0cce34dd2,750f67f4-43db-5bb1-b0f4-fd2a1171ce1c,28b428b8-3717-5569-9c44-bcb942b57494,1,schedule,163.5000,98c09698-fcb6-5a1d-bb96-2c45722b59cc
bff62965-0069-5d3b-a5d6-ef995da8ac42,9bde4194-9793-5567-a51f-ea22e7206579,28b428b8-3717-5569-9c44-bcb942b57494,1,schedule,163.5000,98c09698-fcb6-5a1d-bb96-2c45722b59cc
e5e5267c-6164-534f-accc-8db68eaf54a9,2c80d0af-cf1b-53bc-8b88-d2bb7f62bfc3,28b428b8-3717-5569-9c44-bcb942b57494,1,schedule,163.5000,98c09698-fcb6-5a1d-bb96-2c45722b59cc
17d68feb-83bd-590c-806f-2bd2c51b66ea,ec08557c-e5d5-5d01-a85c-2fc14defff46,8d51c418-f44d-55bb-8142-f65eb3ab9c16,1,schedule,1680.0000,17cbb4fb-943b-5ea5-80a5-bb5ae59cca9e
f079757b-c446-5c4d-9985-ff895a8bb77f,2aba5c9d-a9e3-5bd6-975a-c00a06d5e414,83cebdfa-d79d-582b-86c7-f0021b74aa9b,1,schedule,1242.0000,19348610-5606-568b-86e0-9fcac79abd51
b0551366-e552-53af-85c7-1fa1ae7adf3c,bc28ea59-2107-50f3-a288-460823396ee8,2e4df2ac-514a-5472-bf71-fd4003b66f46,1,schedule,46.2500,5c25d575-9588-525c-b788-cb817421c9a7
5332961c-e468-5131-83e6-2052426ca501,45193cb5-9bf3-5a71-8014-0a669507b011,45bb38f6-ffb6-59e8-be0f-8766802aae96,1,schedule,46.2500,5c25d575-9588-525c-b788-cb817421c9a7
7d5ccf8c-f41e-5ac0-b2f8-530268d98c09,16ad0dcc-d1da-5328-87a3-a82cea8cf7fe,8956a54c-36ba-59eb-a6f3-302ad11b2a0a,1,schedule,46.2500,5c25d575-9588-525c-b788-cb817421c9a7
367c9ea6-6dd4-5763-9048-a0c1451d0afa,f487aa41-2a21-5196-b74d-ececd54e7d7a,8956a54c-36ba-59eb-a6f3-302ad11b2a0a,1,schedule,46.2500,5c25d575-9588-525c-b788-cb817421c9a7
9aa6b401-557e-5770-8817-9626f2128790,510844fc-22e9-59fa-8ea0-50abbbaa8f20,ed919c94-a8ee-5275-b7c4-360cb3e5ba98,1,schedule,14520.0000,39c700e7-e8e3-5dfb-931c-5cacc743cbd9
8b90c6c9-3744-5a94-bb03-b54f36b92054,a4778e97-8b97-53fb-804b-37b04d672d83,200d04ef-ec5e-52cb-8bc6-dce4026b88b5,1,schedule,75.0000,aede0822-2f3d-58fa-bcde-67c948375d9a
32f78bd1-94cd-5351-b532-0a3236bd1874,befb9b27-afad-5fcd-be03-25b4d83df350,2fcf01ec-1106-57b2-a698-73fa52591fd5,1,schedule,181.0000,9ce6418b-2170-565b-937f-4a40f24ad836
2234ae70-7f23-5299-bafe-c0f42990cc9f,a0a95fbb-17f5-522a-9eb4-80edc1f10126,2e03baa1-c489-5efc-8447-6758062b0c68,1,schedule,3240.0000,9c527f33-028f-5d47-bae6-724120323b24
10bf2d1b-9dd2-59e5-a2f5-2e00851b70fa,d79ab670-c828-5bdb-939a-77fa0c6e1530,2e03baa1-c489-5efc-8447-6758062b0c68,1,schedule,3240.0000,9c527f33-028f-5d47-bae6-724120323b24
462c5855-9e65-52a0-9def-8ffd2c1f35b4,4b56be3a-6084-59dd-89f0-062dfd0941de,2e03baa1-c489-5efc-8447-6758062b0c68,1,schedule,3240.0000,9c527f33-028f-5d47-bae6-724120323b24
d0a4026b-5618-577b-87f0-e471c98ead9b,ba7d6799-b1f6-51cb-b2c2-2d507e005b37,2e03baa1-c489-5efc-8447-6758062b0c68,1,schedule,3240.0000,9c527f33-028f-5d47-bae6-724120323b24
02452b88-a3a3-57e0-8dce-d1c404afc053,6a560ea0-e6a8-5c70-834d-b607e402587f,,1,line_residual,19200.0000,892f7ae3-ffbb-56a8-8b27-eb482fe89442
d7c2f43d-c783-567e-98af-f86bde8dcecd,069d81f8-f256-5df6-b79e-3b9d15ddd657,8b1ed8d5-2891-559a-987d-ce66f00db064,1,schedule,75360.0000,8e6266e1-0d57-5a73-91cd-49f77a77c869
fcb6c9f3-ef51-540c-aa07-10141aef95d0,ab97e93e-0691-5c16-a345-7bceaa360c6b,5f798341-a83c-5491-9546-1c4a4b76cc0c,1,schedule,194.0000,aa298ba8-ff19-58fb-936b-99006e553db4
7d9e298d-3eae-5e3c-8cc4-d215bd7461ae,a335c16f-6480-55dd-8dc8-b97ae0a01bc8,69d515cb-f42d-5d40-8537-bb808c63feb5,1,schedule,153.0000,bf27940f-7320-5d0f-be59-ce3a9a08920c
23d5654b-dbf1-5b06-beaa-9fc7a3040f23,42802247-6746-5336-b6ce-828cffc549a8,91faa7cd-ed58-5905-9320-89f870ab1b88,1,schedule,137.0000,58e65b23-7b42-562c-9d22-f9a1eef929e9
1023538b-8fcb-5ad8-8f02-781dec578ab1,db4128ae-5aac-5a9a-bf90-a29f1495d94e,d182a406-840f-5093-ab7d-a484b9e6d010,1,schedule,103.5000,79058de5-6ced-5adc-801f-2adc8b6a1aae
fe7b9ed1-9997-5405-a046-2354d7299874,31ca9d5b-593f-5522-a958-f4bc11a3d1d9,c0e1095c-ceb9-52dd-be54-b497b480e907,1,schedule,376.0000,62da9cca-e860-54c6-bc92-f23053841f10
cd0b6ee1-abfd-5d19-84b9-40f8461d454b,b581dc9c-5ddb-5453-a513-a26b833a6e69,c6678152-05e6-5534-8832-7e30d07d362c,1,schedule,6000.0000,835b1afa-e602-50be-8f14-ad2dab6dbd0c
2f4ddbd8-6f76-53fb-81e8-a0c162ed1627,1025d895-a101-562f-af46-53f4f7f53655,f3e99cbe-200f-5b30-a415-ccf86b9da458,1,schedule,40560.0000,1bce04b7-af7d-5240-bb17-283c06d07e2c
55d74771-a8d4-5abb-ae9f-f0e339e8ca20,02e6a3ed-d025-587e-8cfd-f2e089860797,,1,line_residual,1632.0000,edfacbfe-c0e9-5b83-8a88-ea2ddade2505
8ee0f902-b66c-5846-9c65-f06530ce5c41,071b4a18-2c6a-5b31-a27f-040ca016585c,4615f33f-00e7-50e2-ab90-b32e0f9e6697,1,schedule,1632.0000,edfacbfe-c0e9-5b83-8a88-ea2ddade2505
7feee3f3-489c-5c44-a6f6-bc10bb563e6d,2c615684-d747-584b-9b7b-99cf6589bfb3,4615f33f-00e7-50e2-ab90-b32e0f9e6697,1,schedule,1632.0000,edfacbfe-c0e9-5b83-8a88-ea2ddade2505
52ca5a95-aad5-5395-9b5e-5e66479a853d,bc680fbc-86fc-5d65-bd82-3bb81d629639,d713c8c1-ab1c-54ba-86bf-593fe58cb9cb,1,schedule,18600.0000,e26658c5-824d-5ebd-a362-95b01d88784a
0ede17e6-5043-5f8f-8704-519f313fee7f,9279f165-5f48-5769-8fe2-7a7270db92f3,d3b62aa6-dae9-54ac-a468-853a61365eb3,1,schedule,7200.0000,badea73f-2fb7-5106-b94b-ddad16222504
5551889d-6112-5244-8150-4cd7edd7b1fa,98d5a76a-fc1d-551c-852e-54b9cc765a9c,e8c9585f-9fd1-55e5-b70c-657ed9329dab,1,schedule,3576.0000,63e8d0b5-1cdb-594b-a6f2-cf99b8ccc40c
122e679d-c06c-50e9-95b6-c2a89a72103a,db5c5a05-a343-59c6-a4a1-e510ed3912bc,0b7f02b6-6cd8-5b76-911a-d0c438e13f0c,1,schedule,21.0000,a47fefeb-7ed5-5842-a4bc-7f2387f48323
5ca976b7-0db6-55dc-a0b7-34f994ae9a73,37bab9f4-c7e0-5f4d-8a2d-3716301059e9,1084308e-e31c-57aa-82b0-1bf7f8c0474b,1,schedule,2580.0000,ae167c82-e1e3-5f71-a79c-b7bd04602684
d310710e-3310-551d-bd85-1d9b1531cd8c,969fcf5d-9f4a-58af-b673-735029399e80,c1019c75-a7ed-5f28-bf2f-bd0bb7f5689a,1,schedule,1596.0000,bf65fab1-9bb1-5c27-8057-6245bcb4145f
38315e3a-20ff-5384-9085-4cb336fb7352,39056ff2-d7ce-58bb-add7-00e35f0910c5,d928c692-8360-5234-bc3c-522e201fd44d,1,schedule,15120.0000,95d2075c-06f6-5921-b556-b3801af2cc97
36a9132f-51d6-5983-b5fe-c1bd2a17a9a9,346cde96-e0a0-5a8c-9f40-23a3eb7ead6d,726857ec-c5fc-50d6-a332-446b2c38d7de,1,schedule,35760.0000,c2e4bc54-bb14-5994-9714-79dedadc7d5a
77d8e2cf-d787-50b5-9f3b-dd4b9604b77c,47ffbc37-f703-5361-8c18-69f8fa2b7231,cd2e93ef-1b1c-561e-81f1-c3c39ad20101,1,schedule,408.0000,e411fb3a-577f-59d7-9270-d71cfb9f857f
6ce8907f-415a-578e-a7e1-56834b4a0b0e,da350a83-121d-5b0a-9933-9d9a5bbfa2ae,c6269d7b-72b7-5296-b7b8-11ad410a1086,1,schedule,21.0000,b3ad5c07-0879-50eb-8b63-c914819f4557
46662b14-0279-55ca-a283-a8a743685d60,55dcf9c4-7d60-5871-9948-6ae582ad5494,45717182-b534-50fb-be90-f364ce3b41b7,1,schedule,26040.0000,908e4463-b10d-5c8b-bb53-54aea6287028
959effe0-b5bd-5351-a47d-d4361062b1e9,21664f94-1a6e-5b1a-b6f7-5d0c35deeebc,c6e7a5fd-4265-55c2-ab2d-56e431a9b797,1,schedule,114.0000,f16f9758-c3b7-5fdc-a33e-bbf4795057a8
0effa03e-bf1e-54d1-a78b-44198587c5b3,52b88534-d704-5642-853f-a90bd3d2e9eb,ea915e80-2062-57b4-a5d7-04b171725db7,1,schedule,37920.0000,71a874ad-7418-5660-a76c-cb742a43eef2
9159c030-7736-5b80-b9ee-f69ed50febc7,eadbd921-ab09-55d7-8004-85a78cc2b235,c0b3842a-77a1-54c0-93ee-a34c89956334,1,schedule,43.7500,52c00efb-e404-51dd-b010-f330cd8675df
bdbbcec5-d974-5e87-8525-4c6310c897fc,dbc7f9a0-131a-5149-9ce8-ef0e64202f7b,8c075243-74bf-5171-99f2-c7be54a108f9,1,schedule,39840.0000,e067cf82-399c-5a02-a0ab-60a00039a528
34ec7be2-530b-520f-982a-624f7eec7896,2fda4b9b-d97e-52d3-abe8-b936553e4a35,d8846520-eee2-5a7c-a312-f22821e704bc,1,schedule,21360.0000,7093b327-e34d-52b4-8804-c7205737e0d1
c00f3016-c396-5ca3-8fa3-6ec411aac4a4,4626e501-19bc-543e-9853-6673dfd08efb,9075f709-f6f3-58b2-85f5-16edb069f06d,1,schedule,1002.0000,c3977d7b-a25a-5238-a4b2-dd1730c3a4c6
0c7c1544-c4c2-556d-b132-c76373064784,c15f4490-3606-5a12-bf58-349f7b985fdc,f153214a-d297-59db-b611-b17fab3e92b9,1,schedule,58.6667,1986de63-67d9-5898-82f3-586c85389f7d
1a18b446-d16b-57f2-b583-bef1efd52c36,eabd63e4-03bf-544d-b0de-badf1af22260,f153214a-d297-59db-b611-b17fab3e92b9,1,schedule,58.6667,1986de63-67d9-5898-82f3-586c85389f7d
aa2e7982-c68d-57d8-a914-fd23a50f746f,fe87b97a-dd34-51f4-9153-a3dcedb5d887,f153214a-d297-59db-b611-b17fab3e92b9,1,schedule,58.6667,1986de63-67d9-5898-82f3-586c85389f7d
5bbd9d4e-74db-520e-bdba-e95c7592aa3a,6ec14751-b41f-54c0-9ebe-261e064d0237,,1,line_residual,12480.0000,79bd8471-f158-56c5-b380-bf24d630bbc4
c22c9025-fe21-5935-8f86-aaa24166e09f,536d0511-85c1-53bc-81f8-7c971b6ec357,ad5934ee-1f71-579b-8643-671d9fd7464c,1,schedule,6096.0000,e2dc985e-3d7b-5249-8649-eb730712172d
f8e07dea-6693-5910-8650-8d23a9954362,f236cd88-6492-5318-ac3b-d3f3ca79c200,e762f642-9de3-555d-9d27-83e0814eb858,1,schedule,2208.0000,9cc258ce-8584-5d52-bc8c-7e5177de3100
b9209cac-f861-55ce-9249-9a475dbd9a79,f5fa7fca-eb0c-5306-b9a1-14d9924c253d,ee24e784-7ded-5f73-ac3b-4f14474b358d,1,schedule,1410.0000,84c77b48-cd90-57da-93fa-6524adc2ca64
112e7338-c8c4-5593-aef0-8890884f6788,7ce8418f-d4da-55ee-bfe5-d8fc35a7be22,93c8976b-4247-50bb-ae48-bec374db91ba,1,schedule,1760.0000,dcdefc65-3772-584c-b071-3715bcd1f4ab
afccd502-4239-57ed-a52f-7483b6e68f37,03720531-3b81-51d2-8c51-bd0a5735993b,cb8d0ffb-c215-545a-9da3-48f9921de11e,1,schedule,35.0000,929837a9-fc2f-58b0-b586-e9d5549c4bf7
b943ff4d-2c67-5501-b93e-1226d7280e9d,a95714b9-036e-5273-b0ad-04f39d0e9555,5af8a6f0-7423-5b55-8e92-c4306c0d7b95,1,schedule,18480.0000,f3dfe35e-3f70-59b9-811b-0e6a79cc3a9f
1c0ef122-ae77-507e-9bf7-a8d6f1532c82,e83c081e-a1b4-5e21-9cd4-f8b153b473e2,,1,line_residual,13800.0000,02f68fdb-1945-57a8-bbbe-aa77be70e9d4
b8fd22fc-d224-5e47-a3b8-41990a6c2487,e4760574-68b1-5e15-9b1f-2cd1a429773a,5ec08152-f325-5fe4-ade4-6e68157ecd85,1,schedule,576.0000,882b71bc-78a8-5c68-892e-0a1d21e8ab81
e4b05b7f-d416-5036-ae74-d3cdf27d159a,21913dbc-c6f9-5805-b369-e881dda87c78,3ee96326-d7c6-50f5-bcfe-e8d5b5cf2caa,1,schedule,43920.0000,de36a33a-a0d5-5131-bf84-251c788a2d19
614e093e-e416-5883-a100-742d108e1be8,053fdc9c-4973-5d95-82f9-408c0db84bb0,183e35b4-db11-5566-ba37-423edba20ac4,1,schedule,462.0000,96a1841e-9c2b-5a52-b6f2-c80d4fc423d3
17b4b58f-303b-5e14-8022-4be5eeef9fde,0febce4a-5fe9-5fb6-87c4-47744fa08c3d,183e35b4-db11-5566-ba37-423edba20ac4,1,schedule,462.0000,96a1841e-9c2b-5a52-b6f2-c80d4fc423d3
0930e878-3d5d-510f-8cde-c19c57059f8a,312cc696-d47b-56fc-a057-afb0e3583b09,88966fd8-9556-5693-b8b9-140381c106c3,1,schedule,2520.0000,c39c6ce8-69fb-5a2b-8b54-185a94119a47
0bb4f3d0-04c8-572f-89bd-3d8ed450fb5d,ee1d5dbf-5954-5624-a264-42af1afa638b,6e357b15-a2bc-53d3-83bd-d6d85e579e68,1,schedule,5880.0000,ffbfb137-4af0-562a-abfa-3ed8803628f7
9a6af0f8-aab7-51d2-a11f-8c9e0f848ff1,e6d5bfbb-a4e5-5bfe-bb40-33ee3ace799a,6a9bde8d-9737-5e38-b81b-d232302e8b1d,1,schedule,137.0000,462f8a8a-6a22-55c4-8e10-5955c96cfd7c
3dc21fde-3ad2-5114-b355-4f4718db8a8d,d5020d27-9e43-5b11-a692-5f8c691bf94b,c442ba06-f138-53bb-8a60-d2214aaf63ab,1,schedule,184.0000,d2a8808c-fb88-5b33-ad8f-5757905a6f45
6a290dab-661c-55a7-b878-ecb3982c0760,cf76d3eb-15e9-59f3-8b07-6dde4d77ef95,47e02093-9f66-5bff-8ddd-fdf75eb5af07,1,schedule,5040.0000,d823b655-8b96-5352-adfb-b09cfe3ff09e
13c6af1d-5ba2-59da-9b16-6f42592c3d8d,af2f85a5-15e0-55a3-bd40-660d366872ab,8a595dd8-0982-527b-86d1-5c99ffae9922,1,schedule,4.3333,3dbc788e-4fc6-530a-baf4-e8588c4638c9
23d23016-05a7-57ac-aa7c-b83732369261,435602cb-6784-56e0-9101-22fa20bb40eb,fb3643a3-9a4e-5915-ad63-5ba26eb6edb6,1,schedule,792.0000,4cdfb0cf-5c65-5736-96d0-2c3a18205662
29f3a4c2-6358-5398-ab5b-3b01d51ef9ed,d5d2677d-e628-5d3e-aea4-dffadafd71a2,fb3643a3-9a4e-5915-ad63-5ba26eb6edb6,1,schedule,792.0000,4cdfb0cf-5c65-5736-96d0-2c3a18205662
407c633a-1325-5ccb-a6a9-1cc56aabee00,b56231cc-923d-5e20-858d-68c055b6b7ed,fb3643a3-9a4e-5915-ad63-5ba26eb6edb6,1,schedule,792.0000,4cdfb0cf-5c65-5736-96d0-2c3a18205662
c5b701d0-4237-5ec2-8d51-eae7d0d00878,ad1ad462-0ca0-550c-a94a-01e1accf5bf8,d500e2fa-f30e-5959-9328-f1c361ef5cf9,1,schedule,4230.0000,d74a323e-f134-5bee-a79a-ae9ca2302b36
024e5b89-1d4b-592c-9fa9-6d76c30bee18,6baafcb3-5036-5a1f-9943-15f147005e41,ada0972b-0a91-50f4-a5ef-f491f37251d3,1,schedule,4230.0000,d74a323e-f134-5bee-a79a-ae9ca2302b36
c4080b42-759e-5559-b0c0-1d87fa3fb9fd,777b4071-1616-5df9-96de-a48759d153d9,f0414259-ff48-58cd-a90f-f36389a5f0c4,1,schedule,4230.0000,d74a323e-f134-5bee-a79a-ae9ca2302b36
624ee456-a835-5c66-984a-e9d3ff07cb31,5bb5febd-a8a6-55ea-ab55-78231c0815f2,5b651f3d-4bcb-57e9-9669-c6833c9c68eb,1,schedule,4230.0000,d74a323e-f134-5bee-a79a-ae9ca2302b36
f13c1360-2028-51f8-91f9-a3d18cfca530,8fd3be63-5233-50fc-81e7-fd8cff0da313,,1,line_residual,1344.0000,145000c9-83e4-5e12-a308-c7a4efd86f80
756a4db3-c5c4-5ca3-838a-d9c3a17367ec,0bc98a0c-15f7-5a99-a82b-09ead4191fed,40d335e2-8e68-5973-930d-a637bb6b1973,1,schedule,3840.0000,08228a0a-fead-5763-a110-0fbae787a714
d745fbd1-a5a5-5d73-b16d-25faf81ee7b3,0ae39716-4823-52b2-a64e-0c9f532600f0,40d335e2-8e68-5973-930d-a637bb6b1973,1,schedule,3840.0000,08228a0a-fead-5763-a110-0fbae787a714
8e10114d-154b-5204-8dea-07d2f1b888e3,83afad25-a7cf-5034-ad0c-7f136b95b203,fc522464-f20e-56b7-a62e-232a6a61c248,1,schedule,5.0000,4d3536ec-2d13-5092-bee1-0eab950db4f6
04636421-c449-5e3d-8771-7aba53f77f21,420046a4-9994-5405-befd-9a812aeec3db,1b212d5a-c305-5fb9-aa65-3fb61202b938,1,schedule,10560.0000,47162640-a7ea-5360-be33-cf7809016677
e1615f56-c845-53b6-94bf-4179695af11f,09b892e3-8a87-524a-a01b-fa9daa60b63a,1981aac9-bf13-5ad9-aa88-a7d18a369cfe,1,schedule,960.0000,00dc368d-46ce-53ba-aa74-372caa23d77f
9cf9bfbc-5f45-5720-b1ac-48c9c4927c85,59afbf98-f631-5213-8f2d-9d4cd3e66c46,eb883bd0-2c2e-5a45-8fb7-a628dc67a2b7,1,schedule,4.0000,9cbeb2da-d95e-5698-b5ff-df741201e330
9ed7e88d-a26c-5d61-9633-7304a2104924,944432a0-b040-59fa-8bc9-b5510df1616d,5df28824-b69d-524f-a4c6-1de648006cfe,1,schedule,4800.0000,29c53d62-0f2a-569e-bd23-0baaddecb094
2a16f10f-f452-5431-b83d-0a7de59b5d75,444f91cd-7458-500b-a373-0669727ab268,5df28824-b69d-524f-a4c6-1de648006cfe,1,schedule,4800.0000,29c53d62-0f2a-569e-bd23-0baaddecb094
5d275c30-9fd9-5cfe-8106-4f4e64e3b7eb,0afee1f5-208d-5144-88b7-27b3cc4be8b5,,1,line_residual,4800.0000,29c53d62-0f2a-569e-bd23-0baaddecb094
4c9f0501-8c5d-5e7d-83bb-6f91d5e018b3,074d4529-6e02-55a3-8562-eefa3147d28c,5df28824-b69d-524f-a4c6-1de648006cfe,1,schedule,4800.0000,29c53d62-0f2a-569e-bd23-0baaddecb094
369c7bd2-fcf5-584a-ba67-6d5833e1193a,007c87a8-2f0c-5cfb-ab87-95961a1de15c,c65b6d8b-3443-54ea-8cd1-db698d2865a7,1,schedule,1680.0000,11adbf92-554f-5ee5-8493-75b71128aa0c
8ae9c924-f42e-5034-83f1-7070e1ab4f2c,69622cc1-cff2-5a23-bf42-45491f102925,60d9ba19-833b-52db-9e10-c56f6994acda,1,schedule,246.0000,7fc5655b-2706-515d-9a46-4f8381eba9fe
92126715-21a8-56e2-987d-3594abbc0aa1,f310b0bb-48e2-5f59-87cb-189371727a72,b2df30b6-3e4a-565b-921a-d4f7e2a40d96,1,schedule,678.0000,357f6560-db19-527a-b643-4ccfabc42af0
4202ef59-b4ad-5073-8d05-037b5f8203f4,504478d1-3a0e-5c35-b9fe-078fa5fa11cb,b2df30b6-3e4a-565b-921a-d4f7e2a40d96,1,schedule,678.0000,357f6560-db19-527a-b643-4ccfabc42af0
d12ce4d3-4c27-5ddf-a872-37c6f70e2a22,f39d1dc4-a6f5-5694-ab3a-16d01aee06dd,18a58adb-d598-552c-a2b3-131f3aa3ea93,1,schedule,552.0000,eebe4995-2521-5206-ba1d-679ade730706
5eddc543-b9a7-5d2e-8498-281029095ad1,7ca33d4e-4e7c-54c4-8daf-3fdac5964b1d,c62b3a19-444a-51e6-9ed7-188bc9e24f62,1,schedule,76.0000,fab2f861-2ae3-572d-a38a-4be3d0e3f211
9544d433-0752-53d3-8f24-6fa8d54d0c98,d8262a49-6f12-5ff3-b1d2-20a0d4525ef8,3422f13e-2823-5a1d-9a5a-145289675957,1,schedule,4320.0000,9ee3c1c4-e6a3-5924-818a-df08c6b8141f
9f074529-a065-5d28-be87-88fef9fef536,26b3378f-f61d-5b95-aaff-3102fbc5da57,032ed207-5cd4-53e1-92db-f2745c21f088,1,schedule,408.0000,58e8df19-cb37-55fa-9c92-18518d464c45
30c6979b-7a82-532b-be22-2e3da5254ba9,42a5a5bd-0a03-5299-b8cd-bdab2cc18abf,,1,line_residual,4291.2799,d67bdb83-fed3-5184-837e-175991e221c1
921aada1-5ed6-5e84-bc04-b5d2f427ac16,3a146097-604c-5eda-ba87-f17dfa96505c,ae6c8c14-6298-5451-8cd6-0040a5d03f75,1,schedule,5120.0000,8f044fab-5e0d-57fd-8793-ece7459d7993
9802bad0-e7df-5511-9f29-49bab5481864,392b4cb6-82d8-523c-a7a1-73917de7c75e,a95829a9-a450-545d-8a35-17a09cf650bd,1,schedule,5120.0000,8f044fab-5e0d-57fd-8793-ece7459d7993
e770eebe-5ce2-5c33-a0ef-7f603143054d,0d89ea70-9d75-56db-a0e3-6fa0d3b2d276,a95829a9-a450-545d-8a35-17a09cf650bd,1,schedule,5120.0000,8f044fab-5e0d-57fd-8793-ece7459d7993
8b7cdb91-72f3-5585-9de0-03ec65363837,4cd2e836-7174-548a-aa50-05aadf8af4db,3fb3a319-4487-56ae-8d2e-3252d7f49937,1,schedule,37.0000,09554ed4-d33d-5312-8013-c55a8975e05a
114343ec-7cec-5a04-ae4f-7cbc403e28e1,94b702d5-87d8-5418-883d-be03b1cb5013,,1,line_residual,11400.0000,2878b9b1-ca6a-5f7d-9847-6edbb62d0641
bb597c10-e9ee-5b2f-96a6-38abcbbb6c74,ca4d7ba2-fd73-52f1-aa48-cebfbd29388f,0094c40f-0fd0-50db-8acc-d06386ed3b56,1,schedule,11400.0000,2878b9b1-ca6a-5f7d-9847-6edbb62d0641
4c580a38-30f4-57d0-b918-d1d25f661338,39561dab-1d03-5a5c-af1a-757a5d289894,a2376e01-ca47-5262-8f7d-9a71c7b025a6,1,schedule,80.5000,8ae03cd7-a70c-5ed8-9f08-64bceb7fcd26
3c9a78d4-5e8e-5b13-8e0b-b4452698f402,19cbe092-147e-539b-86db-cfc305b9b8ed,a2376e01-ca47-5262-8f7d-9a71c7b025a6,1,schedule,80.5000,8ae03cd7-a70c-5ed8-9f08-64bceb7fcd26
c8a63abf-b507-5bdd-9e7d-bc0de62f3e86,972c1581-37ee-54af-a39c-d90b73a62862,0d9e4545-5b06-53dc-9610-954e71dc07ef,1,schedule,7680.0000,838cb9f2-fc23-5d11-b215-9156d970350c
dd9815e5-2e2d-58e8-9642-e820201ff183,4650a2da-9706-5e28-9950-90c2ed5705e4,dcaf8aa7-e918-506e-a4c5-4f70ae55598d,1,schedule,30.5000,58661070-9c5b-5273-81b2-9ed34aa8fc54
ec71f72b-13a0-5866-9e2d-96fc11359985,e74e3505-c841-5d07-ac27-427603517d66,54d5fe41-6df6-5a4b-be7a-4383add89d66,1,schedule,294.0000,eb448e62-4e87-5b8e-98ab-8b510bbaad41
3e47c633-a1f2-5f65-a038-df92b7b8b052,6787f3ed-6e4e-5291-b6fa-e72c3e7d2105,143c5859-880a-5f09-af82-f3ec78738d5e,1,schedule,25.5000,6a6f7350-a718-5509-8435-a21b8f26bc5a
3b8f0435-a786-56ea-b778-50bab5d9e2fc,b42a02d0-757a-549a-aeef-ba2002d56026,bd4558a8-d3b7-5c44-a3c4-1b97c191adb3,1,schedule,804.0000,ca742467-8c3c-5527-90bd-95b94e38588d
c7ef838b-4541-5287-8345-0aa067ea6d82,886e5471-1c94-591c-8690-06c35f495914,f8a9a51c-1fc5-5c18-8163-05087a865e7a,1,schedule,3312.0000,d57b64a6-cc81-5d3e-930a-2554462e96b4
0e0b24d7-7d3a-5a43-9c84-5be0e2609632,e46ac51b-8a92-56cb-8115-c3473ebd4f2a,08ef62d8-98de-5b39-a8fe-a323fdd5645f,1,schedule,145.0000,0f32f0a8-3025-5828-82d6-1de6c9141a49
a55a7c37-4b1c-5ac0-8450-8a2bfd9dad13,dab6a6e9-93ea-5bbb-8cb4-f73fa8c0038e,,1,line_residual,52.0000,a3a9d84a-fd4c-5dfd-b97a-41b8ee50bf73
6f9901a0-ceba-513a-9a02-805251380ba3,60a48299-8acb-5921-95fe-20860cf89646,196970a5-519a-5f47-8e9d-2abcfddd9dc5,1,schedule,52.0000,a3a9d84a-fd4c-5dfd-b97a-41b8ee50bf73
68f90e82-1dcb-5ddf-ae8d-620c6c247196,0f6ddd34-f6d7-59ca-92b6-bd2dbe96d315,,1,line_residual,52.0000,a3a9d84a-fd4c-5dfd-b97a-41b8ee50bf73
cd835f59-f09b-573d-9751-ba5af0e754f6,48d5a651-a211-591e-929f-365bce9f70d1,64e9f495-9d11-57b6-87c3-b03cd14fff8b,1,schedule,52.0000,a3a9d84a-fd4c-5dfd-b97a-41b8ee50bf73
c02621e5-c4cb-5ce9-bca9-7ec35fa74237,52681b04-b0bc-5d29-88f3-cbdeaaa9075b,1ce58267-3af4-5146-b1f5-660d073b9e3c,1,schedule,1212.0000,88f66cee-46ee-52a0-b982-4b85cd0c3878
3ba85197-373d-5993-b1de-4bb87313ae07,23299b56-0de8-52c3-87da-9cf3fcdf2678,1ce58267-3af4-5146-b1f5-660d073b9e3c,1,schedule,1212.0000,88f66cee-46ee-52a0-b982-4b85cd0c3878
a7801add-d837-5223-86b5-f16d2234e9f2,6e8ad823-669a-527d-a0b5-20fb2a80f5ea,1ce58267-3af4-5146-b1f5-660d073b9e3c,1,schedule,1212.0000,88f66cee-46ee-52a0-b982-4b85cd0c3878
c830866d-4574-5a6e-93d9-af8d7bc195b8,2e7e9f88-208f-5b70-aaa3-fd5c1322642e,1ce58267-3af4-5146-b1f5-660d073b9e3c,1,schedule,1212.0000,88f66cee-46ee-52a0-b982-4b85cd0c3878
e6aa68bf-e38f-53b6-8292-1c63e391f4a3,b4036c43-0d11-599a-bf51-2cfb8b704418,aaecf6ee-722f-544a-b030-21aaf26cb644,1,schedule,3840.0000,715fb631-4d84-5ee6-84ec-78b162d593c1
3798f6df-0470-587d-a600-eed85d0b7542,76ba4f5b-628f-5046-ba1d-09bcf9e80521,21800460-01b8-563c-9737-cbb8434d9b03,1,schedule,13560.0000,9c1ea9dd-f757-5691-b94c-18fbb100b615
c25f1a86-a7bc-5c7c-b908-a479fafd139f,e89a9900-e04d-5a33-aee1-821ef2c47566,,1,line_residual,170.0000,f630b228-21eb-5290-b85f-d8cf940ff6a4
9e8b3754-4a07-5a58-b598-ff55b6c3ea3c,4519fef9-bbab-5e7e-ac2b-60fb96434444,dbba2166-248c-5d0f-a4e3-81e9cda2a488,1,schedule,2340.0000,6ebf00dc-c8e4-584d-9918-4cd6be761326
52c69693-d73d-5dea-953d-30cd8e2e88fc,559d7068-45f5-529d-8c3e-2f1860455558,9d3a0fec-eb6b-55a1-807c-dbc30dc58d68,1,schedule,97.0000,25a61bbb-1397-5b78-b511-6a6ca7b8e7a9
4a25f6c9-d4aa-5db6-8270-7f54a67fbaa3,f1eda88f-4a53-5d88-b677-8f7028d675c9,0c146ff3-1fb5-5eb5-b88c-dfa670fc7b23,1,schedule,2856.0000,ff52bf3d-3085-570c-a005-cda53150a7fe
ad7eb672-bdd2-5322-9ca1-0ce8eef94398,9c7e0226-4539-5bc8-b836-8bf6be89925d,399bccb1-76c0-5cbd-b75b-9fb280ed9570,1,schedule,222.0000,54e45966-1b7b-5c2f-a912-718435feadd5
a1151ff8-3840-58b3-8676-b3c5968a5158,2a29b817-0c61-5fde-a219-4f9bd7ef4ba0,49fa0bec-651a-59d4-a8e9-e4b54769c81a,1,schedule,29.0000,e2191bba-ab41-5cc2-847d-c0204df046e1
137bbadf-2ec3-5c52-9043-84319226eca8,c438226c-c34c-56aa-84bd-c4bf3fadfb11,49fa0bec-651a-59d4-a8e9-e4b54769c81a,1,schedule,29.0000,e2191bba-ab41-5cc2-847d-c0204df046e1
80d457e9-8b9c-591c-b690-d52f5a10ab48,2b180534-c893-5a6a-971e-1ad280146e0b,49fa0bec-651a-59d4-a8e9-e4b54769c81a,1,schedule,29.0000,e2191bba-ab41-5cc2-847d-c0204df046e1
72551d5b-1d15-5dfe-95e8-0727635cf463,dbc137eb-56e0-5e1c-b57f-6d9fd2fb91d7,c16feb4b-7241-5eff-ab7d-5143e8c6e27e,1,schedule,5640.0000,eb44da56-30cc-5681-aba6-4e33f758d1d6
15a327fe-cef1-5a61-bb2e-2383a06071b5,d6563608-1794-515c-96d7-489f23e2e9fc,c16feb4b-7241-5eff-ab7d-5143e8c6e27e,1,schedule,5640.0000,eb44da56-30cc-5681-aba6-4e33f758d1d6
20940162-ba3a-588f-80ec-24335cb0c0a7,23a02a3d-8871-5179-a6bb-3a75735d1fa1,682d1532-dabf-57bb-9b86-9c6c4eab9069,1,schedule,1440.0000,10862e63-daf3-5f53-ab7e-7891b132ec6f
21c77084-e659-5cad-a855-4b03cac6fea7,4d22ab19-3be5-5e6b-9bf5-a5283c23877d,682d1532-dabf-57bb-9b86-9c6c4eab9069,1,schedule,1440.0000,10862e63-daf3-5f53-ab7e-7891b132ec6f
5475c030-ba3f-50e9-8dc1-f116f2d86b86,b17b5b5f-1511-5abb-852c-1420051bbe84,682d1532-dabf-57bb-9b86-9c6c4eab9069,1,schedule,1440.0000,10862e63-daf3-5f53-ab7e-7891b132ec6f
f7ef78ba-2e1b-5ffc-880b-128a66ed84c6,4dce9f76-f4dc-53c6-8f15-0686a24d69d2,682d1532-dabf-57bb-9b86-9c6c4eab9069,1,schedule,1440.0000,10862e63-daf3-5f53-ab7e-7891b132ec6f
7c03fb6c-c605-524c-af8c-4a3c2508a0e8,1e6992e1-83a9-5c48-8216-3be6cbcc008b,56d0d4f2-67fe-52a6-9c35-d1d1379a1ffe,1,schedule,147.0000,0334fb3e-920d-51a6-a6ca-04dab00a654d
f518a513-c172-5436-b37b-3562cc2bc5dd,3055b4fc-98c7-5b46-b61d-f7a4e6587a28,,1,line_residual,210.0000,51607152-a019-5b5d-bb57-55c68b0e5f3e
03fe9c6f-3d7a-53a7-9358-c47f692fb092,8d07e272-da77-5da8-81f7-1161a3c3601a,dcda190b-6e92-5408-a60c-96e214c1cb63,1,schedule,23.7500,bc30ee9f-4785-5348-a18e-470aa0099e48
cf7b82a5-107c-5c14-a5e7-40f18ed2ecad,25cb3695-6706-532d-96f1-9c8021d8c096,,1,line_residual,201.0000,4a91a6a0-8caa-5725-a3a1-128b9336f13e
339085e0-fd32-5a6e-baf1-6010ffc1d988,cf1aaf50-e160-56aa-8719-d44510892254,09c101cc-d94b-56c9-9389-edc5038b7c50,1,schedule,38640.0000,3bb10f4b-339b-5869-9a5e-8a319adb83d7
e60e3de8-07ca-5bd6-998a-8ea78e5b1678,7f85af5c-298e-503d-959b-cb254dd67072,cf48278d-dd05-5dff-bd9d-f98bfe5cc319,1,schedule,38160.0000,29083f59-3526-532f-8b0a-f5c5b1f06f28
c83c632d-a427-5015-8a13-114e0b5b7724,6a74eabb-84a5-55fe-aaa1-dc7a53135378,a8169605-e164-5680-b200-4b132d469321,1,schedule,59.0000,6d613d2d-11e2-55d5-b0f4-a8cf572c4178
f8028ac1-3bdd-5e30-9bb0-6ee0ae3d3153,c2d2ec87-787d-546f-811c-763ad12d84f9,54ca88a7-d9ab-59f9-9820-bc0b30b20b83,1,schedule,118.0000,0437ba15-4eda-5526-aa40-64962c056d6d
bcccbfb5-0735-5113-8b8d-8592bccba30d,69cfe0c5-057a-5f87-94c2-a5cd9e636581,5f6024ec-6c1e-518a-a46a-e133b262f317,1,schedule,960.0000,a38b901d-d0f4-56bb-85ba-7e70f8866156
0e5f0aed-522d-5e40-abd9-8bd0a5cd1238,edfbae05-c414-571b-99a5-f0c28f24409d,2895c7ae-b638-5a11-a22f-35a4b953935f,1,schedule,390.0000,77a335b0-f76a-5a8f-805b-096ac95001c1
92b00494-81a2-5930-8066-121accf82e3a,36e4eaa0-be41-56d6-a1af-84c0f1206398,2895c7ae-b638-5a11-a22f-35a4b953935f,1,schedule,390.0000,77a335b0-f76a-5a8f-805b-096ac95001c1
4f4668a4-687b-543e-8bed-8c019383a289,7a48ff91-3837-5b50-a469-507877dcf24d,2895c7ae-b638-5a11-a22f-35a4b953935f,1,schedule,390.0000,77a335b0-f76a-5a8f-805b-096ac95001c1
4be3a482-4ce0-59b6-a97e-03b97baf8065,42aeb924-ab35-5d05-bf28-056f4418e814,2895c7ae-b638-5a11-a22f-35a4b953935f,1,schedule,390.0000,77a335b0-f76a-5a8f-805b-096ac95001c1
c54268c8-888e-5aa8-a657-fa62b5b2131b,be432028-fe71-5cd6-96c6-91ff695d27c3,4e6dc508-b93b-5cf9-b9f1-f11bf3249122,1,schedule,189.0000,a087a4f7-76b3-57ee-a2c2-eed7c2c4d7a8
46400168-2c1f-5339-91a5-9a59dc65ac69,6483ca23-c669-5f18-bddb-ef65b58c3a5a,,1,line_residual,786.0000,8f3b0bc3-1fda-5ff9-bd01-d0987ffbf056
0e7c424b-9e04-5c62-8188-18690ee40dbc,3e35b747-3023-5f10-9e48-3ae5292e0a45,444c4780-58ed-5708-96b4-c8d89a5972e5,1,schedule,80.0000,86b41b2c-8089-5ef2-afac-2861af67d47b
1b5a1721-8298-5dca-8be3-799c85d11306,49294665-f492-5410-bd43-b628401eaff8,da000f37-17fa-5f55-a681-93d6cdf9a659,1,schedule,16.0000,03623eea-a8cb-5ce8-a432-055ad86d38c3
8f222d80-7844-5c78-9060-5ef4375d2abc,887b1fbe-703d-5eed-afae-0d66f607dba3,02e35bdc-3c15-5e7c-a271-342822644a37,1,schedule,13.0000,d829883d-37a7-57c8-9759-d7118fefd1ac
a8d6d223-5df8-5917-9cdc-079c8a6e8247,07fc415b-389a-55b6-96ef-99bffd0a838d,6a29b3c3-5a71-5f96-8ecc-393695a8ff6c,1,schedule,6432.0000,fd515219-9963-5043-86bb-4125192e6ba4
5e301c56-a271-5920-9c7b-af3ff1f77ec1,26d682d3-1921-5889-ba69-5532cf0c967b,0a43100c-c121-5086-a826-5a83f5f2ea6b,1,schedule,6180.0000,bd9c6d3b-0cc4-5191-9d68-6bb68a5cc8ac
506bc09f-8bb8-5a5f-b463-a218e598bd46,97b3b68c-00e0-55c2-94e6-2d4708608630,a46ae9c1-4202-57a1-a370-e553c65cbc5e,1,schedule,130.0000,ac3f9ca3-6fd8-5ff6-b511-8984d5a49bae
a583b7aa-9a87-51cc-8ba3-8419f61c42b2,18a62ebb-4f46-5697-aaeb-63ac6d28dac6,bf782b2d-7fbc-5047-8724-e28dfa61b671,1,schedule,38.0000,3167b658-ad3e-55c2-864b-9f6dc5cf3dcf
6243e91a-007a-542b-9dfe-c35b27f7da92,c9c3ccf9-28d7-5ce0-8aa9-dbe4da5e59f0,d9d2749e-869b-5494-99a4-43efb2723f77,1,schedule,4140.0000,73a6e20b-fdf7-5c3d-a4fd-f94173898ae3
ca299112-1cc0-5cb6-98a6-67bb83e131d8,8828be9a-65a7-526b-868b-6a6b1b58480e,d11a5765-4a6b-54d4-8296-9a2128787cb7,1,schedule,270.0000,3b48f4fb-2796-5b7c-9f2e-d8d4b972a310
4f966ba5-772e-57ac-b8df-1588daed0214,44e27c36-65a3-5bb3-a1cd-4639e8153e7a,f67d2056-4f49-5a56-bf6b-fde9adee9216,1,schedule,270.0000,3b48f4fb-2796-5b7c-9f2e-d8d4b972a310
fdcdbf66-b400-5a64-a4c6-ebee0a1f1cf5,d484d824-5ce2-5ad3-a445-b6a4eeb5dadc,fe84b1a0-f3e7-57f8-8cbc-d3a0f51c2e04,1,schedule,270.0000,3b48f4fb-2796-5b7c-9f2e-d8d4b972a310
4ebee73c-7498-597b-ac39-cf060dc7912e,6ab8b806-1e17-5942-bc8f-31963abd6a99,c2d37dcf-9e5f-5862-858c-fcd4941f44e0,1,schedule,21120.0000,6ea98f6f-2b50-5e3b-824d-8120b0e4163a
100d7cc1-f2bb-54b3-ad3a-38a9880ab8d1,08aa8add-4367-5b32-b78e-64d8325eaeb8,e6757445-29bd-59f7-8aa8-2360d094106d,1,schedule,11040.0000,6db46820-2f74-5def-b029-9d8e6ebba03c
2329c7da-de92-5103-9613-8650c430daf2,f1fd6ca2-0517-5bf5-a0fe-d31ca96dd69d,39176c5a-d8ec-5861-8aa2-bdf2a5df900a,1,schedule,14760.0000,a52e64b5-c2ad-5f39-9ea8-fad292a6581d
19757f1f-c7e8-5356-8a61-423778dd6ef2,14c56c3e-0b69-54c8-8b27-233831d4f588,beb6874f-90fc-505c-bcc3-d4d666da2bb4,1,schedule,148.0000,1051b290-e3df-5e4b-91b6-4df2456bae4a
cc827475-c95c-5d27-b283-1e1125102951,cf7958e4-1db2-5dcd-bbb1-cb3e3f966fc8,8c1acfdb-3b8c-5ae1-b8c1-412b74eff7e1,1,schedule,1668.0000,7cbfffa6-f459-5e3e-8b69-90ad43abe3eb
996659e5-0f2d-5aea-9d47-3d0438512a8c,227c6f49-8fc7-54e3-964a-3cf154415181,8c1acfdb-3b8c-5ae1-b8c1-412b74eff7e1,1,schedule,1668.0000,7cbfffa6-f459-5e3e-8b69-90ad43abe3eb
3ddcdf66-297d-5934-ab87-e463007eee01,d6d258e3-f4d9-52ec-9d06-5e56af7d86da,a4be7967-1c0d-5963-9c5e-58114bbf985b,1,schedule,114.0000,6328348e-f21e-59e8-907c-dcfcc8ed8c3c
a8868471-1684-53df-959b-f76b7b095b35,53fde6c2-9216-52dd-9908-5b4a097eed68,ee4a9aee-9e59-5f1a-b631-f5410c1c447d,1,schedule,18240.0000,f4534cb9-f16a-5f73-b4ce-66fa4d5c107a
c3ddbd58-3c37-578e-b9ac-f8e0b7dbb957,359d0906-5fe9-5e13-b67a-50fbdb1ee2ac,fb00a1d7-48db-5782-9c18-32e4c5658627,1,schedule,37.0000,8ef43d8d-27bc-5938-8c1b-b1e2ca89d36f
f8f3796b-064e-5a04-936f-2d11c8c735b4,5cf15b8a-2829-50f4-8481-6cf4563b1b4a,0adc50fd-e769-5dbe-b71f-caaf0d342b91,1,schedule,53.3333,38319365-d5c6-5f50-931e-707d4cfd5a62
9781c8e7-0ea3-5ef0-b6d5-c5244f639ad5,00747058-c291-5234-a6cf-763cd43c1e99,83644c3a-6cd4-5b75-99a7-84059b8046ec,1,schedule,21120.0000,d6abc4da-f115-5b65-b1c6-24ec0beb36d9
bd08d3e6-a0e5-5672-ac4b-36dd1af3100f,e019980d-fa84-58a3-a9b0-7e619c8c3cd8,61675c56-f6c4-59b2-b37c-bc80994e2b01,1,schedule,1464.0000,7b1d57d2-9def-5ae8-b1ea-6014af93de99
9b7c3727-48e5-5a96-bbc3-83552ed0e6cd,8da590d9-3353-5288-a14a-9f542ed86deb,68dded42-01b4-5905-a5bd-b707898174c0,1,schedule,2400.0000,aa9bc1aa-faaf-5950-9cea-b651777b1fc2
a4391b86-50a3-5476-a6df-98ede9044f80,335f8c0c-7de5-5d4c-860f-44a6c766a5c8,d9597543-e1d0-56dc-91b1-2db3e31d78cf,1,schedule,166.0000,65f37411-19b1-54e4-88ba-0fd64e01acd8
cd621c98-fcb9-5c69-ad4e-e089271fd7b4,3cbd4928-f591-5822-86f0-6218b78be888,09f929b5-958d-52ab-8861-95afab67b523,1,schedule,66.0000,4903bb3a-76ca-5dc7-9961-ff14c62c986e
35fb2758-53d5-5328-a6d3-9449b2bc2944,e8d096b5-cb9a-5afb-b9c7-997e52bf6ce2,09f929b5-958d-52ab-8861-95afab67b523,1,schedule,66.0000,4903bb3a-76ca-5dc7-9961-ff14c62c986e
6244da3c-8f1e-5265-877d-81841c8e3341,701c3f16-21ab-518b-8c63-dec7251a332e,09f929b5-958d-52ab-8861-95afab67b523,1,schedule,66.0000,4903bb3a-76ca-5dc7-9961-ff14c62c986e
38fd5e76-d8d6-5e6e-9ac1-5ca8ea9cc0ef,cd9d04a0-3707-58b5-aad8-3193a0c7bd19,09f929b5-958d-52ab-8861-95afab67b523,1,schedule,66.0000,4903bb3a-76ca-5dc7-9961-ff14c62c986e
0d850fbd-959c-5815-8cb5-d11ad1073f13,61588c0b-1b90-5bd0-8bfa-8f757005401e,ebe8ad4a-8c16-5cd8-a647-44d9871ab49f,1,schedule,3056.0000,cf639996-6d2e-5123-be62-fb7f7eab431e
1f12b24b-c71e-5bb0-a71b-e8ba0596aab9,4542e062-7e62-53cd-b7df-8836d028e2cd,9c399111-5133-57a8-983c-a9b0b0078ae8,1,schedule,1280.0000,2776f346-c05f-5822-af31-fd30273b4e53
840936f2-b579-5f97-bdd2-c4ee12605a64,30601f9f-b489-5c69-9cb8-995b5b69944b,9c399111-5133-57a8-983c-a9b0b0078ae8,1,schedule,1280.0000,2776f346-c05f-5822-af31-fd30273b4e53
4e57bb1d-2e4e-5dd1-ac30-8249c4fdd136,40dd54f1-1c48-55d8-8e75-af727f9f9568,9c399111-5133-57a8-983c-a9b0b0078ae8,1,schedule,1280.0000,2776f346-c05f-5822-af31-fd30273b4e53
fd405950-0056-54b9-a68c-bc3a16178cc1,3b6f5d9d-f4ce-50e4-a940-94172091398c,917c67c3-3405-5c5b-81bc-8fda2a539c1a,1,schedule,8220.0000,dde59706-7141-558f-944c-4019addff4bb
b66cff30-56ef-5240-91a8-bfa9924b7865,921ed0fc-2a60-5fb2-b050-1a63f292b956,,1,line_residual,47040.0000,2269f77c-358a-5f22-b58e-8258c8d46bc7
785b0518-0222-5c91-9f67-92a151cde573,3075a950-95ab-5565-ac87-79122ffd24dc,e6c4659d-4ef0-5d9b-ac6e-2ca019eccd07,1,schedule,16800.0000,d8113daa-29fc-5dcc-9e23-5f69a82f1f4c
53c4c41a-a8f6-59a1-96a1-6d9ec03dd1ad,885f6ed0-a0b0-5060-9c8a-a5d7af49ea02,156a378b-44d6-5d3d-8cb7-bdcd5fbb1847,1,schedule,504.0000,06198182-6bc2-563a-81a9-041e059cfa54
aabbcbec-6b9f-5191-bb06-a152df903ea0,0c04d690-66bf-5d83-b344-f82a0d7747e9,95c00366-ba83-5a5a-b0ff-15496fd1760d,1,schedule,56.0000,29db1425-b742-5939-a46c-6586f1925402
4a296a0e-8128-5171-a0de-4751f749286a,6ee1b3ae-8120-58ae-a55c-c25930005801,e0c83258-564f-5cf9-8827-54b3d46eb426,1,schedule,24.2500,1bfc6b4c-bc10-5068-a0e3-c7a048fce5d8
fa6a6736-4907-5fea-a758-a0a98e43bc0e,f657f87f-bb3b-5dc4-822d-48876d9225b3,e0c83258-564f-5cf9-8827-54b3d46eb426,1,schedule,24.2500,1bfc6b4c-bc10-5068-a0e3-c7a048fce5d8
a9835938-96b5-5740-a501-99ae170af9ab,2b7e0b80-6ecc-5c31-a2c3-3701fd242fff,e0c83258-564f-5cf9-8827-54b3d46eb426,1,schedule,24.2500,1bfc6b4c-bc10-5068-a0e3-c7a048fce5d8
e214bb7b-eed4-5c03-998a-88a762ba8822,36dfaa8b-954a-5446-a516-0b9396a87ebb,e0c83258-564f-5cf9-8827-54b3d46eb426,1,schedule,24.2500,1bfc6b4c-bc10-5068-a0e3-c7a048fce5d8
adbeb2d6-5ef4-5c2d-97ed-e693c7f2ff22,6a90e28f-0b87-5eaa-b95a-f506d7b0e874,ad0b613b-7dc2-5ab4-855e-492b78e6825a,1,schedule,468.0000,f808a450-df33-58af-b40d-9392767007aa
c7c938d7-5bf9-59e0-8f82-41a101e57eb4,b67fc3b6-3431-5124-8554-d4d0f5eccd75,5fe025c0-4875-5e13-978c-cef6911ead2e,1,schedule,468.0000,f808a450-df33-58af-b40d-9392767007aa
afb67d38-499d-508c-9e7c-81e0ec992432,2161b378-bf17-553f-ad12-d97d6177f61c,eb24bf8d-fa50-5ee6-9508-336b9dfe48d9,1,schedule,15120.0000,1a3f0e75-ab4b-57b6-abd7-9c332f61126f
b93d65a7-2a3f-528a-a20d-7bc05e64ea4f,cbb1dd67-e1e3-5719-8593-bbf860a396be,12d89a4d-c53e-5c55-9e99-67818562a52f,1,schedule,240.0000,b37b2dff-2f3f-5b80-b78e-137c5ae9abb2
8d42c4a5-ddec-56a6-804b-c82895e9988f,189e346e-8680-57fe-9909-bbc877b2a707,0dd9b4cf-665a-5793-8f87-ce230798a419,1,schedule,82.0000,22e08307-9602-5ed6-a421-690a03941285
e7545f34-322c-5797-a62e-e8d0788f73cd,b4c50fad-55c2-54ca-ac30-8781f615289d,af1d4cad-3b21-5286-ac72-aecdc45c23e4,1,schedule,369.0000,cf5d0a12-5eba-5058-986a-d59fd72b433f
0b57e97f-1a30-5956-abcd-c8c24fbc239e,75dcebe2-1d79-5f66-8766-a2b1509b4752,b4bddc2b-e016-5853-9204-b192f7f977e1,1,schedule,169.0000,641dd0bb-5030-5fbc-b75c-2a936dca980e
5f5b1edc-4c41-5e6a-a5dd-99c05adef235,04104e90-d300-5be5-b01b-fd2164cb10a4,f360955a-cf36-5626-89a0-7028cd184d13,1,schedule,7680.0000,2feb2d77-c6be-5724-80f9-adbd94f4d437
6a4af2db-ddca-5a3f-928d-3747a7d9ddc0,47d60b03-11e8-5124-93d5-397da495f61e,a7299003-2e82-5788-8bec-b88648d9d169,1,schedule,47.0000,e54a72d2-87d1-5afa-9048-84f6dc969b79
1bca533f-d077-5753-ad31-616093e83ea0,4b86f18d-dc5e-50d6-a768-4ba1e5657322,370b5ac4-2f0e-5ff3-b625-9c9601889da4,1,schedule,45.5000,a0ce60fa-b026-5af8-9034-d5ba0875a608
ca1b1b5e-d41b-5095-8383-f9a0c3d7369b,56545031-d625-5a64-ac38-b8f6a2f1628c,,1,line_residual,45.5000,a0ce60fa-b026-5af8-9034-d5ba0875a608
a29cba4a-b25f-5df4-8cb6-585b57b594da,c74aa008-f5ab-5b64-b5be-03ff33fd5cb5,e89edcf2-78c5-552b-b57a-b6307f76630e,1,schedule,12240.0000,c3ad142a-bd1d-50c2-9e96-cafda40b8cc7
815a96ea-231c-50e6-97a7-652559e7ae52,f2eed00c-1d29-529b-8f88-08a121f0c813,5f8e3695-9657-54e7-95a1-10f6ca7141f5,1,schedule,50.3333,a504e0e2-c0c5-5168-bdee-c66bfdf4815b
3ebec354-0847-52e5-8971-3d6031a7fa01,a95ad4d8-7d79-56d1-bb24-cc91046f7241,7063717f-ef4b-5bd9-abf6-f5c536a8d5a4,1,schedule,3240.0000,9c79b061-deb5-5819-b110-7c5d6cdb4032
f4497198-0cf2-53b5-8c2e-156052e0505b,449f612a-3aed-5521-bda1-c3dd6c8dbf32,98c549f3-4094-5569-ab22-0dd48a10e0a5,1,schedule,25.5000,7efaa5e7-7691-524a-84d5-3274c68fc054
e707598f-b976-5410-9729-219a8ff75300,19e031c5-9154-5219-8578-7aba58e9e48b,98c549f3-4094-5569-ab22-0dd48a10e0a5,1,schedule,25.5000,7efaa5e7-7691-524a-84d5-3274c68fc054
793184e5-5fee-52b3-b634-7497dbe6b35c,32fe9b65-9bd2-5217-81a6-e8392d457fd0,98c549f3-4094-5569-ab22-0dd48a10e0a5,1,schedule,25.5000,7efaa5e7-7691-524a-84d5-3274c68fc054
aeeef173-3aa1-521d-afa6-eb85e2a1a449,a68f08e4-7012-5984-a607-cd53193be5a3,98c549f3-4094-5569-ab22-0dd48a10e0a5,1,schedule,25.5000,7efaa5e7-7691-524a-84d5-3274c68fc054
8d53ffbb-d807-5320-a4e6-0f92d55e664c,f495c30c-384a-5057-8b6f-19c2cf112f39,43c13dc5-fec3-57c0-8db3-98eade3a6ab0,1,schedule,62.0000,6934a247-3f8d-5b6c-b8de-b955f8a6ffa1
ce57fe5e-411a-5eb0-9921-cb3f43c93785,3a321a88-6c9c-5afe-b812-73daceb47c6e,e46327e3-dd8c-5881-b967-27f77d4224bf,1,schedule,216.0000,72132dfe-323e-5b97-ba0f-fe23e5da7d10
606864bd-2dd8-5555-b741-89b57261af83,34985770-12b6-5908-acf4-badeaae7979c,dbd514ae-c6a2-5154-84cf-a4b62ba413ef,1,schedule,96.0000,90addeaa-403e-5468-8111-bcc997aa1a63
85e305f3-3f8f-58df-96f6-ccdc85173ac2,ed892a59-d72c-5ccc-92fd-dc711bf2d139,f505930d-87ee-5a20-88c0-eb27f7cf30ce,1,schedule,320.0000,a1e53b27-6b29-5395-87b1-32c1014079a3
7eba4c7e-663a-5d87-ad76-62e585c5a02e,0dd82463-6423-5777-931d-c3c5462a90f8,,1,line_residual,320.0000,a1e53b27-6b29-5395-87b1-32c1014079a3
d5d98566-4715-53b8-9549-7db3be867eec,a8412d53-22c9-52a8-9bb3-d579df4f64b0,,1,line_residual,320.0000,a1e53b27-6b29-5395-87b1-32c1014079a3
471f50f7-ec9c-5306-803c-7f28b3be6e1c,b423c4d5-113f-5d18-a3ef-843edfbfeea6,,1,line_residual,216.0000,0d273e17-8944-5975-82f4-80dfd65a1146
6a4cc902-3ef3-556a-b5d7-551a2e488a2f,47eaa7f0-16f7-5bf7-981f-692ac61f374f,1de667af-1e01-5825-b7e4-b716f586be34,1,schedule,1464.0000,236a8488-b9eb-5bf0-8e43-9d81790b67d1
0b38de00-71dc-5ca1-9171-71a752cd7052,906a607c-4043-56d3-90c6-0a91f10c247b,49ab345d-3e9d-5f37-bc6a-6dce5046e194,1,schedule,352.0000,7fc7e07c-cbe4-5b05-ad40-43fe3f5c9b29
e141da5e-540b-507c-ae49-6cf7b3479f95,5bcc628b-ca82-5ca6-ae4b-c1216fb2bf55,49ab345d-3e9d-5f37-bc6a-6dce5046e194,1,schedule,352.0000,7fc7e07c-cbe4-5b05-ad40-43fe3f5c9b29
8ebe0152-1dad-5992-a72a-091e2684c18a,bf6d4f4c-b749-569a-aa46-750410c38848,49ab345d-3e9d-5f37-bc6a-6dce5046e194,1,schedule,352.0000,7fc7e07c-cbe4-5b05-ad40-43fe3f5c9b29
3e42dd33-ac23-596e-a5f1-fabd5c4c72c2,58e54048-4848-5d98-abdd-87d328c59a72,38b3844a-25af-525a-87b9-662b8c28eb3d,1,schedule,13800.0000,c20cab24-c05a-55b5-9b4f-636627430562
bd0cc85d-5542-53a6-a236-87a969b948a2,18e9a016-3723-5069-b0f9-283364b94430,11d7c920-ad2f-55a2-9ef6-03fa2c8157f7,1,schedule,38400.0000,28b1dfd9-a760-577a-921d-bfc4439fe708
f52dacda-7d24-56fb-adff-ea61a5433c2e,26ae3d27-bd31-522f-8931-72bcab4e36b7,,1,line_residual,22800.0000,cfbd845d-d3bc-53af-84f0-48a81d5bb358
1c1bbb55-5117-562c-8066-f9f53b724f96,88b0b246-09d1-519f-83e0-6c1c1e3b2e29,42c3c6eb-1b02-5d95-97e7-1159abdb579b,1,schedule,19800.0000,4439d443-b2e1-5dd8-a38a-d29f9e1ba229
ad0a5845-9a9a-5d7b-93c3-22ba58083267,e294845e-57d7-57ec-b630-96de349f1ec0,76270145-a425-516a-95d1-895fcba6ac9c,1,schedule,2370.0000,87139e8e-8410-5937-9738-9545157df4dc
9603a401-cb24-59b6-b566-bf17d8491d42,ecbf8d07-43a4-5751-b999-7b36ae62e6cb,1d14924b-4369-5f42-b4db-eca78071d60e,1,schedule,35280.0000,9abe715e-af8a-52d9-a1e0-8b79053e3da2
58f88730-0556-54ef-8268-388f47f08e64,67f05bc3-bee8-50c7-b82a-3561a5b5fc1b,6f21e04b-a580-51f4-aaeb-6ab4ca29b12e,1,schedule,3432.0000,47a81703-8da9-5143-83e0-c9572da39831
bf11d974-a761-5821-b8ac-d8963ca230bd,ec9ef815-1840-571d-8f64-e7afaa04cdc0,ddd1754b-8897-51c3-9d00-2bbf15e2d0df,1,schedule,11040.0000,48814169-0bdf-5a4e-8a10-e56e76eee637
081d44d3-a485-56e9-a525-df40b190f5a9,f04dad7f-b509-5648-8e3b-84ba51ac9034,660de52d-9e04-5735-8582-b576703abd37,1,schedule,2148.0000,7d22936f-6d41-5078-b725-f9ad33453679
c26814ac-7509-51cc-ad53-276ae85790d3,f3c68f51-7e89-5d3a-a698-319432788f15,ac392579-1727-5a84-910e-0c94c9adafc3,1,schedule,75360.0000,fc70ffa1-40c9-568b-abf6-657f8e70da93
759ff80a-db7c-5af4-8b79-90209b333b9a,7bb8f1c6-f696-5ed0-8b6a-8fc85390838f,,1,line_residual,62.0000,45694d7d-1253-56e2-9504-8f5c348e0be7
5c917281-b0f8-5da0-9bd9-0e7cc20bc50a,3fe8480b-c77e-5b32-b236-4e4eb7de1ca8,,1,line_residual,2040.0000,bc7d8145-21e4-5393-8c6d-cbecb9eaeb9f
a2ea657d-0771-5947-9d58-e9b6690ca61e,4b9b4788-6217-5ae8-b754-b31a2acee960,,1,line_residual,36000.0000,02b82783-cdd4-596a-b15a-fb98b29a7812
7dcfa5b8-9cd4-57ab-b96b-fac35ebb7fed,76f2368f-471a-5e82-9728-ff7293c054f3,3f9c75ae-6037-51e6-a0a7-d31954d94601,1,schedule,804.0000,ea69a9e1-8a1f-5ed8-bb8d-7b38ab9ddbe3
cc8e3b02-39a5-58f8-a07e-27ef58b01a50,f9b76b84-0259-5d1f-99ff-72a9bca4a510,,1,line_residual,6240.0000,8e267c4d-53d0-5cd1-9562-aaa9a5d390db
aec5e01c-d762-5e97-ba6b-1382e54d7b82,625da2bc-c285-51e9-886f-1acac973ccb2,a5c14427-372b-5a7f-a06c-a97d985ab162,1,schedule,944.0000,c30f42dd-18d6-58a3-9ebf-f777aa9e9143
a2a16e2b-51c3-5a11-aae3-4eda7b8c11ff,f676ac31-99bf-5b98-9adc-615b5e3f66c4,a5c14427-372b-5a7f-a06c-a97d985ab162,1,schedule,944.0000,c30f42dd-18d6-58a3-9ebf-f777aa9e9143
cfa22aa9-cd6b-5359-91f0-b0350356cbd0,b9a85c95-8e4d-5276-8223-e1c43a5ada78,a5c14427-372b-5a7f-a06c-a97d985ab162,1,schedule,944.0000,c30f42dd-18d6-58a3-9ebf-f777aa9e9143
36144dc7-4321-5506-9bc5-db2c5d107600,829609ac-4ea2-569a-a9f0-d668f9e94680,,1,line_residual,19360.0000,4bda4646-48cb-5f85-85cf-4842b63395bd
359f07a5-ad71-59e1-9b67-2ed4fcfbd82a,a93225a3-b19e-5716-a4a8-8c99a8292bdf,63480908-117c-57f8-b4c7-d3a5a558dc31,1,schedule,19360.0000,4bda4646-48cb-5f85-85cf-4842b63395bd
ffd62ae5-381f-5a6c-a216-14c4d235e0fd,a37750dd-2c19-535b-9577-d16632f86289,63480908-117c-57f8-b4c7-d3a5a558dc31,1,schedule,19360.0000,4bda4646-48cb-5f85-85cf-4842b63395bd
522d3d50-baf4-5db4-adfc-64a25e9f0db4,8381f0d2-bdde-5ace-b7c9-cc3666b874ed,,1,line_residual,2400.0000,83f86a5b-7c01-5480-9dad-403de265dc11
95078b9f-603d-5aa2-b082-c316e55fb4b6,42c094fe-cc99-5b15-a77a-83abbde66f3a,80f36faf-115e-5fb7-a9bf-57ec9a4f506a,1,schedule,92.0000,fb856137-f680-538b-951b-be559e5af34b
8903299b-f1bd-5ab6-86bd-96b6b40893af,4dadd4c3-71e0-5d81-8d42-3ce50c6ea84b,d9c864d0-9c54-5a4c-acc9-4174958b5261,1,schedule,6240.0000,0aa69a85-defc-5f67-85a7-a0d8b7841d70
a0765159-c3fa-5ab0-8f87-679693711e4f,b1c1d3e9-a878-5dfc-9ad7-ac2e3085e937,e52fbc6c-3106-5ef1-b0f3-3935c8c802d1,1,schedule,616.0000,2082e536-6068-5fe6-856a-20c451fd59e9
053ef643-fbbd-54c8-a3cc-3625f472f463,b711fbef-fa3a-5500-bfe3-68a62e12e434,2e0dca82-c8ed-5c86-9c0c-209d4bda0824,1,schedule,616.0000,2082e536-6068-5fe6-856a-20c451fd59e9
d1cc4df1-29eb-517a-9b7d-595929563ab4,74f44d70-3995-5837-a06a-4bd7261afc25,26ddef58-db6d-5e97-adc0-4d02e13ac928,1,schedule,516.0000,2d467a48-3bc0-5fc1-a2de-4dcd026bb5e0
298151a8-c1c5-5d7c-b921-bb2b26134822,48296844-f75f-5d99-b0cb-f88d1046e7db,,1,line_residual,13.9205,20ba59f3-1b38-53bc-bbf2-181166b52f9e
98442e16-fb38-5dfd-9f92-0a3d0aee8645,c9a21276-6419-5257-b8f1-a52205be2c0d,142631a6-cdb5-5138-9c40-f2d63df1da05,1,schedule,13.9205,20ba59f3-1b38-53bc-bbf2-181166b52f9e
6a338cde-80e9-512a-ac76-64e8faa71932,be11ad47-34a5-5f59-a68b-94d156695ae7,ec1cc67a-b879-5fd7-a270-25d6aabdc35e,1,schedule,1314.6080,5863a450-141c-52b2-8fc1-2c4f85ee9584
59a7d8e3-6a3f-5ddb-903c-527183442129,0ce83138-4619-5e56-af83-f50fb8c81128,ec1cc67a-b879-5fd7-a270-25d6aabdc35e,1,schedule,1314.6080,5863a450-141c-52b2-8fc1-2c4f85ee9584
90daa950-921b-5a52-95a4-e7ef2158ef59,c4ecad5e-1c71-568d-9674-3a6d00277200,eaf432df-7172-5b8e-9565-5e64a0300b2f,1,schedule,2604.0497,69a65c3d-a7ff-5cf9-88d3-bbdbb227db1f
f3c97cfe-b456-5c49-a998-b8dc9314fd5a,bf03fe73-83c2-5391-8a8f-40c69b27e980,013a0663-5971-55a1-b4ad-81fe9d98de02,1,schedule,299.8417,67ef137e-c39a-5e4f-8c79-6e504a90a059
e23d51b6-d577-5269-b692-4fa76ff789cd,075b9618-080e-5b4c-b157-0942b7410c9a,b1504290-fed7-59fe-b28c-c7b92478e0f9,1,schedule,1522.3902,f693e7f8-8b66-5437-a2ad-0af47c8511ba
bf34d03a-dc5b-5681-a23d-ba1fc1ef2c9d,cce50117-bf88-51c3-8e3c-fa65f0c80b1c,b1504290-fed7-59fe-b28c-c7b92478e0f9,1,schedule,1522.3902,f693e7f8-8b66-5437-a2ad-0af47c8511ba
359fd67b-d56a-5be2-8cdc-d04bc42d3efc,983acef3-5f3c-5399-8f82-4a06b84e7aa4,bbe2143d-1ca9-5f61-b24c-9d7e86df4243,1,schedule,825.1579,c23d9d48-d2e9-5905-875d-f7cbda995da5
4c74a032-0ff4-5d68-a878-6696747f7615,4b1c20cb-b961-5626-bc4d-3289484107e9,,1,line_residual,32.4296,5db09946-3506-5ce9-a2a3-6a726b8c4b94
0fa059f3-4ba1-5c99-ad5f-6418c4ccb39c,9a01d12b-214a-5ca4-8133-9a4afb5412e9,25ddca43-24d3-5c2d-8a07-204434f77bef,1,schedule,32.4296,5db09946-3506-5ce9-a2a3-6a726b8c4b94
1d61e6cf-d983-5935-827a-8ac9ba7decec,ff2f6ac2-88aa-5b1e-93e3-2ad77e600fcc,8e86645d-f260-5124-9e2b-a7d62df0be63,1,schedule,406.9742,a96bc6d9-901a-5312-a24e-4c8f21580b7f
3761d47b-5b64-57f0-a356-073123aa793c,2fc05cff-3631-5d5d-ac84-461dbfb7ab17,,1,line_residual,406.9742,a96bc6d9-901a-5312-a24e-4c8f21580b7f
2edff7bc-a98e-5fc3-9f11-05b761864f34,e7233e78-5f9d-5e9b-b1c5-32a0d3fbc081,42aa93a1-f89f-5374-ad35-9c6ff7e49f46,1,schedule,161.0075,34a36bf8-3ea7-5ede-a07b-642d7b72dafc
48ba4de9-915f-565c-bb70-d986442010d7,1abf988e-9fbb-51d9-8c90-b174bc1bd71d,fda630da-a22d-59e9-9899-2cad1460e0e6,1,schedule,20.4037,cb0a58cb-6d7d-505e-ab03-fda7308eba39
1af9085b-7e3e-5ce4-b0ba-d70c792142cd,81aaa6a2-d55c-5af5-895d-f3fe6fec68b9,fda630da-a22d-59e9-9899-2cad1460e0e6,1,schedule,20.4037,cb0a58cb-6d7d-505e-ab03-fda7308eba39
3ddc2545-50a6-52c7-baab-be7f9010879d,ec0ce9f6-b355-5314-956c-54bffe5bb0f3,db9ba43c-ee8e-580e-bee6-a64a4b110dbc,1,schedule,77.0000,84f967e7-b08d-56de-be1d-10dfdf0dc623
a96bcc5c-c5e9-5657-a874-00aafec5f46a,b995bcd3-a345-53d4-96cd-1e4d13a19625,a0cebf15-3773-5b0f-8a97-9e9b19b524b1,1,schedule,7885.5857,1274e6f3-b6af-59f2-8b15-ec5273ce784b
ac5a3ae6-f285-5997-9b35-294b77d7fa78,f3da2a7d-e272-5163-a425-bf73e12975d1,a0cebf15-3773-5b0f-8a97-9e9b19b524b1,1,schedule,7885.5857,1274e6f3-b6af-59f2-8b15-ec5273ce784b
b277a333-162a-5e7a-b665-66050395c57a,a60e10a4-8ff3-5672-a0f1-f2912a1ec4b8,,1,line_residual,2.9177,4f870043-6859-5bae-a261-596bfefeae64
2dd6cd9b-7b69-5fb3-9ebb-edc9173b089d,8947dd77-91ea-5ee7-92b4-ddc0317cdaf8,0b79036d-f72d-521f-874d-2d723abbcc9c,1,schedule,1048.0000,020bbbcf-ba14-5571-9371-84f63257bf60
cce048cd-a634-5a3a-8f06-c8d4d9b6b8a2,12fe83d1-fbed-5c33-973e-a196bd2c2405,ab31de6b-db9c-5805-ae5f-ea3b01441507,1,schedule,6.2500,5096eb4b-57a6-5e02-9cb5-80fcce3dc454
9be3ddc5-7240-5539-bd24-e1571c4f24d5,51ce2f90-7136-5096-99e4-c7d88853b0ec,73959a2e-8517-5580-be76-b6c96566fe55,1,schedule,74.0880,28e402f4-13cf-5b10-9fc1-61be6b12e430
b6f2f5b2-cb1e-5d67-b2e5-7be9c5257441,8e6839a1-a073-5793-a597-4603a57f3019,7ee2a2ed-7d26-58e5-9649-cc39115b92fb,1,schedule,74.0880,28e402f4-13cf-5b10-9fc1-61be6b12e430
550e7ed6-01a7-5903-8087-dba99172a7d5,81c98d42-343e-5f99-8a62-addd2f3fad00,49f6e641-98d0-57f1-bd76-1da6ec930033,1,schedule,17.2041,97b7ba0f-447c-5992-85e9-a76792aac805
97409b0b-6c87-5058-a7ac-123f671f01dc,f793e962-234d-5d1f-9f0a-27058a2aceae,49f6e641-98d0-57f1-bd76-1da6ec930033,1,schedule,17.2041,97b7ba0f-447c-5992-85e9-a76792aac805
7c0b1a0e-baf1-51b8-98d1-9ea5199c2d1a,2ef97fc0-2279-55b6-9782-d85ec36d646f,abd4f220-228c-5a51-b8b6-cf97cfaff9e6,1,schedule,77.7410,57091412-8265-5e6e-a668-f35f422b049f
012019ee-f70e-59b9-9c64-50cf75a1a94f,02bac127-c717-523f-9320-82ddfb9bc6a5,a3ba4afe-9f1d-5b3a-b2eb-24012f1cc3bc,1,schedule,146.3030,f562b0e3-e479-5200-845b-f38069e7f712
68ba3ca5-95e2-5928-a8e7-9f8d7668af4d,22814bdb-1a45-56d5-87dd-97151ae518df,a3ba4afe-9f1d-5b3a-b2eb-24012f1cc3bc,1,schedule,146.3030,f562b0e3-e479-5200-845b-f38069e7f712
d4c0909e-5de8-50fe-80e9-1ac6ae748a56,2f0c5af4-b5ec-5d1c-afa4-bdf4a255f301,cb51efe4-e2f0-56b3-8789-28db041e4684,1,schedule,2973.3083,6245ccde-23ea-5459-93da-2823b8af6b90
00d89045-7e81-51a2-8a05-980e31196ba2,b0c328e3-c264-5a09-b64f-82c7ba374719,9fc5e458-f153-54a0-883c-cc4a3184f57d,1,schedule,1619.3469,48ed627a-0055-5133-b9bc-111f2f7c28f3
170df2f8-5ef6-577a-bc60-9278310a8adb,2e5750fe-7c7c-5fc2-a95f-3df0322b28a1,f2280e9b-5ab9-5f44-8a34-cb8719c1033a,1,schedule,87.2078,dd4499bf-56bf-5b8d-88bf-c7cc009b76b7
4060973a-3532-5c27-86c8-758b8145f959,8c3f4386-f4b0-54f5-9968-5c5a5ab61667,317f5114-6d09-5395-9a4d-51317ed4f303,1,schedule,1093.0116,34a94756-0101-53d3-ae7f-b13beb47b1c9
38ed9155-e28c-53f9-9a14-a2fa89e413cc,cc372053-964e-5c1a-b36c-04a6bad6d8a5,317f5114-6d09-5395-9a4d-51317ed4f303,1,schedule,1093.0116,34a94756-0101-53d3-ae7f-b13beb47b1c9
3dc21750-b181-544e-8a9e-d1d6f3e9db42,85da5023-a0f1-5057-81c4-3680b8ea211a,2afc763a-bd78-517b-b2ad-0f94ee6ee783,1,schedule,25.8463,2164ee6f-8623-5da5-8c46-291823ffa56e
3ef4b5d4-f569-5e5a-bb37-0bdb7f036f63,33229bc6-1282-53e3-a83a-69235201828c,5f2dd7ab-acb3-52a8-a523-42a5c0b8f110,1,schedule,25.8463,2164ee6f-8623-5da5-8c46-291823ffa56e
853a4f7c-1402-54cb-bcab-df2a8c95fbef,74053a19-2fa2-5fd2-ab97-ceb57b13e5c0,,1,line_residual,825.5060,e352c6c8-f604-5992-8022-9093ab1ff4df
d11d63f2-5946-5931-ae2f-6c617d3874b9,ca468b1b-014e-56a3-9f16-86c331180b07,2b5eaa1a-f1aa-5329-8539-3292c79f5749,1,schedule,261.4666,cdc0784f-19e1-507f-b963-e356d5f52824
9660736b-549e-54c6-bccc-97c5faf816fe,9b9180f7-6a6b-5191-9bb4-afbbf98ecb0a,2b5eaa1a-f1aa-5329-8539-3292c79f5749,1,schedule,261.4666,cdc0784f-19e1-507f-b963-e356d5f52824
1be5fcc1-6272-5034-a99c-e16bb7e177f3,289d000b-9edd-52c9-b568-a517255affa0,f899d145-2477-511a-87a1-97cefabedf7d,1,schedule,82.0555,2c383d3a-d0b1-5dee-910d-a3b56916e241
008f17ea-83c8-5ca4-8de3-3d3802ad5677,10aa3b6b-c03b-566c-824f-ea7fca82da59,,1,line_residual,259.2000,c1c8f959-e8b1-5e8c-a79d-f8566f1057cd
a6c84118-7a8f-596c-b093-eb71d8ca0884,b51b0f3b-4faa-5d08-9b81-b1ab500d1218,4b699d22-8e12-5938-951c-98a5e3e28ac5,1,schedule,259.2000,c1c8f959-e8b1-5e8c-a79d-f8566f1057cd
cab2c9cf-7173-5149-96fc-0025002a1749,0207ecfc-488a-5e8c-a5cb-0e797f1ac52d,9e2f3cd1-e705-55aa-a50d-17d4a73d0a65,1,schedule,19.8918,fba26f22-480f-545e-839a-f909ba148543
ca163b19-7c25-57d6-a9d1-8928fb4347fb,b8a6bab9-eb93-5f2e-a5b0-07c6447380bb,9e2f3cd1-e705-55aa-a50d-17d4a73d0a65,1,schedule,19.8918,fba26f22-480f-545e-839a-f909ba148543
f86c0b35-66e1-5990-a1ef-36c27500cfe1,4f2f7595-24af-530c-95ce-5293f19ccbe3,ec110d70-f59a-5e9b-add4-0b0a19b7ad57,1,schedule,4.1091,6ab7ad2f-5c4d-569c-8389-8a4e4242e8a5
e4ff9e61-122a-592f-9677-dd696f6c5c87,721f9db0-2a69-5d3f-af70-1f0251bfac64,,1,line_residual,4.1091,6ab7ad2f-5c4d-569c-8389-8a4e4242e8a5
