id,source_load_id,po_line_id,delivery_schedule_id,source_commitment_ref,committed_quantity,committed_date,channel,observed_at,supersedes_commitment_id,scenario_ids
9891efe4-222c-51ca-905a-b74bc2e3f025,125bbdd1-36ce-5f61-836e-13fa1af040d9,bc1b72de-5c04-5c9e-a521-5dafe99d39ad,ebd525b6-9804-5be2-b2ee-d1aa07819847,COM-POL-00000001,181.0000,2025-11-27,email_extract,2025-11-16T10:00:00+10:00,,
d2e275d3-e69f-5554-8d84-352c9d719a6d,125bbdd1-36ce-5f61-836e-13fa1af040d9,c1ebeff0-1d0a-5b64-9b59-2f1d15ff8f42,d77a6bca-2f13-5da9-ac56-f14963d3c63d,COM-POL-00000003,9120.0000,2025-04-20,email_extract,2025-03-28T10:00:00+10:00,,demand_shock
d0bda1b4-312a-5c9c-9ce7-d7d706a5b738,125bbdd1-36ce-5f61-836e-13fa1af040d9,5f1ef0f1-e915-5eea-80fc-279e37c35736,ded9681b-17c2-506e-a867-c140211c5158,COM-POL-00000004,131.0000,2025-02-05,portal,2025-01-25T10:00:00+10:00,,
e12da453-be9a-57bc-b506-701502542521,125bbdd1-36ce-5f61-836e-13fa1af040d9,9bb31f47-5933-5c0b-96a9-a7cab9768925,,COM-POL-00000005,24.0000,2025-07-19,portal,2025-07-10T10:00:00+10:00,,
bc571eee-966d-573f-ab5e-9a11905170ca,125bbdd1-36ce-5f61-836e-13fa1af040d9,169c8472-68ac-5f94-a83e-4407991dbbed,0795bf89-f47d-5fa3-9d75-4cb6f37ba46a,COM-POL-00000006,4800.0000,2024-10-05,email_extract,2024-09-18T10:00:00+10:00,,
e4e5d551-4977-5501-99fd-cad76d940861,125bbdd1-36ce-5f61-836e-13fa1af040d9,a6f46d12-2805-52d3-813c-4a7419e40b54,,COM-POL-00000007,117.0000,2024-11-07,email_extract,2024-10-27T10:00:00+10:00,,
d21ec349-7106-504c-bb2f-32a293df6e45,125bbdd1-36ce-5f61-836e-13fa1af040d9,a0a10f6d-12c8-5674-9741-c3731075b0f2,b14c44df-0c74-5a05-8bac-5fc6eabaffb8,COM-POL-00000010,96960.0000,2025-05-29,portal,2025-05-23T10:00:00+10:00,,split_schedule
0bc064b7-0e17-5cdd-a6bb-2a79eb82ec82,125bbdd1-36ce-5f61-836e-13fa1af040d9,34441233-560b-5b65-a286-5108f76a33ef,c7e5701e-c04d-52ae-bff6-34e65e9b8499,COM-POL-00000012,15240.0000,2025-10-05,portal,2025-09-11T10:00:00+10:00,,
baa4e02d-c487-515d-b9ab-bbe6adae4ec9,125bbdd1-36ce-5f61-836e-13fa1af040d9,25187d66-acb0-5687-9e42-b33e6a037e1c,bba009ae-261d-5922-8312-ec51d4ed246f,COM-POL-00000013,66.0000,2025-04-30,portal,2025-04-29T10:00:00+10:00,,
3cc41b5d-25b2-5da3-88fc-5495a57409ec,125bbdd1-36ce-5f61-836e-13fa1af040d9,08744c8d-0e61-5f54-b4a6-d04b0ab974a6,967b9f71-cefb-5c29-b607-6cf05b44c8e6,COM-POL-00000014,27120.0000,2025-06-29,portal,2025-06-09T10:00:00+10:00,,demand_shock
38d18d44-7a34-51f0-a7ba-c67c07158a0c,125bbdd1-36ce-5f61-836e-13fa1af040d9,c5ca62a4-2f0f-5b33-806a-6be8fce15bf5,218fcf71-8a95-5fc4-920f-7457347dc297,COM-POL-00000015,9600.0000,2025-07-30,portal,2025-07-06T10:00:00+10:00,,
f15ba86d-838e-555e-a213-81f6917f8a7b,125bbdd1-36ce-5f61-836e-13fa1af040d9,e05643b4-50bf-5570-ae8b-26fb0498c7ed,5fec8aa6-8e67-5961-88c2-cbcdb27b0e3d,COM-POL-00000016,25920.0000,2024-11-25,portal,2024-11-21T10:00:00+10:00,,missing_inventory_signal
e40a7b18-7a05-565f-83de-2d9fd15a0f91,125bbdd1-36ce-5f61-836e-13fa1af040d9,3b61bbac-32ae-53ef-a93b-14c36ce3f69e,0d0d5e1e-b128-5439-9e12-070703d3b97e,COM-POL-00000017,202.0000,2025-04-27,portal,2025-04-13T10:00:00+10:00,,missing_inventory_signal
f0a6113c-31a2-5514-9d63-0fe86712b27c,125bbdd1-36ce-5f61-836e-13fa1af040d9,fbc77c24-ce2c-5380-80fc-2c89e3eabce8,81f9e8eb-1a83-58ac-8ce4-9149c95e3e15,COM-POL-00000018,29520.0000,2025-07-13,portal,2025-07-15T10:00:00+10:00,,
6383b13e-2520-59f7-9876-4cf292071d51,125bbdd1-36ce-5f61-836e-13fa1af040d9,b0ee4c5a-a8c3-5b7a-b085-850298a7b7e1,,COM-POL-00000019,149.0000,2024-10-02,email_extract,2024-09-26T10:00:00+10:00,,
ca3a8cbc-c1b4-589e-b7c5-12534cf9675c,125bbdd1-36ce-5f61-836e-13fa1af040d9,ec607270-f5c5-5f93-82ba-c63e80a5f2b4,93bd76c5-2408-50d6-88a7-344f17e76ed8,COM-POL-00000020,71.0000,2025-05-29,portal,2025-05-23T10:00:00+10:00,,
52421f15-ba0b-5d45-aa99-8f4dbf796759,125bbdd1-36ce-5f61-836e-13fa1af040d9,f66a333a-1041-5291-a7dd-abd95a50b8b1,af1e9b36-63ac-5f99-a8e8-953f937ab3fc,COM-POL-00000021,24240.0000,2025-02-01,portal,2025-01-17T10:00:00+10:00,,
68cfeb80-660d-537e-969d-60df5c056018,125bbdd1-36ce-5f61-836e-13fa1af040d9,b718bd51-ed12-52f8-956f-2efc43f07066,5e7f5e5a-f368-5cfe-b304-98753df85b13,COM-POL-00000022,24120.0000,2025-09-07,portal,2025-09-04T10:00:00+10:00,,
83145373-d628-5912-b414-b40d42252ce3,125bbdd1-36ce-5f61-836e-13fa1af040d9,fd8fdabe-4ad7-5d84-b597-bf2fff4848fb,b1144ddb-d7ca-5dcb-83ce-c15a89d59e09,COM-POL-00000023,186.0000,2026-01-22,portal,2026-01-04T10:00:00+10:00,,
248ff231-3ffe-5288-a503-15629fe8a19b,125bbdd1-36ce-5f61-836e-13fa1af040d9,d22827f7-a7bf-5bd2-bf0b-a5a1083a39fa,ebe9b7bb-d748-57db-bfa1-662dfcb63db7,COM-POL-00000024,54.0000,2025-03-12,portal,2025-03-04T10:00:00+10:00,,supplier_deterioration
9d070e6a-51b5-5dfa-b581-05c08e72608b,125bbdd1-36ce-5f61-836e-13fa1af040d9,80d83a2c-f968-5bd4-8921-b6de7fbf49c4,4ac22c1c-7116-5ae6-bab1-9fd410198105,COM-POL-00000025,66.0000,2024-11-23,email_extract,2024-11-03T10:00:00+10:00,,demand_shock;split_schedule
ad663f8f-9692-53c9-8815-d5d6fe8c7147,125bbdd1-36ce-5f61-836e-13fa1af040d9,06cfe717-1ad3-594f-a89d-87ce247576d3,d9c72cd8-4ae5-5b9e-84e4-3e453dd004d2,COM-POL-00000026,6240.0000,2026-03-28,email_extract,2026-03-27T10:00:00+10:00,,split_schedule
45d50952-cc49-526a-8152-60ab14c1d3f8,125bbdd1-36ce-5f61-836e-13fa1af040d9,47145abc-775b-5315-91bd-88821a91f93f,943bbee0-470a-54b0-9972-4abc54d69f7f,COM-POL-00000027,78.0000,2026-04-08,email_extract,2026-03-11T10:00:00+10:00,,
92449391-57ff-5a45-922c-cd209838cdca,125bbdd1-36ce-5f61-836e-13fa1af040d9,98b839a9-1729-5594-9052-7c1aeab0e49f,78b29eb9-3134-53bd-80ec-bcf358613cc6,COM-POL-00000028,840.0000,2025-04-08,portal,2025-03-30T10:00:00+10:00,,
9f9ee7cb-c11b-5d9e-8b82-7638fedf6834,125bbdd1-36ce-5f61-836e-13fa1af040d9,1bf76ce1-1bb3-5c61-ad18-3158ab3ad95f,,COM-POL-00000029,78.0000,2026-04-13,portal,2026-03-25T10:00:00+10:00,,
72068183-96ef-5ef4-a012-b26e2c307c53,125bbdd1-36ce-5f61-836e-13fa1af040d9,195f6276-08bb-5bce-b97e-105457612217,a81b5313-a2f4-53ff-a786-24042adee553,COM-POL-00000030,12240.0000,2025-08-26,portal,2025-07-31T10:00:00+10:00,,missing_inventory_signal
9d721b75-a156-58c4-b867-f5e18ec03f37,125bbdd1-36ce-5f61-836e-13fa1af040d9,c462ad18-3ac3-55ba-9e84-884e1028f93a,68ecb27a-290c-58fb-bc70-395ea8b229d0,COM-POL-00000031,35.0000,2025-08-24,portal,2025-08-17T10:00:00+10:00,,
6289939f-0a87-52af-a854-b279d55edc49,125bbdd1-36ce-5f61-836e-13fa1af040d9,0011c8b0-49e0-54b0-b611-a326d9a531f5,,COM-POL-00000032,18960.0000,2024-10-24,portal,2024-10-05T10:00:00+10:00,,demand_shock
d6661928-3dbf-52fc-b9f1-de81a6a472d5,125bbdd1-36ce-5f61-836e-13fa1af040d9,d17b1755-7202-55ed-9061-0f3d2c004bb4,ed1bcbd8-919e-5201-8394-8e481d92f7f5,COM-POL-00000033,29760.0000,2026-01-07,email_extract,2025-12-09T10:00:00+10:00,,
c3caf011-a284-5434-b0da-294a36f5a3f7,125bbdd1-36ce-5f61-836e-13fa1af040d9,fd59b3a2-4e5c-5d79-a6eb-5df370c7cab3,,COM-POL-00000034,152.0000,2026-03-11,portal,2026-03-07T10:00:00+10:00,,
3676782e-66c5-50a2-af48-fa6976c94ef1,125bbdd1-36ce-5f61-836e-13fa1af040d9,ac5d1971-a942-5f45-8a71-1e4c34dcc0e0,,COM-POL-00000035,1080.0000,2025-09-17,portal,2025-08-21T10:00:00+10:00,,
6d1873a1-f388-5f94-b7fe-eb350f9ee41f,125bbdd1-36ce-5f61-836e-13fa1af040d9,2f5b3101-e6ae-565e-952d-dd4a1f9d3dd5,67eb14fc-8979-5abb-9885-7f3c559cbbb4,COM-POL-00000036,1092.0000,2026-02-04,portal,2026-01-28T10:00:00+10:00,,
e41afe59-55eb-5b2f-9bc4-eb06cc42edc4,125bbdd1-36ce-5f61-836e-13fa1af040d9,be4699fb-24f2-5244-98aa-bca3fe216696,0552cf5a-cc6b-53a6-aad8-9bb80ff55532,COM-POL-00000037,7080.0000,2024-12-12,portal,2024-11-29T10:00:00+10:00,,split_schedule
30e4ad71-77e1-5e51-8c85-e004789c9464,125bbdd1-36ce-5f61-836e-13fa1af040d9,fb3447b6-0c01-5b9e-8ef2-3bbc0617c190,6afa3f0d-8cf0-517f-8837-fd575c8c8a31,COM-POL-00000038,15480.0000,2026-05-14,portal,2026-05-02T10:00:00+10:00,,split_schedule
7da8d4eb-531c-5725-bfd0-49060ef03563,125bbdd1-36ce-5f61-836e-13fa1af040d9,a00c208a-f092-5a8d-ba9d-bc4b9abf710d,,COM-POL-00000039,46560.0000,2025-05-03,portal,2025-04-19T10:00:00+10:00,,
cf0a1b33-c22e-5ae7-b408-3d76c825030c,125bbdd1-36ce-5f61-836e-13fa1af040d9,e4580ee9-c958-5e49-8a90-a7245ac1bdc9,624b405a-b04d-5474-998c-cc8cc7ef571e,COM-POL-00000040,2124.0000,2026-04-19,email_extract,2026-03-17T10:00:00+10:00,,
a9985c46-62a2-5a31-b364-ef112023fac8,125bbdd1-36ce-5f61-836e-13fa1af040d9,e8c1edd8-91d7-5faa-b016-b04e73ca09ff,dc95b172-00b1-5268-a487-ba1216f4c54c,COM-POL-00000041,486.0000,2025-02-28,portal,2025-02-18T10:00:00+10:00,,
8ce44aed-03cb-5d21-b614-1fd08a40567b,125bbdd1-36ce-5f61-836e-13fa1af040d9,ce11f1e1-7d3d-51fc-9a8f-e4e3942c531c,b4926eee-5f4f-52eb-959e-097dc3d1b95d,COM-POL-00000042,113.0000,2026-01-08,portal,2026-01-16T10:00:00+10:00,,
d7e1c978-93b6-5256-b22f-78913c5e395e,125bbdd1-36ce-5f61-836e-13fa1af040d9,8d48c95d-aa17-551b-9dab-c5013cba4766,1b820ef1-a009-514f-a7bc-1f0cb015021b,COM-POL-00000043,1278.0000,2024-11-28,portal,2024-11-07T10:00:00+10:00,,
81d12ca5-ad0f-534f-8382-6d7e73780748,125bbdd1-36ce-5f61-836e-13fa1af040d9,48371b30-3edd-53dc-9c05-07084ba3c371,bd3d5a02-5c40-5bc0-b19b-8b244c91434f,COM-POL-00000044,10560.0000,2026-04-28,portal,2026-03-23T10:00:00+10:00,,
a4ed4fb2-1cd3-5d49-a97d-fd8bcf5f003a,125bbdd1-36ce-5f61-836e-13fa1af040d9,1da9178b-18a7-5908-8654-cdfdbdef1e0b,5f72215e-1d31-5152-89f9-46e9cece939d,COM-POL-00000045,120.0000,2025-04-29,portal,2025-04-14T10:00:00+10:00,,
b23db307-9ac9-5ea0-9ebb-64487930538c,125bbdd1-36ce-5f61-836e-13fa1af040d9,5d1de95a-e527-55df-8506-5944f16a4d1a,,COM-POL-00000046,35280.0000,2025-04-03,portal,2025-03-13T10:00:00+10:00,,
eafb178c-797d-5402-bea6-aebec568ec63,125bbdd1-36ce-5f61-836e-13fa1af040d9,268047c5-7bb6-5a2c-8413-c4bf1828da77,61c4d639-29ba-5eac-a021-866ec8d6ab23,COM-POL-00000047,117.0000,2025-04-19,portal,2025-04-10T10:00:00+10:00,,
959e2bf1-0942-57a4-801d-1ff3cfc0123f,125bbdd1-36ce-5f61-836e-13fa1af040d9,aa536455-e8a9-50ac-addd-12bc7d8439df,095f012c-2ece-5623-8a61-e7c49d36343d,COM-POL-00000048,149.0000,2026-03-08,portal,2026-03-08T10:00:00+10:00,,split_schedule
42c5aacf-f28f-58b7-8a21-98c72fce3da4,125bbdd1-36ce-5f61-836e-13fa1af040d9,40e2419c-574f-5c46-8acf-f4d6780f7cd3,399eec76-ce7c-5e43-9e9f-319098317f3d,COM-POL-00000049,2640.0000,2026-05-16,portal,2026-04-20T10:00:00+10:00,,
fed6c946-6cc6-58b5-bf5b-6f687a9bb7b4,125bbdd1-36ce-5f61-836e-13fa1af040d9,98c09698-fcb6-5a1d-bb96-2c45722b59cc,28b428b8-3717-5569-9c44-bcb942b57494,COM-POL-00000051,654.0000,2024-09-13,portal,2024-08-23T10:00:00+10:00,,demand_shock
1d0d6c17-a4d8-5e82-96b6-f835a98c8108,125bbdd1-36ce-5f61-836e-13fa1af040d9,19348610-5606-568b-86e0-9fcac79abd51,83cebdfa-d79d-582b-86c7-f0021b74aa9b,COM-POL-00000053,1242.0000,2024-10-29,portal,2024-10-21T10:00:00+10:00,,
0e4b619b-a63a-500d-86d9-5ac456885293,125bbdd1-36ce-5f61-836e-13fa1af040d9,5c25d575-9588-525c-b788-cb817421c9a7,2e4df2ac-514a-5472-bf71-fd4003b66f46,COM-POL-00000054,185.0000,2025-12-21,portal,2025-12-17T10:00:00+10:00,,split_schedule
fec95d6d-aeaf-5841-aca8-a3aaad24c5f9,125bbdd1-36ce-5f61-836e-13fa1af040d9,39c700e7-e8e3-5dfb-931c-5cacc743cbd9,ed919c94-a8ee-5275-b7c4-360cb3e5ba98,COM-POL-00000055,14520.0000,2025-09-26,portal,2025-09-09T10:00:00+10:00,,
18253cb5-b348-5994-811d-a15b9c723483,125bbdd1-36ce-5f61-836e-13fa1af040d9,aede0822-2f3d-58fa-bcde-67c948375d9a,200d04ef-ec5e-52cb-8bc6-dce4026b88b5,COM-POL-00000056,75.0000,2025-11-14,portal,2025-10-13T10:00:00+10:00,,
eb0a238a-8f44-5987-a0d1-8a5b006f091e,125bbdd1-36ce-5f61-836e-13fa1af040d9,892f7ae3-ffbb-56a8-8b27-eb482fe89442,c22d3524-2eed-5549-b63a-6ac97ce6df43,COM-POL-00000059,19200.0000,2026-02-12,portal,2026-01-30T10:00:00+10:00,,supplier_deterioration
ecb19886-50e3-5aef-b7e4-28e6a64578e2,125bbdd1-36ce-5f61-836e-13fa1af040d9,8e6266e1-0d57-5a73-91cd-49f77a77c869,8b1ed8d5-2891-559a-987d-ce66f00db064,COM-POL-00000060,75360.0000,2025-04-12,portal,2025-03-12T10:00:00+10:00,,supplier_deterioration
50426ca0-cfac-5b39-b8bc-0b901863ccc0,125bbdd1-36ce-5f61-836e-13fa1af040d9,aa298ba8-ff19-58fb-936b-99006e553db4,,COM-POL-00000061,194.0000,2024-10-18,email_extract,2024-10-09T10:00:00+10:00,,
4b0ff5e8-f8d1-55a8-aeb3-8af67b0482e8,125bbdd1-36ce-5f61-836e-13fa1af040d9,bf27940f-7320-5d0f-be59-ce3a9a08920c,69d515cb-f42d-5d40-8537-bb808c63feb5,COM-POL-00000062,153.0000,2024-08-17,email_extract,2024-08-18T10:00:00+10:00,,
c90ace49-524e-517c-9643-6c6eefc8f012,125bbdd1-36ce-5f61-836e-13fa1af040d9,58e65b23-7b42-562c-9d22-f9a1eef929e9,91faa7cd-ed58-5905-9320-89f870ab1b88,COM-POL-00000063,137.0000,2025-04-01,email_extract,2025-03-23T10:00:00+10:00,,
e20a1649-5926-5a74-b335-bf872d8b1b4e,125bbdd1-36ce-5f61-836e-13fa1af040d9,79058de5-6ced-5adc-801f-2adc8b6a1aae,d182a406-840f-5093-ab7d-a484b9e6d010,COM-POL-00000064,207.0000,2025-07-19,email_extract,2025-06-29T10:00:00+10:00,,split_schedule
5624f5bb-6b50-5472-ac67-d60a77e92213,125bbdd1-36ce-5f61-836e-13fa1af040d9,62da9cca-e860-54c6-bc92-f23053841f10,c0e1095c-ceb9-52dd-be54-b497b480e907,COM-POL-00000065,1128.0000,2025-04-25,portal,2025-04-14T10:00:00+10:00,,split_schedule
04fc2907-04e3-5c25-8710-e3639171b80c,125bbdd1-36ce-5f61-836e-13fa1af040d9,835b1afa-e602-50be-8f14-ad2dab6dbd0c,c6678152-05e6-5534-8832-7e30d07d362c,COM-POL-00000066,6000.0000,2025-12-31,portal,2025-12-09T10:00:00+10:00,,demand_shock
4fff03b0-388d-5965-a077-debcf6b48307,125bbdd1-36ce-5f61-836e-13fa1af040d9,1bce04b7-af7d-5240-bb17-283c06d07e2c,f3e99cbe-200f-5b30-a415-ccf86b9da458,COM-POL-00000067,40560.0000,2025-03-28,portal,2025-03-25T10:00:00+10:00,,demand_shock
2d749d67-7ebb-5d8c-a991-411c5ad8029e,125bbdd1-36ce-5f61-836e-13fa1af040d9,edfacbfe-c0e9-5b83-8a88-ea2ddade2505,4615f33f-00e7-50e2-ab90-b32e0f9e6697,COM-POL-00000068,4896.0000,2025-11-01,portal,2025-09-26T10:00:00+10:00,,
b765744f-9385-5d1f-860d-9db41009a6ac,125bbdd1-36ce-5f61-836e-13fa1af040d9,e26658c5-824d-5ebd-a362-95b01d88784a,d713c8c1-ab1c-54ba-86bf-593fe58cb9cb,COM-POL-00000069,18600.0000,2026-04-11,portal,2026-03-28T10:00:00+10:00,,
c36f2963-6f5e-5795-90a1-61b4cfa4bd4b,125bbdd1-36ce-5f61-836e-13fa1af040d9,badea73f-2fb7-5106-b94b-ddad16222504,d3b62aa6-dae9-54ac-a468-853a61365eb3,COM-POL-00000070,7200.0000,2026-02-21,portal,2026-02-05T10:00:00+10:00,,
a71ceb4f-a101-5c55-9c33-09e5f4774950,125bbdd1-36ce-5f61-836e-13fa1af040d9,a47fefeb-7ed5-5842-a4bc-7f2387f48323,,COM-POL-00000072,21.0000,2026-04-10,portal,2026-04-14T10:00:00+10:00,,demand_shock
cd212c1d-0042-5e34-aa56-65fc9a5d68ca,125bbdd1-36ce-5f61-836e-13fa1af040d9,ae167c82-e1e3-5f71-a79c-b7bd04602684,1084308e-e31c-57aa-82b0-1bf7f8c0474b,COM-POL-00000073,5160.0000,2026-06-25,portal,2026-06-03T10:00:00+10:00,,split_schedule
ae2a2126-1d88-5c55-8cff-90be7e0bc538,125bbdd1-36ce-5f61-836e-13fa1af040d9,bf65fab1-9bb1-5c27-8057-6245bcb4145f,c1019c75-a7ed-5f28-bf2f-bd0bb7f5689a,COM-POL-00000074,1596.0000,2025-05-17,portal,2025-05-08T10:00:00+10:00,,
d7665a4e-4e04-5880-ad59-265f8f928685,125bbdd1-36ce-5f61-836e-13fa1af040d9,c2e4bc54-bb14-5994-9714-79dedadc7d5a,726857ec-c5fc-50d6-a332-446b2c38d7de,COM-POL-00000076,35760.0000,2024-10-16,email_extract,2024-09-19T10:00:00+10:00,,
d2cc9457-a30b-5ed9-a585-86df5d326cd4,125bbdd1-36ce-5f61-836e-13fa1af040d9,51029d3e-8bcf-552b-ab8e-73a61667720c,e614e598-972a-560c-b0f6-178e4921e6ce,COM-POL-00000077,102240.0000,2025-06-10,portal,2025-05-30T10:00:00+10:00,,
35f9bfa0-91af-58f8-a660-896a5fb6e65b,125bbdd1-36ce-5f61-836e-13fa1af040d9,e411fb3a-577f-59d7-9270-d71cfb9f857f,cd2e93ef-1b1c-561e-81f1-c3c39ad20101,COM-POL-00000078,408.0000,2026-01-24,portal,2026-01-21T10:00:00+10:00,,
991128c5-0e81-5b38-b53f-d8910da81ae4,125bbdd1-36ce-5f61-836e-13fa1af040d9,b3ad5c07-0879-50eb-8b63-c914819f4557,c6269d7b-72b7-5296-b7b8-11ad410a1086,COM-POL-00000079,21.0000,2025-01-12,portal,2024-12-30T10:00:00+10:00,,
e530669a-874f-5861-8fcc-98d223d97177,125bbdd1-36ce-5f61-836e-13fa1af040d9,908e4463-b10d-5c8b-bb53-54aea6287028,45717182-b534-50fb-be90-f364ce3b41b7,COM-POL-00000080,26040.0000,2025-09-26,portal,2025-09-21T10:00:00+10:00,,
597b8950-4fb4-5bda-9fd1-61b75d33c920,125bbdd1-36ce-5f61-836e-13fa1af040d9,f16f9758-c3b7-5fdc-a33e-bbf4795057a8,c6e7a5fd-4265-55c2-ab2d-56e431a9b797,COM-POL-00000081,114.0000,2025-10-02,portal,2025-09-20T10:00:00+10:00,,
76a84b7c-871e-5b86-a077-cfb7be007b03,125bbdd1-36ce-5f61-836e-13fa1af040d9,71a874ad-7418-5660-a76c-cb742a43eef2,ea915e80-2062-57b4-a5d7-04b171725db7,COM-POL-00000082,37920.0000,2025-07-19,portal,2025-07-07T10:00:00+10:00,,
4bb6b08f-3b67-5b48-9696-feec57d2ebcb,125bbdd1-36ce-5f61-836e-13fa1af040d9,52c00efb-e404-51dd-b010-f330cd8675df,c0b3842a-77a1-54c0-93ee-a34c89956334,COM-POL-00000083,175.0000,2026-03-09,portal,2026-02-16T10:00:00+10:00,,split_schedule
557f4f85-d0dd-5d55-95c6-04e6ebef10a2,125bbdd1-36ce-5f61-836e-13fa1af040d9,e067cf82-399c-5a02-a0ab-60a00039a528,8c075243-74bf-5171-99f2-c7be54a108f9,COM-POL-00000084,39840.0000,2025-07-31,portal,2025-07-15T10:00:00+10:00,,
0cc5bd60-2765-5ba8-8c5a-0dff5758f086,125bbdd1-36ce-5f61-836e-13fa1af040d9,7093b327-e34d-52b4-8804-c7205737e0d1,d8846520-eee2-5a7c-a312-f22821e704bc,COM-POL-00000085,21360.0000,2026-01-20,portal,2026-01-15T10:00:00+10:00,,
27662b92-d1f3-56cc-9e41-8c4389683fcf,125bbdd1-36ce-5f61-836e-13fa1af040d9,c3977d7b-a25a-5238-a4b2-dd1730c3a4c6,9075f709-f6f3-58b2-85f5-16edb069f06d,COM-POL-00000086,1002.0000,2025-02-11,portal,2025-01-29T10:00:00+10:00,,
8a888342-a5bc-509e-a2a1-85587e1daab4,125bbdd1-36ce-5f61-836e-13fa1af040d9,1986de63-67d9-5898-82f3-586c85389f7d,f153214a-d297-59db-b611-b17fab3e92b9,COM-POL-00000087,176.0000,2026-02-08,portal,2026-02-10T10:00:00+10:00,,
58a6093a-f850-532a-8d42-f9d93eff1380,125bbdd1-36ce-5f61-836e-13fa1af040d9,79bd8471-f158-56c5-b380-bf24d630bbc4,,COM-POL-00000088,12480.0000,2024-12-02,portal,2024-11-22T10:00:00+10:00,,
8bf61f23-d04c-5116-86b4-c70dba42a644,125bbdd1-36ce-5f61-836e-13fa1af040d9,e2dc985e-3d7b-5249-8649-eb730712172d,,COM-POL-00000089,6096.0000,2025-03-07,portal,2025-03-02T10:00:00+10:00,,demand_shock
61b54193-c892-52ab-905e-841e63244272,125bbdd1-36ce-5f61-836e-13fa1af040d9,9cc258ce-8584-5d52-bc8c-7e5177de3100,e762f642-9de3-555d-9d27-83e0814eb858,COM-POL-00000090,2208.0000,2024-10-28,portal,2024-10-05T10:00:00+10:00,,
d5a48b0d-d22b-564c-ad6b-1bedd0ec3e85,125bbdd1-36ce-5f61-836e-13fa1af040d9,84c77b48-cd90-57da-93fa-6524adc2ca64,ee24e784-7ded-5f73-ac3b-4f14474b358d,COM-POL-00000091,5640.0000,2025-12-26,email_extract,2025-12-04T10:00:00+10:00,,split_schedule
a44ad569-1ad4-59f3-94ef-0f0dbef30b8f,125bbdd1-36ce-5f61-836e-13fa1af040d9,dcdefc65-3772-584c-b071-3715bcd1f4ab,93c8976b-4247-50bb-ae48-bec374db91ba,COM-POL-00000092,5280.0000,2026-05-03,email_extract,2026-04-25T10:00:00+10:00,,split_schedule
4b8ec40b-8806-5a6d-966f-5b10d13f1041,125bbdd1-36ce-5f61-836e-13fa1af040d9,929837a9-fc2f-58b0-b586-e9d5549c4bf7,cb8d0ffb-c215-545a-9da3-48f9921de11e,COM-POL-00000093,35.0000,2025-12-24,portal,2025-12-06T10:00:00+10:00,,
b8edfbb7-f427-5542-a260-3e728e7ffdd2,125bbdd1-36ce-5f61-836e-13fa1af040d9,f3dfe35e-3f70-59b9-811b-0e6a79cc3a9f,5af8a6f0-7423-5b55-8e92-c4306c0d7b95,COM-POL-00000094,18480.0000,2024-12-21,portal,2024-12-06T10:00:00+10:00,,
860700bf-254a-5629-93d7-87960a2ea9fe,125bbdd1-36ce-5f61-836e-13fa1af040d9,882b71bc-78a8-5c68-892e-0a1d21e8ab81,5ec08152-f325-5fe4-ade4-6e68157ecd85,COM-POL-00000096,576.0000,2025-05-01,email_extract,2025-04-15T10:00:00+10:00,,
786011fe-a590-5a72-bf02-7d8ad6209757,125bbdd1-36ce-5f61-836e-13fa1af040d9,96a1841e-9c2b-5a52-b6f2-c80d4fc423d3,,COM-POL-00000098,924.0000,2025-01-29,portal,2025-01-07T10:00:00+10:00,,
8439984c-a944-5e70-93a3-5359e3223c9d,125bbdd1-36ce-5f61-836e-13fa1af040d9,c39c6ce8-69fb-5a2b-8b54-185a94119a47,88966fd8-9556-5693-b8b9-140381c106c3,COM-POL-00000099,2520.0000,2025-11-13,portal,2025-10-29T10:00:00+10:00,,missing_inventory_signal
25e63b89-0cca-516e-95b7-03a1a2e14881,125bbdd1-36ce-5f61-836e-13fa1af040d9,ffbfb137-4af0-562a-abfa-3ed8803628f7,6e357b15-a2bc-53d3-83bd-d6d85e579e68,COM-POL-00000100,5880.0000,2026-03-14,portal,2026-02-04T10:00:00+10:00,,
b246dd59-4dfb-5e94-9f52-e2e7ee69e053,125bbdd1-36ce-5f61-836e-13fa1af040d9,462f8a8a-6a22-55c4-8e10-5955c96cfd7c,,COM-POL-00000101,137.0000,2026-02-09,email_extract,2026-01-25T10:00:00+10:00,,
4cd056e5-7ccd-55ed-8762-105bddea19ef,125bbdd1-36ce-5f61-836e-13fa1af040d9,d2a8808c-fb88-5b33-ad8f-5757905a6f45,,COM-POL-00000102,184.0000,2025-11-18,portal,2025-10-29T10:00:00+10:00,,
8e771718-e584-5f1c-a494-8faa4e2bf451,125bbdd1-36ce-5f61-836e-13fa1af040d9,d823b655-8b96-5352-adfb-b09cfe3ff09e,,COM-POL-00000103,5040.0000,2025-06-29,portal,2025-06-02T10:00:00+10:00,,
cdd438c3-7969-5fc8-917c-9f6c1d5e17a7,125bbdd1-36ce-5f61-836e-13fa1af040d9,3dbc788e-4fc6-530a-baf4-e8588c4638c9,,COM-POL-00000104,13.0000,2025-11-11,email_extract,2025-10-16T10:00:00+10:00,,split_schedule
799d6a56-19cf-5e6f-9241-c0f4dc2f4d53,125bbdd1-36ce-5f61-836e-13fa1af040d9,4cdfb0cf-5c65-5736-96d0-2c3a18205662,fb3643a3-9a4e-5915-ad63-5ba26eb6edb6,COM-POL-00000105,2376.0000,2025-04-13,portal,2025-04-12T10:00:00+10:00,,
247da77d-78bb-59ad-8350-eee5f6262e63,125bbdd1-36ce-5f61-836e-13fa1af040d9,d74a323e-f134-5bee-a79a-ae9ca2302b36,,COM-POL-00000106,16920.0000,2024-10-26,portal,2024-09-27T10:00:00+10:00,,split_schedule
4ca237e7-853b-5e17-8ee1-d19383bd095a,125bbdd1-36ce-5f61-836e-13fa1af040d9,145000c9-83e4-5e12-a308-c7a4efd86f80,,COM-POL-00000107,1344.0000,2025-05-12,portal,2025-05-08T10:00:00+10:00,,
974d3b0b-4490-5e6d-97f5-ecc81eca355f,125bbdd1-36ce-5f61-836e-13fa1af040d9,08228a0a-fead-5763-a110-0fbae787a714,40d335e2-8e68-5973-930d-a637bb6b1973,COM-POL-00000108,7680.0000,2026-06-01,email_extract,2026-05-26T10:00:00+10:00,,
011efb37-3a40-5ed2-aead-6a6bf1587b94,125bbdd1-36ce-5f61-836e-13fa1af040d9,4d3536ec-2d13-5092-bee1-0eab950db4f6,,COM-POL-00000109,5.0000,2025-03-13,portal,2025-02-27T10:00:00+10:00,,demand_shock
a39d5475-c765-5edb-9b13-bafdcf72741d,125bbdd1-36ce-5f61-836e-13fa1af040d9,47162640-a7ea-5360-be33-cf7809016677,1b212d5a-c305-5fb9-aa65-3fb61202b938,COM-POL-00000110,10560.0000,2026-03-09,portal,2026-03-05T10:00:00+10:00,,
25860772-0ec6-5ae1-93a5-f5dee04282bc,125bbdd1-36ce-5f61-836e-13fa1af040d9,00dc368d-46ce-53ba-aa74-372caa23d77f,1981aac9-bf13-5ad9-aa88-a7d18a369cfe,COM-POL-00000111,960.0000,2026-04-29,email_extract,2026-04-24T10:00:00+10:00,,
d32e9cad-252e-54c6-a935-88393afc631f,125bbdd1-36ce-5f61-836e-13fa1af040d9,29c53d62-0f2a-569e-bd23-0baaddecb094,5df28824-b69d-524f-a4c6-1de648006cfe,COM-POL-00000113,19200.0000,2025-09-21,email_extract,2025-08-31T10:00:00+10:00,,
c79579f3-e810-5e79-9650-2e0332152925,125bbdd1-36ce-5f61-836e-13fa1af040d9,11adbf92-554f-5ee5-8493-75b71128aa0c,c65b6d8b-3443-54ea-8cd1-db698d2865a7,COM-POL-00000114,1680.0000,2026-03-07,portal,2026-03-03T10:00:00+10:00,,
737af429-1605-5e16-bb3d-8894947c3d49,125bbdd1-36ce-5f61-836e-13fa1af040d9,7fc5655b-2706-515d-9a46-4f8381eba9fe,60d9ba19-833b-52db-9e10-c56f6994acda,COM-POL-00000115,492.0000,2024-12-20,portal,2024-12-17T10:00:00+10:00,,split_schedule
22a28ff7-40f2-516e-b079-aadaf1409e2c,125bbdd1-36ce-5f61-836e-13fa1af040d9,357f6560-db19-527a-b643-4ccfabc42af0,,COM-POL-00000116,1356.0000,2025-07-11,portal,2025-06-15T10:00:00+10:00,,
b5f5b2f7-fe8d-5ded-b06b-a4672cb4ea1c,125bbdd1-36ce-5f61-836e-13fa1af040d9,d998ca38-778d-57b3-96f3-853d7cda39a4,894bab19-b5bf-5394-8381-a8d1d39b58e1,COM-POL-00000117,1086.0000,2025-08-23,email_extract,2025-08-11T10:00:00+10:00,,
dc7cece5-d798-549f-9a7a-035c4551f1df,125bbdd1-36ce-5f61-836e-13fa1af040d9,eebe4995-2521-5206-ba1d-679ade730706,18a58adb-d598-552c-a2b3-131f3aa3ea93,COM-POL-00000118,552.0000,2025-04-01,portal,2025-03-11T10:00:00+10:00,,
4f313a11-da10-5bbe-88ca-fb4ddf1c25fa,125bbdd1-36ce-5f61-836e-13fa1af040d9,fab2f861-2ae3-572d-a38a-4be3d0e3f211,,COM-POL-00000119,76.0000,2024-10-23,portal,2024-10-29T10:00:00+10:00,,
e90904e9-01e8-5e99-878e-070dbf10a3e9,125bbdd1-36ce-5f61-836e-13fa1af040d9,9ee3c1c4-e6a3-5924-818a-df08c6b8141f,3422f13e-2823-5a1d-9a5a-145289675957,COM-POL-00000120,4320.0000,2025-09-07,portal,2025-09-01T10:00:00+10:00,,
da9389f2-bfb7-5817-82d4-f0b14edd93a9,125bbdd1-36ce-5f61-836e-13fa1af040d9,58e8df19-cb37-55fa-9c92-18518d464c45,032ed207-5cd4-53e1-92db-f2745c21f088,COM-POL-00000121,408.0000,2025-10-17,portal,2025-10-14T10:00:00+10:00,,
78a779d9-82ba-55e8-a41f-6ba69a1932d5,125bbdd1-36ce-5f61-836e-13fa1af040d9,d67bdb83-fed3-5184-837e-175991e221c1,93847bbb-97a6-52d8-ac3b-e5dd027eeb87,COM-POL-00000122,4056.0000,2025-06-17,portal,2025-06-01T10:00:00+10:00,,split_schedule
08d44eb8-c645-5276-8e72-d4ff170d1c5a,125bbdd1-36ce-5f61-836e-13fa1af040d9,8f044fab-5e0d-57fd-8793-ece7459d7993,ae6c8c14-6298-5451-8cd6-0040a5d03f75,COM-POL-00000123,15360.0000,2025-05-24,email_extract,2025-05-06T10:00:00+10:00,,split_schedule
f7786423-6e9b-5ee5-8ab6-674016e19c52,125bbdd1-36ce-5f61-836e-13fa1af040d9,09554ed4-d33d-5312-8013-c55a8975e05a,3fb3a319-4487-56ae-8d2e-3252d7f49937,COM-POL-00000124,37.0000,2025-01-20,portal,2024-12-31T10:00:00+10:00,,demand_shock
814c2b7e-b723-525d-8fee-ed66ed0db5d0,125bbdd1-36ce-5f61-836e-13fa1af040d9,8ae03cd7-a70c-5ed8-9f08-64bceb7fcd26,,COM-POL-00000126,161.0000,2025-07-17,portal,2025-07-08T10:00:00+10:00,,
c2d1de7d-6a8c-5786-847a-8b8e2ff7c1f6,125bbdd1-36ce-5f61-836e-13fa1af040d9,838cb9f2-fc23-5d11-b215-9156d970350c,0d9e4545-5b06-53dc-9610-954e71dc07ef,COM-POL-00000127,7680.0000,2025-07-06,portal,2025-07-04T10:00:00+10:00,,
36a45863-6ef9-5256-be1d-9e1b19ca57a0,125bbdd1-36ce-5f61-836e-13fa1af040d9,58661070-9c5b-5273-81b2-9ed34aa8fc54,dcaf8aa7-e918-506e-a4c5-4f70ae55598d,COM-POL-00000128,122.0000,2025-05-10,portal,2025-05-01T10:00:00+10:00,,split_schedule
9903caf1-bf24-5e49-a987-2f7847138156,125bbdd1-36ce-5f61-836e-13fa1af040d9,ca742467-8c3c-5527-90bd-95b94e38588d,bd4558a8-d3b7-5c44-a3c4-1b97c191adb3,COM-POL-00000131,1608.0000,2026-03-19,portal,2026-03-05T10:00:00+10:00,,split_schedule
89aa6964-c63c-5839-8d93-d63f495bf4b2,125bbdd1-36ce-5f61-836e-13fa1af040d9,d57b64a6-cc81-5d3e-930a-2554462e96b4,f8a9a51c-1fc5-5c18-8163-05087a865e7a,COM-POL-00000132,3312.0000,2024-07-20,portal,2024-07-18T10:00:00+10:00,,supplier_deterioration
a99c45b6-562c-5cd2-a2d9-5fa7a264fc7f,125bbdd1-36ce-5f61-836e-13fa1af040d9,88f66cee-46ee-52a0-b982-4b85cd0c3878,1ce58267-3af4-5146-b1f5-660d073b9e3c,COM-POL-00000135,4848.0000,2026-02-26,email_extract,2026-02-14T10:00:00+10:00,,missing_inventory_signal
d7e17b86-c661-598f-b8ee-13b0dd48fb77,125bbdd1-36ce-5f61-836e-13fa1af040d9,715fb631-4d84-5ee6-84ec-78b162d593c1,aaecf6ee-722f-544a-b030-21aaf26cb644,COM-POL-00000136,3840.0000,2025-01-09,portal,2024-12-31T10:00:00+10:00,,missing_inventory_signal
98d9db44-6d72-521b-afe1-99dff221d079,125bbdd1-36ce-5f61-836e-13fa1af040d9,9c1ea9dd-f757-5691-b94c-18fbb100b615,,COM-POL-00000137,13560.0000,2025-10-24,portal,2025-10-13T10:00:00+10:00,,demand_shock
b025101f-4f3d-5744-8575-23ecfbcab9ae,125bbdd1-36ce-5f61-836e-13fa1af040d9,f630b228-21eb-5290-b85f-d8cf940ff6a4,,COM-POL-00000138,170.0000,2024-12-01,portal,2024-11-15T10:00:00+10:00,,split_schedule
34d8c66e-1edd-577c-974b-b65f1f58c5ad,125bbdd1-36ce-5f61-836e-13fa1af040d9,25a61bbb-1397-5b78-b511-6a6ca7b8e7a9,,COM-POL-00000140,97.0000,2025-02-11,portal,2025-01-28T10:00:00+10:00,,
6e0f551a-9ed5-5d47-a959-246e0c12752d,125bbdd1-36ce-5f61-836e-13fa1af040d9,ff52bf3d-3085-570c-a005-cda53150a7fe,,COM-POL-00000141,2856.0000,2026-04-17,email_extract,2026-03-30T10:00:00+10:00,,
fcec35dc-5715-5430-8ae6-0f10121d9d79,125bbdd1-36ce-5f61-836e-13fa1af040d9,54e45966-1b7b-5c2f-a912-718435feadd5,399bccb1-76c0-5cbd-b75b-9fb280ed9570,COM-POL-00000142,888.0000,2025-06-25,email_extract,2025-06-18T10:00:00+10:00,,split_schedule
ca96fa0c-84d0-59f2-8878-95c8eae63b04,125bbdd1-36ce-5f61-836e-13fa1af040d9,e2191bba-ab41-5cc2-847d-c0204df046e1,49fa0bec-651a-59d4-a8e9-e4b54769c81a,COM-POL-00000143,87.0000,2025-11-13,portal,2025-10-23T10:00:00+10:00,,
c5abae64-6c48-5824-9469-e30b22003c45,125bbdd1-36ce-5f61-836e-13fa1af040d9,eb44da56-30cc-5681-aba6-4e33f758d1d6,,COM-POL-00000144,11280.0000,2025-01-22,portal,2025-01-14T10:00:00+10:00,,supplier_deterioration
a3af9162-7b00-507d-878d-c56ffa4bc9b2,125bbdd1-36ce-5f61-836e-13fa1af040d9,10862e63-daf3-5f53-ab7e-7891b132ec6f,,COM-POL-00000145,5760.0000,2026-02-12,portal,2026-01-25T10:00:00+10:00,,missing_inventory_signal
24c72a59-f252-5cf2-822f-53d8fb5382a4,125bbdd1-36ce-5f61-836e-13fa1af040d9,0334fb3e-920d-51a6-a6ca-04dab00a654d,56d0d4f2-67fe-52a6-9c35-d1d1379a1ffe,COM-POL-00000146,147.0000,2024-09-07,portal,2024-08-10T10:00:00+10:00,,
35f87b21-b556-5ea3-8751-a54ab0cc3ca2,125bbdd1-36ce-5f61-836e-13fa1af040d9,51607152-a019-5b5d-bb57-55c68b0e5f3e,c58143c2-2278-5f78-8ea9-d3cd22a4d27e,COM-POL-00000147,210.0000,2025-06-26,portal,2025-06-17T10:00:00+10:00,,split_schedule
a47ea767-587c-5e65-bf65-edc13c7aaaf3,125bbdd1-36ce-5f61-836e-13fa1af040d9,4a91a6a0-8caa-5725-a3a1-128b9336f13e,94b4b320-0c4d-5e40-b2c9-48cda664b5d5,COM-POL-00000149,201.0000,2024-08-15,portal,2024-08-15T10:00:00+10:00,,split_schedule
5e0debd2-3f07-5ce1-bdc4-e488706c0b74,125bbdd1-36ce-5f61-836e-13fa1af040d9,3bb10f4b-339b-5869-9a5e-8a319adb83d7,09c101cc-d94b-56c9-9389-edc5038b7c50,COM-POL-00000150,38640.0000,2025-06-12,email_extract,2025-05-27T10:00:00+10:00,,
478621a9-0347-59b8-b493-5687e5421399,125bbdd1-36ce-5f61-836e-13fa1af040d9,29083f59-3526-532f-8b0a-f5c5b1f06f28,cf48278d-dd05-5dff-bd9d-f98bfe5cc319,COM-POL-00000151,76320.0000,2024-09-19,portal,2024-09-02T10:00:00+10:00,,split_schedule
fccec57b-41ff-524d-b8fc-0725ce7622bd,125bbdd1-36ce-5f61-836e-13fa1af040d9,6d613d2d-11e2-55d5-b0f4-a8cf572c4178,a8169605-e164-5680-b200-4b132d469321,COM-POL-00000152,59.0000,2025-01-10,portal,2025-01-16T10:00:00+10:00,,
024fac50-0c2f-5be9-9478-99050440c024,125bbdd1-36ce-5f61-836e-13fa1af040d9,0437ba15-4eda-5526-aa40-64962c056d6d,54ca88a7-d9ab-59f9-9820-bc0b30b20b83,COM-POL-00000153,118.0000,2024-11-17,portal,2024-11-04T10:00:00+10:00,,
0cb4ed32-7421-547a-89a8-aa15f42501bd,125bbdd1-36ce-5f61-836e-13fa1af040d9,a38b901d-d0f4-56bb-85ba-7e70f8866156,5f6024ec-6c1e-518a-a46a-e133b262f317,COM-POL-00000154,960.0000,2025-02-10,portal,2025-02-10T10:00:00+10:00,,
9d8fc5b6-e1f6-5699-af64-9743c0e1f066,125bbdd1-36ce-5f61-836e-13fa1af040d9,77a335b0-f76a-5a8f-805b-096ac95001c1,2895c7ae-b638-5a11-a22f-35a4b953935f,COM-POL-00000155,1560.0000,2025-12-21,portal,2025-12-09T10:00:00+10:00,,
905a260b-e723-5def-a312-78bb8cc99423,125bbdd1-36ce-5f61-836e-13fa1af040d9,a087a4f7-76b3-57ee-a2c2-eed7c2c4d7a8,4e6dc508-b93b-5cf9-b9f1-f11bf3249122,COM-POL-00000156,189.0000,2026-02-01,portal,2026-01-10T10:00:00+10:00,,
90f7cb7b-0573-5942-9881-20eae716996d,125bbdd1-36ce-5f61-836e-13fa1af040d9,86b41b2c-8089-5ef2-afac-2861af67d47b,444c4780-58ed-5708-96b4-c8d89a5972e5,COM-POL-00000158,80.0000,2025-06-11,portal,2025-05-20T10:00:00+10:00,,
058889c7-4470-5cb6-bd8b-f374831737d7,125bbdd1-36ce-5f61-836e-13fa1af040d9,03623eea-a8cb-5ce8-a432-055ad86d38c3,da000f37-17fa-5f55-a681-93d6cdf9a659,COM-POL-00000159,16.0000,2024-10-05,email_extract,2024-10-06T10:00:00+10:00,,
ee9af80d-09c6-5191-ac84-f04b0868ff93,125bbdd1-36ce-5f61-836e-13fa1af040d9,d829883d-37a7-57c8-9759-d7118fefd1ac,02e35bdc-3c15-5e7c-a271-342822644a37,COM-POL-00000160,13.0000,2024-08-08,portal,2024-07-24T10:00:00+10:00,,
ae159f25-5f09-5bf2-9597-94c07d7133eb,125bbdd1-36ce-5f61-836e-13fa1af040d9,fd515219-9963-5043-86bb-4125192e6ba4,,COM-POL-00000161,6432.0000,2025-04-15,portal,2025-03-13T10:00:00+10:00,,
1333a2b7-5469-554d-b245-a2a7f9b82e76,125bbdd1-36ce-5f61-836e-13fa1af040d9,ac3f9ca3-6fd8-5ff6-b511-8984d5a49bae,a46ae9c1-4202-57a1-a370-e553c65cbc5e,COM-POL-00000163,130.0000,2025-10-17,portal,2025-10-07T10:00:00+10:00,,
349dd7e3-5f75-5c03-b4bf-5df9a77e7022,125bbdd1-36ce-5f61-836e-13fa1af040d9,3167b658-ad3e-55c2-864b-9f6dc5cf3dcf,,COM-POL-00000164,76.0000,2024-09-09,email_extract,2024-08-24T10:00:00+10:00,,split_schedule
73dbef7e-b49e-547f-ba2f-8e14c544f059,125bbdd1-36ce-5f61-836e-13fa1af040d9,73a6e20b-fdf7-5c3d-a4fd-f94173898ae3,,COM-POL-00000165,16560.0000,2025-09-26,portal,2025-08-31T10:00:00+10:00,,split_schedule
4155c51b-9c89-5752-bd1c-e5ee25f7d9de,125bbdd1-36ce-5f61-836e-13fa1af040d9,3b48f4fb-2796-5b7c-9f2e-d8d4b972a310,d11a5765-4a6b-54d4-8296-9a2128787cb7,COM-POL-00000166,1080.0000,2025-09-20,email_extract,2025-08-30T10:00:00+10:00,,split_schedule
0bbb1155-9a8d-56f4-a811-16eace35845f,125bbdd1-36ce-5f61-836e-13fa1af040d9,6ea98f6f-2b50-5e3b-824d-8120b0e4163a,c2d37dcf-9e5f-5862-858c-fcd4941f44e0,COM-POL-00000167,21120.0000,2025-01-08,portal,2024-12-07T10:00:00+10:00,,
865b1c3a-ee5f-5f7a-a2c6-ab6fdacc63bc,125bbdd1-36ce-5f61-836e-13fa1af040d9,6db46820-2f74-5def-b029-9d8e6ebba03c,,COM-POL-00000168,11040.0000,2026-05-26,portal,2026-05-05T10:00:00+10:00,,
c391aeca-79f1-56ce-913e-dbd8d2502666,125bbdd1-36ce-5f61-836e-13fa1af040d9,a52e64b5-c2ad-5f39-9ea8-fad292a6581d,39176c5a-d8ec-5861-8aa2-bdf2a5df900a,COM-POL-00000169,14760.0000,2026-03-30,email_extract,2026-03-11T10:00:00+10:00,,
1b904cce-467c-51c0-8e8d-39d241d0ae2e,125bbdd1-36ce-5f61-836e-13fa1af040d9,1051b290-e3df-5e4b-91b6-4df2456bae4a,beb6874f-90fc-505c-bcc3-d4d666da2bb4,COM-POL-00000170,148.0000,2024-12-17,portal,2024-12-07T10:00:00+10:00,,
6ef087e1-b682-529e-bad5-368d1ef8b14a,125bbdd1-36ce-5f61-836e-13fa1af040d9,7cbfffa6-f459-5e3e-8b69-90ad43abe3eb,8c1acfdb-3b8c-5ae1-b8c1-412b74eff7e1,COM-POL-00000171,3336.0000,2024-11-23,portal,2024-11-10T10:00:00+10:00,,
55f9ff79-9dbe-5e58-a2f4-65b5ac42fa8e,125bbdd1-36ce-5f61-836e-13fa1af040d9,f4534cb9-f16a-5f73-b4ce-66fa4d5c107a,,COM-POL-00000173,18240.0000,2024-12-05,portal,2024-11-21T10:00:00+10:00,,
93b0b309-504c-5d11-a1e1-e98e94d9d447,125bbdd1-36ce-5f61-836e-13fa1af040d9,8ef43d8d-27bc-5938-8c1b-b1e2ca89d36f,fb00a1d7-48db-5782-9c18-32e4c5658627,COM-POL-00000174,37.0000,2024-11-01,portal,2024-10-08T10:00:00+10:00,,supplier_deterioration
d9e74ddc-6e82-583c-832a-0dde3b675dde,125bbdd1-36ce-5f61-836e-13fa1af040d9,38319365-d5c6-5f50-931e-707d4cfd5a62,,COM-POL-00000175,160.0000,2025-02-03,portal,2025-01-10T10:00:00+10:00,,split_schedule
cdb9c1b8-6382-5997-95c9-716233bb1b7c,125bbdd1-36ce-5f61-836e-13fa1af040d9,d6abc4da-f115-5b65-b1c6-24ec0beb36d9,,COM-POL-00000176,21120.0000,2025-06-15,portal,2025-06-04T10:00:00+10:00,,
737267aa-2412-5968-ae13-77c068833102,125bbdd1-36ce-5f61-836e-13fa1af040d9,7b1d57d2-9def-5ae8-b1ea-6014af93de99,61675c56-f6c4-59b2-b37c-bc80994e2b01,COM-POL-00000177,1464.0000,2024-12-16,portal,2024-12-16T10:00:00+10:00,,
7ecb4ef4-5b3b-5553-811d-13f94f2b1bef,125bbdd1-36ce-5f61-836e-13fa1af040d9,aa9bc1aa-faaf-5950-9cea-b651777b1fc2,68dded42-01b4-5905-a5bd-b707898174c0,COM-POL-00000178,2400.0000,2025-10-13,email_extract,2025-09-30T10:00:00+10:00,,
9323505f-ff65-52f5-b4b4-d2b9ce661175,125bbdd1-36ce-5f61-836e-13fa1af040d9,65f37411-19b1-54e4-88ba-0fd64e01acd8,,COM-POL-00000179,166.0000,2025-01-22,portal,2024-12-25T10:00:00+10:00,,
776c8245-d391-57a7-9a35-9312b8f4787d,125bbdd1-36ce-5f61-836e-13fa1af040d9,4903bb3a-76ca-5dc7-9961-ff14c62c986e,09f929b5-958d-52ab-8861-95afab67b523,COM-POL-00000180,264.0000,2025-07-24,portal,2025-06-18T10:00:00+10:00,,
32dcca04-30ae-514e-9edb-20a229b1456b,125bbdd1-36ce-5f61-836e-13fa1af040d9,cf639996-6d2e-5123-be62-fb7f7eab431e,ebe8ad4a-8c16-5cd8-a647-44d9871ab49f,COM-POL-00000181,9168.0000,2025-04-29,portal,2025-04-16T10:00:00+10:00,,split_schedule
820c8baf-e5e3-5a4b-883a-614a538650eb,125bbdd1-36ce-5f61-836e-13fa1af040d9,2776f346-c05f-5822-af31-fd30273b4e53,9c399111-5133-57a8-983c-a9b0b0078ae8,COM-POL-00000182,3840.0000,2024-09-11,portal,2024-08-21T10:00:00+10:00,,missing_inventory_signal
637a835b-e213-5d06-9b11-53157f4bf043,125bbdd1-36ce-5f61-836e-13fa1af040d9,dde59706-7141-558f-944c-4019addff4bb,917c67c3-3405-5c5b-81bc-8fda2a539c1a,COM-POL-00000183,16440.0000,2025-04-23,portal,2025-04-09T10:00:00+10:00,,split_schedule
bb00365b-3476-5ac8-ab50-ff7aaad3d360,125bbdd1-36ce-5f61-836e-13fa1af040d9,2269f77c-358a-5f22-b58e-8258c8d46bc7,,COM-POL-00000184,47040.0000,2024-08-25,portal,2024-08-14T10:00:00+10:00,,
0ee48823-db90-5bde-85dc-cfaa0f08deb3,125bbdd1-36ce-5f61-836e-13fa1af040d9,06198182-6bc2-563a-81a9-041e059cfa54,156a378b-44d6-5d3d-8cb7-bdcd5fbb1847,COM-POL-00000186,504.0000,2024-08-27,portal,2024-07-31T10:00:00+10:00,,
250a1ac3-b399-5fd1-b2f6-1d0b7d6b1001,125bbdd1-36ce-5f61-836e-13fa1af040d9,29db1425-b742-5939-a46c-6586f1925402,95c00366-ba83-5a5a-b0ff-15496fd1760d,COM-POL-00000187,56.0000,2026-03-20,portal,2026-03-07T10:00:00+10:00,,
45869ad2-f3f2-562f-b426-04d29805d19d,125bbdd1-36ce-5f61-836e-13fa1af040d9,1bfc6b4c-bc10-5068-a0e3-c7a048fce5d8,e0c83258-564f-5cf9-8827-54b3d46eb426,COM-POL-00000188,97.0000,2025-03-31,portal,2025-03-24T10:00:00+10:00,,
62fd391a-ea9e-5aa9-a33a-807333c1af3a,125bbdd1-36ce-5f61-836e-13fa1af040d9,f808a450-df33-58af-b40d-9392767007aa,ad0b613b-7dc2-5ab4-855e-492b78e6825a,COM-POL-00000189,936.0000,2026-02-04,portal,2026-01-30T10:00:00+10:00,,split_schedule
169660f6-b6da-5d7c-89b6-f50451f19f65,125bbdd1-36ce-5f61-836e-13fa1af040d9,1a3f0e75-ab4b-57b6-abd7-9c332f61126f,eb24bf8d-fa50-5ee6-9508-336b9dfe48d9,COM-POL-00000190,15120.0000,2025-11-09,portal,2025-11-02T10:00:00+10:00,,
07c026d2-7514-50e3-80dc-2ad397f5af4c,125bbdd1-36ce-5f61-836e-13fa1af040d9,b37b2dff-2f3f-5b80-b78e-137c5ae9abb2,12d89a4d-c53e-5c55-9e99-67818562a52f,COM-POL-00000191,240.0000,2026-06-05,email_extract,2026-06-03T10:00:00+10:00,,
4f5ae127-6ad7-5dd6-9a6a-56de36b9510f,125bbdd1-36ce-5f61-836e-13fa1af040d9,cf5d0a12-5eba-5058-986a-d59fd72b433f,,COM-POL-00000193,1476.0000,2026-04-10,email_extract,2026-04-01T10:00:00+10:00,,split_schedule;supplier_deterioration
3f316acd-d41b-5b7c-90ad-fc39fe7098c4,125bbdd1-36ce-5f61-836e-13fa1af040d9,641dd0bb-5030-5fbc-b75c-2a936dca980e,b4bddc2b-e016-5853-9204-b192f7f977e1,COM-POL-00000194,169.0000,2024-11-28,portal,2024-11-14T10:00:00+10:00,,
4c570d8f-b8c3-5e26-99db-1a505689592e,125bbdd1-36ce-5f61-836e-13fa1af040d9,2feb2d77-c6be-5724-80f9-adbd94f4d437,f360955a-cf36-5626-89a0-7028cd184d13,COM-POL-00000195,7680.0000,2024-11-23,portal,2024-11-03T10:00:00+10:00,,
a4a6100b-7d1f-507e-a26f-135506c549f0,125bbdd1-36ce-5f61-836e-13fa1af040d9,e54a72d2-87d1-5afa-9048-84f6dc969b79,,COM-POL-00000196,47.0000,2025-04-07,portal,2025-03-23T10:00:00+10:00,,
5619724b-e467-5fee-8e9c-1ec39db9bbdf,125bbdd1-36ce-5f61-836e-13fa1af040d9,a0ce60fa-b026-5af8-9034-d5ba0875a608,370b5ac4-2f0e-5ff3-b625-9c9601889da4,COM-POL-00000197,91.0000,2024-07-10,portal,2024-07-06T10:00:00+10:00,,
7af99336-947f-5300-8c92-316ffb21c227,125bbdd1-36ce-5f61-836e-13fa1af040d9,9c79b061-deb5-5819-b110-7c5d6cdb4032,7063717f-ef4b-5bd9-abf6-f5c536a8d5a4,COM-POL-00000200,3240.0000,2025-04-13,portal,2025-03-29T10:00:00+10:00,,
5efd0250-74a2-5543-ab83-bb7fa4373020,125bbdd1-36ce-5f61-836e-13fa1af040d9,7efaa5e7-7691-524a-84d5-3274c68fc054,98c549f3-4094-5569-ab22-0dd48a10e0a5,COM-POL-00000201,102.0000,2025-07-31,portal,2025-07-16T10:00:00+10:00,,
e1c5df73-38d2-5914-928a-af545bb0949f,125bbdd1-36ce-5f61-836e-13fa1af040d9,6934a247-3f8d-5b6c-b8de-b955f8a6ffa1,43c13dc5-fec3-57c0-8db3-98eade3a6ab0,COM-POL-00000202,62.0000,2024-10-14,portal,2024-09-27T10:00:00+10:00,,
f325d494-003e-5c78-947c-3b9f6e4d2eda,125bbdd1-36ce-5f61-836e-13fa1af040d9,72132dfe-323e-5b97-ba0f-fe23e5da7d10,,COM-POL-00000203,864.0000,2025-09-26,email_extract,2025-09-18T10:00:00+10:00,,split_schedule
8fb99f66-8374-545a-90b6-70cbca12da1b,125bbdd1-36ce-5f61-836e-13fa1af040d9,90addeaa-403e-5468-8111-bcc997aa1a63,,COM-POL-00000204,384.0000,2025-03-19,portal,2025-03-05T10:00:00+10:00,,split_schedule;supplier_deterioration
f7e899cf-dc42-5609-afc1-6c90984b9c9f,125bbdd1-36ce-5f61-836e-13fa1af040d9,0d273e17-8944-5975-82f4-80dfd65a1146,a50e6972-317d-5665-bcfd-35f744f509be,COM-POL-00000206,216.0000,2024-10-04,portal,2024-10-02T10:00:00+10:00,,
9ba5362e-3ab1-5069-8218-def191edad45,125bbdd1-36ce-5f61-836e-13fa1af040d9,236a8488-b9eb-5bf0-8e43-9d81790b67d1,1de667af-1e01-5825-b7e4-b716f586be34,COM-POL-00000207,1464.0000,2026-03-23,portal,2026-03-12T10:00:00+10:00,,demand_shock;missing_inventory_signal
1e52a80b-2565-51ee-a4d4-2d29c7040356,125bbdd1-36ce-5f61-836e-13fa1af040d9,7fc7e07c-cbe4-5b05-ad40-43fe3f5c9b29,49ab345d-3e9d-5f37-bc6a-6dce5046e194,COM-POL-00000208,1056.0000,2025-09-11,portal,2025-09-03T10:00:00+10:00,,supplier_deterioration
37599872-328c-5ae4-b1b0-7ce35a24c43b,125bbdd1-36ce-5f61-836e-13fa1af040d9,c20cab24-c05a-55b5-9b4f-636627430562,,COM-POL-00000209,13800.0000,2025-09-19,portal,2025-08-26T10:00:00+10:00,,
14ad5c47-4790-5a13-80cf-b8ed93f17d5d,125bbdd1-36ce-5f61-836e-13fa1af040d9,28b1dfd9-a760-577a-921d-bfc4439fe708,11d7c920-ad2f-55a2-9ef6-03fa2c8157f7,COM-POL-00000210,38400.0000,2025-07-05,portal,2025-06-10T10:00:00+10:00,,
6854e957-091d-5977-8e96-60e135ba4b89,125bbdd1-36ce-5f61-836e-13fa1af040d9,4439d443-b2e1-5dd8-a38a-d29f9e1ba229,,COM-POL-00000212,19800.0000,2025-06-09,portal,2025-05-08T10:00:00+10:00,,
f1625103-2745-591f-b10b-6d5f09c5f51b,125bbdd1-36ce-5f61-836e-13fa1af040d9,87139e8e-8410-5937-9738-9545157df4dc,76270145-a425-516a-95d1-895fcba6ac9c,COM-POL-00000213,9480.0000,2024-08-24,email_extract,2024-08-28T10:00:00+10:00,,split_schedule
d2b98dce-b787-5335-a611-5391e6a20312,125bbdd1-36ce-5f61-836e-13fa1af040d9,9abe715e-af8a-52d9-a1e0-8b79053e3da2,,COM-POL-00000214,35280.0000,2024-12-26,portal,2024-12-11T10:00:00+10:00,,supplier_deterioration
e18d9ff5-9c17-5068-97a6-d5608bfe7b91,125bbdd1-36ce-5f61-836e-13fa1af040d9,47a81703-8da9-5143-83e0-c9572da39831,6f21e04b-a580-51f4-aaeb-6ab4ca29b12e,COM-POL-00000215,6864.0000,2024-11-16,portal,2024-10-30T10:00:00+10:00,,split_schedule
48c0b99e-3b20-5b00-9670-4c5ff415d128,125bbdd1-36ce-5f61-836e-13fa1af040d9,48814169-0bdf-5a4e-8a10-e56e76eee637,ddd1754b-8897-51c3-9d00-2bbf15e2d0df,COM-POL-00000216,11040.0000,2025-01-17,email_extract,2024-12-28T10:00:00+10:00,,
ced25ca8-30ff-5813-af0a-02ddcb6ee988,125bbdd1-36ce-5f61-836e-13fa1af040d9,7d22936f-6d41-5078-b725-f9ad33453679,,COM-POL-00000217,8592.0000,2025-01-10,portal,2025-01-01T10:00:00+10:00,,split_schedule
b64be288-16fb-5702-b382-fad21c3ccf48,125bbdd1-36ce-5f61-836e-13fa1af040d9,fc70ffa1-40c9-568b-abf6-657f8e70da93,ac392579-1727-5a84-910e-0c94c9adafc3,COM-POL-00000218,75360.0000,2025-03-04,portal,2025-02-02T10:00:00+10:00,,
e74eb030-c021-52f6-bd1d-83c2127bb1c3,125bbdd1-36ce-5f61-836e-13fa1af040d9,45694d7d-1253-56e2-9504-8f5c348e0be7,,COM-POL-00000219,62.0000,2026-04-10,email_extract,2026-04-12T10:00:00+10:00,,
391e0c2d-3621-5334-9d06-f43621e99e51,125bbdd1-36ce-5f61-836e-13fa1af040d9,bc7d8145-21e4-5393-8c6d-cbecb9eaeb9f,524af191-6ac9-52bc-bdc8-2ae8d135092d,COM-POL-00000220,2040.0000,2026-05-31,portal,2026-05-16T10:00:00+10:00,,
35f1815f-97a9-5b90-9597-1d6899d47aff,125bbdd1-36ce-5f61-836e-13fa1af040d9,ea69a9e1-8a1f-5ed8-bb8d-7b38ab9ddbe3,3f9c75ae-6037-51e6-a0a7-d31954d94601,COM-POL-00000222,804.0000,2025-01-29,portal,2025-02-01T10:00:00+10:00,,
79e0bfa0-73cb-504b-9a07-984ea4f7b463,125bbdd1-36ce-5f61-836e-13fa1af040d9,8e267c4d-53d0-5cd1-9562-aaa9a5d390db,8596099d-4040-5ebe-ae43-5aef9371d68c,COM-POL-00000223,6240.0000,2024-09-20,portal,2024-09-13T10:00:00+10:00,,
28aa5cde-819c-557a-bb4e-6ffbfa71a007,125bbdd1-36ce-5f61-836e-13fa1af040d9,c30f42dd-18d6-58a3-9ebf-f777aa9e9143,a5c14427-372b-5a7f-a06c-a97d985ab162,COM-POL-00000224,2832.0000,2025-02-25,portal,2025-02-18T10:00:00+10:00,,
94ab7781-2da1-5885-89d9-18cebb8920c3,125bbdd1-36ce-5f61-836e-13fa1af040d9,4bda4646-48cb-5f85-85cf-4842b63395bd,,COM-POL-00000225,58080.0000,2026-01-03,portal,2025-12-30T10:00:00+10:00,,
5f089062-0e6f-5366-8030-9593a16a3427,125bbdd1-36ce-5f61-836e-13fa1af040d9,83f86a5b-7c01-5480-9dad-403de265dc11,cedb5b49-0dd7-5f1a-819d-edc6c5822fef,COM-POL-00000226,2400.0000,2024-10-09,email_extract,2024-09-26T10:00:00+10:00,,
3898358a-b5a2-57ab-827f-138674d98223,125bbdd1-36ce-5f61-836e-13fa1af040d9,fb856137-f680-538b-951b-be559e5af34b,80f36faf-115e-5fb7-a9bf-57ec9a4f506a,COM-POL-00000227,92.0000,2025-02-06,portal,2025-01-30T10:00:00+10:00,,
03f6b8fd-0a0f-5112-846c-9d7275158b06,125bbdd1-36ce-5f61-836e-13fa1af040d9,0aa69a85-defc-5f67-85a7-a0d8b7841d70,d9c864d0-9c54-5a4c-acc9-4174958b5261,COM-POL-00000228,6240.0000,2026-03-15,portal,2026-02-25T10:00:00+10:00,,
685bfaa6-cf7a-55e2-ad34-93caae7fa793,125bbdd1-36ce-5f61-836e-13fa1af040d9,2082e536-6068-5fe6-856a-20c451fd59e9,e52fbc6c-3106-5ef1-b0f3-3935c8c802d1,COM-POL-00000229,1848.0000,2026-01-19,portal,2026-01-03T10:00:00+10:00,,split_schedule
30f1cd34-e3e3-5d03-bf35-1798878e5783,125bbdd1-36ce-5f61-836e-13fa1af040d9,2d467a48-3bc0-5fc1-a2de-4dcd026bb5e0,,COM-POL-00000230,516.0000,2025-10-05,portal,2025-09-14T10:00:00+10:00,,
fb77b4ed-b726-52c0-b196-33bfe34420f2,125bbdd1-36ce-5f61-836e-13fa1af040d9,20ba59f3-1b38-53bc-bbf2-181166b52f9e,142631a6-cdb5-5138-9c40-f2d63df1da05,COM-POL-00000231,42.0000,2026-08-03,email_extract,2026-07-28T10:00:00+10:00,,
dc03745d-1711-571f-a724-8977383d3bf5,125bbdd1-36ce-5f61-836e-13fa1af040d9,5863a450-141c-52b2-8fc1-2c4f85ee9584,ec1cc67a-b879-5fd7-a270-25d6aabdc35e,COM-POL-00000232,3960.0000,2026-07-17,email_extract,2026-07-06T10:00:00+10:00,,
de8a549d-776e-59b3-b0a7-7114fb05dab0,125bbdd1-36ce-5f61-836e-13fa1af040d9,69a65c3d-a7ff-5cf9-88d3-bbdbb227db1f,eaf432df-7172-5b8e-9565-5e64a0300b2f,COM-POL-00000233,5064.0000,2026-06-29,portal,2026-06-27T10:00:00+10:00,,
6078664d-1bbb-54bb-a253-286f33d7a016,125bbdd1-36ce-5f61-836e-13fa1af040d9,67ef137e-c39a-5e4f-8c79-6e504a90a059,013a0663-5971-55a1-b4ad-81fe9d98de02,COM-POL-00000234,1140.0000,2026-06-22,portal,2026-06-03T10:00:00+10:00,,
e746b6ad-d786-5559-91cc-4fa106e590e5,125bbdd1-36ce-5f61-836e-13fa1af040d9,f693e7f8-8b66-5437-a2ad-0af47c8511ba,,COM-POL-00000235,35760.0000,2026-08-14,portal,2026-07-22T10:00:00+10:00,,
a385a676-5af0-58c6-98ed-71eb7a82ce64,125bbdd1-36ce-5f61-836e-13fa1af040d9,c23d9d48-d2e9-5905-875d-f7cbda995da5,bbe2143d-1ca9-5f61-b24c-9d7e86df4243,COM-POL-00000236,21120.0000,2026-06-22,portal,2026-06-05T10:00:00+10:00,,
17b52bcd-b8aa-59f8-9e8e-b88936484568,125bbdd1-36ce-5f61-836e-13fa1af040d9,5db09946-3506-5ce9-a2a3-6a726b8c4b94,25ddca43-24d3-5c2d-8a07-204434f77bef,COM-POL-00000237,173.0000,2026-07-01,portal,2026-06-23T10:00:00+10:00,,
673fe8b6-4070-5340-bd0c-8a3d22566e5b,125bbdd1-36ce-5f61-836e-13fa1af040d9,a96bc6d9-901a-5312-a24e-4c8f21580b7f,8e86645d-f260-5124-9e2b-a7d62df0be63,COM-POL-00000238,1272.0000,2026-08-12,portal,2026-07-21T10:00:00+10:00,,
703dffd1-4fed-517f-ab40-6d58158c964a,125bbdd1-36ce-5f61-836e-13fa1af040d9,34a36bf8-3ea7-5ede-a07b-642d7b72dafc,42aa93a1-f89f-5374-ad35-9c6ff7e49f46,COM-POL-00000239,1536.0000,2026-06-25,portal,2026-06-13T10:00:00+10:00,,split_schedule
f12bd082-0f92-5a9d-b1c2-ff93666a7cb3,125bbdd1-36ce-5f61-836e-13fa1af040d9,cb0a58cb-6d7d-505e-ab03-fda7308eba39,fda630da-a22d-59e9-9899-2cad1460e0e6,COM-POL-00000240,193.0000,2026-06-22,portal,2026-06-12T10:00:00+10:00,,
a75980e0-b6fb-51e2-84a2-8fcf8ee302e0,125bbdd1-36ce-5f61-836e-13fa1af040d9,84f967e7-b08d-56de-be1d-10dfdf0dc623,db9ba43c-ee8e-580e-bee6-a64a4b110dbc,COM-POL-00000241,154.0000,2026-07-18,portal,2026-07-09T10:00:00+10:00,,missing_inventory_signal;split_schedule
ae3f155c-dd87-5d05-be65-d63c925c794f,125bbdd1-36ce-5f61-836e-13fa1af040d9,1274e6f3-b6af-59f2-8b15-ec5273ce784b,a0cebf15-3773-5b0f-8a97-9e9b19b524b1,COM-POL-00000242,27840.0000,2026-07-06,portal,2026-06-28T10:00:00+10:00,,
841c5d1b-2098-5f38-a767-8be3a13954d1,125bbdd1-36ce-5f61-836e-13fa1af040d9,4f870043-6859-5bae-a261-596bfefeae64,4b417171-552c-541d-9427-c0ae93a1ff9f,COM-POL-00000243,180.0000,2026-08-14,portal,2026-07-26T10:00:00+10:00,,
a99e258d-993a-51f1-9272-61073cf7f4f6,125bbdd1-36ce-5f61-836e-13fa1af040d9,020bbbcf-ba14-5571-9371-84f63257bf60,0b79036d-f72d-521f-874d-2d723abbcc9c,COM-POL-00000244,3144.0000,2026-07-04,portal,2026-06-20T10:00:00+10:00,,split_schedule
b159f3e6-724f-5216-8700-bd16f665623f,125bbdd1-36ce-5f61-836e-13fa1af040d9,5096eb4b-57a6-5e02-9cb5-80fcce3dc454,ab31de6b-db9c-5805-ae5f-ea3b01441507,COM-POL-00000245,25.0000,2026-06-22,portal,2026-06-06T10:00:00+10:00,,split_schedule
d9894a5d-ae8b-53c9-99fb-35f7e420e6f5,125bbdd1-36ce-5f61-836e-13fa1af040d9,28e402f4-13cf-5b10-9fc1-61be6b12e430,73959a2e-8517-5580-be76-b6c96566fe55,COM-POL-00000246,2112.0000,2026-06-22,portal,2026-06-14T10:00:00+10:00,,split_schedule
39bd564e-8e47-51b8-9c90-6de106ef4dbe,125bbdd1-36ce-5f61-836e-13fa1af040d9,97b7ba0f-447c-5992-85e9-a76792aac805,,COM-POL-00000247,142.0000,2026-07-27,portal,2026-07-23T10:00:00+10:00,,
f3364eb2-d55f-5cfc-bcb7-e0f5c9eeb09f,125bbdd1-36ce-5f61-836e-13fa1af040d9,f562b0e3-e479-5200-845b-f38069e7f712,a3ba4afe-9f1d-5b3a-b2eb-24012f1cc3bc,COM-POL-00000249,600.0000,2026-06-22,portal,2026-06-04T10:00:00+10:00,,receipt_reversal
93640a60-ee0e-5e84-85f7-0af55dcfc405,125bbdd1-36ce-5f61-836e-13fa1af040d9,6245ccde-23ea-5459-93da-2823b8af6b90,cb51efe4-e2f0-56b3-8789-28db041e4684,COM-POL-00000250,9648.0000,2026-07-02,portal,2026-06-26T10:00:00+10:00,,supplier_commitment_breach
7efaa4fc-88c8-5121-b199-b79053e1fe49,125bbdd1-36ce-5f61-836e-13fa1af040d9,48ed627a-0055-5133-b9bc-111f2f7c28f3,9fc5e458-f153-54a0-883c-cc4a3184f57d,COM-POL-00000251,2160.0000,2026-07-22,portal,2026-07-08T10:00:00+10:00,,supplier_deterioration
ad6a3ac0-735f-5d53-b713-932421263369,125bbdd1-36ce-5f61-836e-13fa1af040d9,dd4499bf-56bf-5b8d-88bf-c7cc009b76b7,f2280e9b-5ab9-5f44-8a34-cb8719c1033a,COM-POL-00000252,130.0000,2026-08-14,portal,2026-07-29T10:00:00+10:00,,demand_shock
c01432f2-974b-5fc3-8502-411cb439c77e,125bbdd1-36ce-5f61-836e-13fa1af040d9,34a94756-0101-53d3-ae7f-b13beb47b1c9,317f5114-6d09-5395-9a4d-51317ed4f303,COM-POL-00000253,19680.0000,2026-08-14,portal,2026-07-19T10:00:00+10:00,,receipt_correction
d81a43cf-f026-58c1-ba5b-e7b7eb301bb5,125bbdd1-36ce-5f61-836e-13fa1af040d9,2164ee6f-8623-5da5-8c46-291823ffa56e,2afc763a-bd78-517b-b2ad-0f94ee6ee783,COM-POL-00000254,135.0000,2026-07-28,portal,2026-07-17T10:00:00+10:00,,split_schedule
7446aecc-6016-56f7-862e-90cd43cd4be5,125bbdd1-36ce-5f61-836e-13fa1af040d9,e352c6c8-f604-5992-8022-9093ab1ff4df,7ae2c4be-99f6-59fb-a6fb-7425fac7866d,COM-POL-00000255,14520.0000,2026-07-13,portal,2026-07-14T10:00:00+10:00,,inventory_reallocation_opportunity
c2079fe8-7a84-5ade-b8a0-c6cdb4a04e2f,125bbdd1-36ce-5f61-836e-13fa1af040d9,cdc0784f-19e1-507f-b963-e356d5f52824,2b5eaa1a-f1aa-5329-8539-3292c79f5749,COM-POL-00000256,2400.0000,2026-08-14,portal,2026-07-20T10:00:00+10:00,,false_positive_source_data_correction
1a1745e5-1315-54d8-9edd-24e96e21e834,125bbdd1-36ce-5f61-836e-13fa1af040d9,2c383d3a-d0b1-5dee-910d-a3b56916e241,,COM-POL-00000257,120.0000,2026-07-07,portal,2026-06-16T10:00:00+10:00,,overdue_critical_order
e290eae8-83e5-5678-911a-fde57dbef775,125bbdd1-36ce-5f61-836e-13fa1af040d9,c1c8f959-e8b1-5e8c-a79d-f8566f1057cd,,COM-POL-00000258,1152.0000,2026-06-22,portal,2026-06-04T10:00:00+10:00,,partial_receipt_remaining_exposure
9e005948-1106-530a-8d78-8591dfc8c027,125bbdd1-36ce-5f61-836e-13fa1af040d9,fba26f22-480f-545e-839a-f909ba148543,9e2f3cd1-e705-55aa-a50d-17d4a73d0a65,COM-POL-00000259,197.0000,2026-06-25,portal,2026-06-06T10:00:00+10:00,,missing_inventory_signal
