id,po_line_id,canonical_line_key,site_id,outcome_window_start,outcome_window_end,generator_version,seed_reference,material_late,attributed_stockout,adverse_baseline,adverse_realised,operational_impact,residual_exposure_quantity,urgent_intervention_required,disruption_severity,outcome_onset,observable_source_signal,opportunity_class,scenario_ids
749abf77-8b67-59f2-9932-a80df3f38993,bc1b72de-5c04-5c9e-a521-5dafe99d39ad,POL-00000001,83d1dcfc-cfa9-52c8-a5a3-cbb9679d5d59,2025-11-13,2026-01-04,1.0.0,1.0.0:20260720:outcome,false,false,false,false,none,0.0000,false,none,,false,true_negative_opportunity,
de83eeaa-bafe-51ed-8b45-c42861db67ea,3c7415da-2e3d-5d66-8de4-9ae45c8a5ef0,POL-00000002,cd80660b-3e07-58ef-88fb-4dfd4c14f755,2024-11-15,2025-01-05,1.0.0,1.0.0:20260720:outcome,true,false,true,true,moderate,487.1630,true,moderate,2024-12-05,true,true_positive_opportunity,
a51046d2-5884-50e6-8b35-e81d30df430b,c1ebeff0-1d0a-5b64-9b59-2f1d15ff8f42,POL-00000003,cd80660b-3e07-58ef-88fb-4dfd4c14f755,2025-02-15,2025-05-17,1.0.0,1.0.0:20260720:outcome,false,false,false,false,none,0.0000,false,none,,false,true_negative_opportunity,demand_shock
5eb15048-0e02-55d3-8c2b-446483b05d64,5f1ef0f1-e915-5eea-80fc-279e37c35736,POL-00000004,83d1dcfc-cfa9-52c8-a5a3-cbb9679d5d59,2024-12-22,2025-03-10,1.0.0,1.0.0:20260720:outcome,false,false,false,false,none,0.0000,false,none,,false,true_negative_opportunity,
c587c752-fc2e-5cbd-910f-4f6aff35a581,9bb31f47-5933-5c0b-96a9-a7cab9768925,POL-00000005,83d1dcfc-cfa9-52c8-a5a3-cbb9679d5d59,2025-06-07,2025-08-24,1.0.0,1.0.0:20260720:outcome,false,false,false,false,none,0.0000,false,none,,false,true_negative_opportunity,
3ad5b460-63d5-5a77-a381-03737030e81f,169c8472-68ac-5f94-a83e-4407991dbbed,POL-00000006,83d1dcfc-cfa9-52c8-a5a3-cbb9679d5d59,2024-08-17,2024-10-30,1.0.0,1.0.0:20260720:outcome,true,false,true,true,moderate,293.6130,true,moderate,2024-10-03,false,false_negative_opportunity,
b2cd4cff-b777-5805-ad3b-39655574efb6,a6f46d12-2805-52d3-813c-4a7419e40b54,POL-00000007,83d1dcfc-cfa9-52c8-a5a3-cbb9679d5d59,2024-10-21,2024-12-12,1.0.0,1.0.0:20260720:outcome,false,false,false,false,none,0.0000,false,none,,false,true_negative_opportunity,
799fd7f7-1415-543e-aaf9-a830abaac895,6b9730b6-21eb-505f-a45d-9c57d3c86fc7,POL-00000008,cd80660b-3e07-58ef-88fb-4dfd4c14f755,2026-01-24,2026-04-10,1.0.0,1.0.0:20260720:outcome,false,false,false,false,none,0.0000,false,none,,true,false_positive_opportunity,split_schedule
26454a34-e6e6-5752-bf73-5f9e06c4f8b2,79420c16-afb5-56df-a2b4-d93e71e71f5d,POL-00000009,83d1dcfc-cfa9-52c8-a5a3-cbb9679d5d59,2025-11-03,2025-12-15,1.0.0,1.0.0:20260720:outcome,false,false,false,false,none,0.0000,false,none,,false,true_negative_opportunity,
7cec9365-7e81-5478-b7a2-c81a0686abb8,a0a10f6d-12c8-5674-9741-c3731075b0f2,POL-00000010,83d1dcfc-cfa9-52c8-a5a3-cbb9679d5d59,2025-03-20,2025-06-30,1.0.0,1.0.0:20260720:outcome,false,false,false,false,none,0.0000,false,none,,false,true_negative_opportunity,split_schedule
685fd01a-285a-5a6d-8213-b731573c36ef,3db4fcb7-69b2-5566-942b-e7d4c58dee1e,POL-00000011,83d1dcfc-cfa9-52c8-a5a3-cbb9679d5d59,2024-10-12,2024-12-10,1.0.0,1.0.0:20260720:outcome,false,false,false,false,none,0.0000,false,none,,false,true_negative_opportunity,missing_supplier_signal;split_schedule
3998104a-95b0-5174-bf39-442ed9aad2b4,34441233-560b-5b65-a286-5108f76a33ef,POL-00000012,cd80660b-3e07-58ef-88fb-4dfd4c14f755,2025-08-17,2025-10-31,1.0.0,1.0.0:20260720:outcome,false,false,false,false,none,0.0000,false,none,,false,true_negative_opportunity,
1cb99a4e-2683-53a1-9a5c-feae2f8d220d,25187d66-acb0-5687-9e42-b33e6a037e1c,POL-00000013,83d1dcfc-cfa9-52c8-a5a3-cbb9679d5d59,2025-03-16,2025-06-01,1.0.0,1.0.0:20260720:outcome,false,false,false,false,none,0.0000,false,none,,false,true_negative_opportunity,
2ef9a6bc-0435-58e8-af43-85d6cae28409,08744c8d-0e61-5f54-b4a6-d04b0ab974a6,POL-00000014,83d1dcfc-cfa9-52c8-a5a3-cbb9679d5d59,2025-05-26,2025-07-16,1.0.0,1.0.0:20260720:outcome,false,false,false,false,none,0.0000,false,none,,false,true_negative_opportunity,demand_shock
f22b866a-1888-54f3-b8b2-9af61e6fe465,c5ca62a4-2f0f-5b33-806a-6be8fce15bf5,POL-00000015,cd80660b-3e07-58ef-88fb-4dfd4c14f755,2025-05-25,2025-08-15,1.0.0,1.0.0:20260720:outcome,false,false,false,false,none,0.0000,false,none,,false,true_negative_opportunity,
6f38445c-d545-54e4-b325-5d88c08ce24e,e05643b4-50bf-5570-ae8b-26fb0498c7ed,POL-00000016,cd80660b-3e07-58ef-88fb-4dfd4c14f755,2024-10-09,2024-12-26,1.0.0,1.0.0:20260720:outcome,false,false,false,false,none,0.0000,false,none,,false,true_negative_opportunity,missing_inventory_signal
7b4cd4cb-9061-5218-82ba-fc9505dd9876,3b61bbac-32ae-53ef-a93b-14c36ce3f69e,POL-00000017,cd80660b-3e07-58ef-88fb-4dfd4c14f755,2025-03-18,2025-05-25,1.0.0,1.0.0:20260720:outcome,false,false,false,false,none,0.0000,false,none,,false,true_negative_opportunity,missing_inventory_signal
c4142682-dff2-5f7f-bb5c-5a51266e589b,fbc77c24-ce2c-5380-80fc-2c89e3eabce8,POL-00000018,cd80660b-3e07-58ef-88fb-4dfd4c14f755,2025-05-06,2025-08-18,1.0.0,1.0.0:20260720:outcome,false,false,false,false,none,0.0000,false,none,,false,true_negative_opportunity,
41e58f00-99cd-5b0a-90a0-8551dd539bef,b0ee4c5a-a8c3-5b7a-b085-850298a7b7e1,POL-00000019,83d1dcfc-cfa9-52c8-a5a3-cbb9679d5d59,2024-09-04,2024-10-30,1.0.0,1.0.0:20260720:outcome,false,false,false,false,none,0.0000,false,none,,false,true_negative_opportunity,
11894f42-adb4-53d3-a380-f05f33b48260,ec607270-f5c5-5f93-82ba-c63e80a5f2b4,POL-00000020,83d1dcfc-cfa9-52c8-a5a3-cbb9679d5d59,2025-03-26,2025-07-10,1.0.0,1.0.0:20260720:outcome,false,false,false,false,none,0.0000,false,none,,false,true_negative_opportunity,
a40dcb5f-71fa-5a64-90aa-e97ba7306cac,f66a333a-1041-5291-a7dd-abd95a50b8b1,POL-00000021,cd80660b-3e07-58ef-88fb-4dfd4c14f755,2024-12-15,2025-02-27,1.0.0,1.0.0:20260720:outcome,false,false,false,false,none,0.0000,false,none,,false,true_negative_opportunity,
32696448-a6a2-5b26-9dc1-c3be21cc7686,b718bd51-ed12-52f8-956f-2efc43f07066,POL-00000022,cd80660b-3e07-58ef-88fb-4dfd4c14f755,2025-08-13,2025-10-15,1.0.0,1.0.0:20260720:outcome,false,false,false,false,none,0.0000,false,none,,false,true_negative_opportunity,
c4a16918-a94c-529e-b6fe-6f9aa85f07cf,fd8fdabe-4ad7-5d84-b597-bf2fff4848fb,POL-00000023,83d1dcfc-cfa9-52c8-a5a3-cbb9679d5d59,2025-11-05,2026-02-11,1.0.0,1.0.0:20260720:outcome,false,false,false,false,none,0.0000,false,none,,false,true_negative_opportunity,
4c7261ec-555e-568b-a142-cfb5c362a8a2,d22827f7-a7bf-5bd2-bf0b-a5a1083a39fa,POL-00000024,83d1dcfc-cfa9-52c8-a5a3-cbb9679d5d59,2025-02-02,2025-04-10,1.0.0,1.0.0:20260720:outcome,true,false,true,true,moderate,25.9216,true,moderate,2025-03-09,true,true_positive_opportunity,supplier_deterioration
bfcde1be-7bc1-5508-b2e9-67b0601f60c7,80d83a2c-f968-5bd4-8921-b6de7fbf49c4,POL-00000025,83d1dcfc-cfa9-52c8-a5a3-cbb9679d5d59,2024-10-04,2024-12-15,1.0.0,1.0.0:20260720:outcome,false,true,true,true,low,24.4192,false,low,2024-11-14,true,true_positive_opportunity,demand_shock;split_schedule
b558ac8b-ee62-5415-a4bf-f62b08b84c78,06cfe717-1ad3-594f-a89d-87ce247576d3,POL-00000026,cd80660b-3e07-58ef-88fb-4dfd4c14f755,2026-01-11,2026-04-29,1.0.0,1.0.0:20260720:outcome,false,false,false,false,none,0.0000,false,none,,false,true_negative_opportunity,split_schedule
ef8983bd-3bca-5a0d-ae4b-b07ee26b48aa,47145abc-775b-5315-91bd-88821a91f93f,POL-00000027,83d1dcfc-cfa9-52c8-a5a3-cbb9679d5d59,2026-02-07,2026-04-27,1.0.0,1.0.0:20260720:outcome,false,false,false,false,none,0.0000,false,none,,false,true_negative_opportunity,
fadd33d6-55e2-53cb-bb12-197ea5d450c6,98b839a9-1729-5594-9052-7c1aeab0e49f,POL-00000028,cd80660b-3e07-58ef-88fb-4dfd4c14f755,2025-03-30,2025-05-07,1.0.0,1.0.0:20260720:outcome,false,false,false,false,none,0.0000,false,none,,false,true_negative_opportunity,
fce80c03-ef88-53c7-a0ce-ab54bbca85e3,1bf76ce1-1bb3-5c61-ad18-3158ab3ad95f,POL-00000029,cd80660b-3e07-58ef-88fb-4dfd4c14f755,2026-03-23,2026-04-29,1.0.0,1.0.0:20260720:outcome,false,false,false,false,none,0.0000,false,none,,false,true_negative_opportunity,
956f8d39-9fb4-5167-b730-73afd7d9c77a,195f6276-08bb-5bce-b97e-105457612217,POL-00000030,83d1dcfc-cfa9-52c8-a5a3-cbb9679d5d59,2025-07-24,2025-09-12,1.0.0,1.0.0:20260720:outcome,false,false,false,false,none,0.0000,false,none,,false,true_negative_opportunity,missing_inventory_signal
625281e4-cba0-5d97-a662-7c3e98bec6ff,c462ad18-3ac3-55ba-9e84-884e1028f93a,POL-00000031,83d1dcfc-cfa9-52c8-a5a3-cbb9679d5d59,2025-07-02,2025-09-21,1.0.0,1.0.0:20260720:outcome,true,false,true,true,moderate,7.2272,true,moderate,2025-08-20,false,false_negative_opportunity,
40f6dffa-6a05-57e7-a78f-514b2745d9b8,0011c8b0-49e0-54b0-b611-a326d9a531f5,POL-00000032,83d1dcfc-cfa9-52c8-a5a3-cbb9679d5d59,2024-10-15,2024-11-23,1.0.0,1.0.0:20260720:outcome,false,false,false,false,none,0.0000,false,none,,false,true_negative_opportunity,demand_shock
836708db-8ad6-505a-99dc-58ddac0feace,d17b1755-7202-55ed-9061-0f3d2c004bb4,POL-00000033,cd80660b-3e07-58ef-88fb-4dfd4c14f755,2025-11-15,2026-01-24,1.0.0,1.0.0:20260720:outcome,false,false,false,false,none,0.0000,false,none,,false,true_negative_opportunity,
572900a1-caa7-552c-9bbd-561185d0b437,fd59b3a2-4e5c-5d79-a6eb-5df370c7cab3,POL-00000034,cd80660b-3e07-58ef-88fb-4dfd4c14f755,2026-02-07,2026-04-15,1.0.0,1.0.0:20260720:outcome,false,false,false,false,none,0.0000,false,none,,false,true_negative_opportunity,
6cf31028-cb64-50ec-aa89-ef78e9f8e0e5,ac5d1971-a942-5f45-8a71-1e4c34dcc0e0,POL-00000035,cd80660b-3e07-58ef-88fb-4dfd4c14f755,2025-08-09,2025-10-02,1.0.0,1.0.0:20260720:outcome,false,false,false,false,none,0.0000,false,none,,false,true_negative_opportunity,
b67e151a-27a8-5331-910e-8409b6910f9c,2f5b3101-e6ae-565e-952d-dd4a1f9d3dd5,POL-00000036,83d1dcfc-cfa9-52c8-a5a3-cbb9679d5d59,2025-12-19,2026-03-10,1.0.0,1.0.0:20260720:outcome,false,false,false,false,none,0.0000,false,none,,false,true_negative_opportunity,
fc723a6b-5762-55e1-913e-783d5a29f6c5,be4699fb-24f2-5244-98aa-bca3fe216696,POL-00000037,83d1dcfc-cfa9-52c8-a5a3-cbb9679d5d59,2024-11-07,2025-01-14,1.0.0,1.0.0:20260720:outcome,true,false,true,true,low,3375.0175,false,low,2024-12-18,true,true_positive_opportunity,split_schedule
2588cede-dbae-52d0-b625-7af614fd3855,fb3447b6-0c01-5b9e-8ef2-3bbc0617c190,POL-00000038,cd80660b-3e07-58ef-88fb-4dfd4c14f755,2026-03-11,2026-06-17,1.0.0,1.0.0:20260720:outcome,false,false,false,false,none,0.0000,false,none,,true,false_positive_opportunity,split_schedule
6eb7219c-d258-5200-b058-1214728c3262,a00c208a-f092-5a8d-ba9d-bc4b9abf710d,POL-00000039,cd80660b-3e07-58ef-88fb-4dfd4c14f755,2025-04-14,2025-05-22,1.0.0,1.0.0:20260720:outcome,false,false,false,false,none,0.0000,false,none,,false,true_negative_opportunity,
8a817b9b-7b0f-55c1-afb6-e54c11e54cc5,e4580ee9-c958-5e49-8a90-a7245ac1bdc9,POL-00000040,83d1dcfc-cfa9-52c8-a5a3-cbb9679d5d59,2026-03-05,2026-05-06,1.0.0,1.0.0:20260720:outcome,false,false,false,false,none,0.0000,false,none,,false,true_negative_opportunity,
009b140b-744d-566f-a3b9-251c5bedcd60,e8c1edd8-91d7-5faa-b016-b04e73ca09ff,POL-00000041,83d1dcfc-cfa9-52c8-a5a3-cbb9679d5d59,2025-01-21,2025-03-26,1.0.0,1.0.0:20260720:outcome,false,false,false,false,none,0.0000,false,none,,true,false_positive_opportunity,
37018655-7704-586d-b3aa-497e48a80fe2,ce11f1e1-7d3d-51fc-9a8f-e4e3942c531c,POL-00000042,83d1dcfc-cfa9-52c8-a5a3-cbb9679d5d59,2025-11-17,2026-02-19,1.0.0,1.0.0:20260720:outcome,false,false,false,false,none,0.0000,false,none,,false,true_negative_opportunity,
68b6884c-b0bf-52ec-a4ca-0e3ca429e2a7,8d48c95d-aa17-551b-9dab-c5013cba4766,POL-00000043,cd80660b-3e07-58ef-88fb-4dfd4c14f755,2024-10-20,2024-12-17,1.0.0,1.0.0:20260720:outcome,false,false,false,false,none,0.0000,false,none,,false,true_negative_opportunity,
cc0b44aa-ae47-5764-8bd9-32498d43e13b,48371b30-3edd-53dc-9c05-07084ba3c371,POL-00000044,cd80660b-3e07-58ef-88fb-4dfd4c14f755,2026-03-22,2026-05-12,1.0.0,1.0.0:20260720:outcome,false,false,false,false,none,0.0000,false,none,,false,true_negative_opportunity,
37141048-3773-5128-a5a9-1788209084ac,1da9178b-18a7-5908-8654-cdfdbdef1e0b,POL-00000045,cd80660b-3e07-58ef-88fb-4dfd4c14f755,2025-03-24,2025-05-17,1.0.0,1.0.0:20260720:outcome,false,false,false,false,none,0.0000,false,none,,false,true_negative_opportunity,
d797263e-f4f3-5587-a95c-39b19eb25e11,5d1de95a-e527-55df-8506-5944f16a4d1a,POL-00000046,cd80660b-3e07-58ef-88fb-4dfd4c14f755,2025-01-19,2025-04-21,1.0.0,1.0.0:20260720:outcome,false,false,false,false,none,0.0000,false,none,,false,true_negative_opportunity,
cda37a35-0823-5381-aeca-1c866e0de907,268047c5-7bb6-5a2c-8413-c4bf1828da77,POL-00000047,cd80660b-3e07-58ef-88fb-4dfd4c14f755,2025-02-11,2025-05-14,1.0.0,1.0.0:20260720:outcome,false,false,false,false,none,0.0000,false,none,,false,true_negative_opportunity,
391b3667-305a-5ec2-816c-d06f7f9c527f,aa536455-e8a9-50ac-addd-12bc7d8439df,POL-00000048,83d1dcfc-cfa9-52c8-a5a3-cbb9679d5d59,2026-01-11,2026-04-10,1.0.0,1.0.0:20260720:outcome,false,false,false,false,none,0.0000,false,none,,false,true_negative_opportunity,split_schedule
18bb514b-755b-578a-b816-11053c9946d2,40e2419c-574f-5c46-8acf-f4d6780f7cd3,POL-00000049,cd80660b-3e07-58ef-88fb-4dfd4c14f755,2026-02-26,2026-06-06,1.0.0,1.0.0:20260720:outcome,false,false,false,false,none,0.0000,false,none,,false,true_negative_opportunity,
a34d44ba-db0b-5956-8aee-7eba20a53301,672a6653-9c5d-540d-bc1e-d6aa60560389,POL-00000050,cd80660b-3e07-58ef-88fb-4dfd4c14f755,2024-08-06,2024-09-19,1.0.0,1.0.0:20260720:outcome,false,false,false,false,none,0.0000,false,none,,false,true_negative_opportunity,missing_supplier_signal
0e40a0d0-0be7-5c99-8304-e0d608a77158,98c09698-fcb6-5a1d-bb96-2c45722b59cc,POL-00000051,83d1dcfc-cfa9-52c8-a5a3-cbb9679d5d59,2024-08-15,2024-09-30,1.0.0,1.0.0:20260720:outcome,false,false,false,false,none,0.0000,false,none,,false,true_negative_opportunity,demand_shock
db6f24b3-99b9-550b-806c-9aaff090a159,17cbb4fb-943b-5ea5-80a5-bb5ae59cca9e,POL-00000052,cd80660b-3e07-58ef-88fb-4dfd4c14f755,2025-10-09,2026-01-11,1.0.0,1.0.0:20260720:outcome,false,false,false,false,none,0.0000,false,none,,false,true_negative_opportunity,
2b76811b-60b4-5029-ad84-b79037cbf0ad,19348610-5606-568b-86e0-9fcac79abd51,POL-00000053,83d1dcfc-cfa9-52c8-a5a3-cbb9679d5d59,2024-08-22,2024-11-26,1.0.0,1.0.0:20260720:outcome,true,false,true,true,moderate,480.6405,true,moderate,2024-10-31,true,true_positive_opportunity,
cb3e8d64-57ee-5635-9231-2c3114364e3c,5c25d575-9588-525c-b788-cb817421c9a7,POL-00000054,cd80660b-3e07-58ef-88fb-4dfd4c14f755,2025-10-30,2026-01-20,1.0.0,1.0.0:20260720:outcome,false,false,false,false,none,0.0000,false,none,,false,true_negative_opportunity,split_schedule
4807c665-5fe9-558e-a88d-e2fdff485a6c,39c700e7-e8e3-5dfb-931c-5cacc743cbd9,POL-00000055,cd80660b-3e07-58ef-88fb-4dfd4c14f755,2025-08-29,2025-10-18,1.0.0,1.0.0:20260720:outcome,true,false,true,true,moderate,1762.5087,true,moderate,2025-09-21,true,true_positive_opportunity,
b4a4eb85-33c4-53a7-923f-44c66665fc0c,aede0822-2f3d-58fa-bcde-67c948375d9a,POL-00000056,83d1dcfc-cfa9-52c8-a5a3-cbb9679d5d59,2025-10-13,2025-11-26,1.0.0,1.0.0:20260720:outcome,false,false,false,false,none,0.0000,false,none,,false,true_negative_opportunity,
41e78f01-c4d3-59f6-9403-6ce286211b18,9ce6418b-2170-565b-937f-4a40f24ad836,POL-00000057,83d1dcfc-cfa9-52c8-a5a3-cbb9679d5d59,2025-01-12,2025-03-25,1.0.0,1.0.0:20260720:outcome,false,false,false,false,none,0.0000,false,none,,false,true_negative_opportunity,missing_supplier_signal
aa4970fb-ac35-5c47-9f8d-411f3d5a1457,9c527f33-028f-5d47-bae6-724120323b24,POL-00000058,83d1dcfc-cfa9-52c8-a5a3-cbb9679d5d59,2025-10-04,2025-12-29,1.0.0,1.0.0:20260720:outcome,false,false,false,false,none,0.0000,false,none,,false,true_negative_opportunity,demand_shock;missing_supplier_signal
5dab2690-5d25-5799-94e1-3bbf8b284eed,892f7ae3-ffbb-56a8-8b27-eb482fe89442,POL-00000059,cd80660b-3e07-58ef-88fb-4dfd4c14f755,2025-12-08,2026-03-18,1.0.0,1.0.0:20260720:outcome,false,false,false,false,none,0.0000,false,none,,false,true_negative_opportunity,supplier_deterioration
eec6996d-ad8f-5b85-aaa8-2ba8d8a74ba4,8e6266e1-0d57-5a73-91cd-49f77a77c869,POL-00000060,83d1dcfc-cfa9-52c8-a5a3-cbb9679d5d59,2025-02-19,2025-04-27,1.0.0,1.0.0:20260720:outcome,true,false,true,true,moderate,18492.8402,true,moderate,2025-04-01,true,true_positive_opportunity,supplier_deterioration
7e98263b-871f-5c6b-abcb-1d944c8c4eb5,aa298ba8-ff19-58fb-936b-99006e553db4,POL-00000061,cd80660b-3e07-58ef-88fb-4dfd4c14f755,2024-09-25,2024-11-17,1.0.0,1.0.0:20260720:outcome,false,false,false,false,none,0.0000,false,none,,true,false_positive_opportunity,
83223134-1f6a-5196-b809-da348ea28eb5,bf27940f-7320-5d0f-be59-ce3a9a08920c,POL-00000062,cd80660b-3e07-58ef-88fb-4dfd4c14f755,2024-07-31,2024-09-27,1.0.0,1.0.0:20260720:outcome,false,false,false,false,none,0.0000,false,none,,false,true_negative_opportunity,
5631133c-be5e-5827-83ac-2887a052631d,58e65b23-7b42-562c-9d22-f9a1eef929e9,POL-00000063,83d1dcfc-cfa9-52c8-a5a3-cbb9679d5d59,2025-03-25,2025-05-07,1.0.0,1.0.0:20260720:outcome,false,false,false,false,none,0.0000,false,none,,false,true_negative_opportunity,
eda989f6-c1cb-5f50-bcdd-12dd5bfa8d70,79058de5-6ced-5adc-801f-2adc8b6a1aae,POL-00000064,83d1dcfc-cfa9-52c8-a5a3-cbb9679d5d59,2025-06-14,2025-08-05,1.0.0,1.0.0:20260720:outcome,false,false,false,false,none,0.0000,false,none,,false,true_negative_opportunity,split_schedule
2cd94636-dad2-5dc1-a472-50bca622476d,62da9cca-e860-54c6-bc92-f23053841f10,POL-00000065,cd80660b-3e07-58ef-88fb-4dfd4c14f755,2025-04-06,2025-05-28,1.0.0,1.0.0:20260720:outcome,false,false,false,false,none,0.0000,false,none,,false,true_negative_opportunity,split_schedule
9754feb6-2838-5b04-8105-05c1c33c8f34,835b1afa-e602-50be-8f14-ad2dab6dbd0c,POL-00000066,83d1dcfc-cfa9-52c8-a5a3-cbb9679d5d59,2025-11-03,2026-01-25,1.0.0,1.0.0:20260720:outcome,false,false,false,false,none,0.0000,false,none,,false,true_negative_opportunity,demand_shock
a8fafd0f-cd3c-5aee-a3c1-dee8f1f3849f,1bce04b7-af7d-5240-bb17-283c06d07e2c,POL-00000067,cd80660b-3e07-58ef-88fb-4dfd4c14f755,2025-02-05,2025-04-28,1.0.0,1.0.0:20260720:outcome,false,false,false,false,none,0.0000,false,none,,false,true_negative_opportunity,demand_shock
98613af2-d368-581e-97c0-53d233cc66bb,edfacbfe-c0e9-5b83-8a88-ea2ddade2505,POL-00000068,cd80660b-3e07-58ef-88fb-4dfd4c14f755,2025-10-02,2025-11-12,1.0.0,1.0.0:20260720:outcome,false,false,false,false,none,0.0000,false,none,,false,true_negative_opportunity,
4ad8362f-2e90-5701-9405-c3117389b39c,e26658c5-824d-5ebd-a362-95b01d88784a,POL-00000069,83d1dcfc-cfa9-52c8-a5a3-cbb9679d5d59,2026-03-13,2026-05-06,1.0.0,1.0.0:20260720:outcome,false,false,false,false,none,0.0000,false,none,,true,false_positive_opportunity,
8414a4aa-c350-5f17-a2a8-4fd5ab239e03,badea73f-2fb7-5106-b94b-ddad16222504,POL-00000070,cd80660b-3e07-58ef-88fb-4dfd4c14f755,2026-01-06,2026-03-15,1.0.0,1.0.0:20260720:outcome,false,false,false,false,none,0.0000,false,none,,false,true_negative_opportunity,
908f1727-0c7c-5c68-af0a-a36d894459e7,63e8d0b5-1cdb-594b-a6f2-cf99b8ccc40c,POL-00000071,cd80660b-3e07-58ef-88fb-4dfd4c14f755,2025-04-15,2025-06-29,1.0.0,1.0.0:20260720:outcome,false,false,false,false,none,0.0000,false,none,,false,true_negative_opportunity,missing_supplier_signal
a2a58997-d57c-529a-a476-3eb9beb766e1,a47fefeb-7ed5-5842-a4bc-7f2387f48323,POL-00000072,83d1dcfc-cfa9-52c8-a5a3-cbb9679d5d59,2026-02-27,2026-05-20,1.0.0,1.0.0:20260720:outcome,false,false,false,false,none,0.0000,false,none,,false,true_negative_opportunity,demand_shock
b675c243-a97b-5c79-b9b1-dc3a28b48c95,ae167c82-e1e3-5f71-a79c-b7bd04602684,POL-00000073,83d1dcfc-cfa9-52c8-a5a3-cbb9679d5d59,2026-04-20,2026-07-09,1.0.0,1.0.0:20260720:outcome,false,false,false,false,none,0.0000,false,none,,false,true_negative_opportunity,split_schedule
24478a3a-611d-5505-aca6-2a6aca239cb3,bf65fab1-9bb1-5c27-8057-6245bcb4145f,POL-00000074,cd80660b-3e07-58ef-88fb-4dfd4c14f755,2025-04-16,2025-06-22,1.0.0,1.0.0:20260720:outcome,false,false,false,false,none,0.0000,false,none,,true,false_positive_opportunity,
5ce27b94-fec3-5e80-a88f-f9056d1a7ca1,95d2075c-06f6-5921-b556-b3801af2cc97,POL-00000075,83d1dcfc-cfa9-52c8-a5a3-cbb9679d5d59,2025-09-18,2025-12-27,1.0.0,1.0.0:20260720:outcome,true,false,true,true,low,6404.5080,false,low,2025-11-28,false,false_negative_opportunity,demand_shock;missing_supplier_signal;supplier_deterioration
07a14be3-c505-5976-8e89-ce791036f4fe,c2e4bc54-bb14-5994-9714-79dedadc7d5a,POL-00000076,cd80660b-3e07-58ef-88fb-4dfd4c14f755,2024-08-17,2024-11-04,1.0.0,1.0.0:20260720:outcome,false,false,false,false,none,0.0000,false,none,,false,true_negative_opportunity,
85a35084-2a08-5f77-8bf8-1ceae8fb9c71,51029d3e-8bcf-552b-ab8e-73a61667720c,POL-00000077,83d1dcfc-cfa9-52c8-a5a3-cbb9679d5d59,2025-05-18,2025-07-11,1.0.0,1.0.0:20260720:outcome,false,false,false,false,none,0.0000,false,none,,true,false_positive_opportunity,
6fdf571e-a8a8-55a6-9be7-dcd6ef5c6fae,e411fb3a-577f-59d7-9270-d71cfb9f857f,POL-00000078,83d1dcfc-cfa9-52c8-a5a3-cbb9679d5d59,2025-11-26,2026-02-28,1.0.0,1.0.0:20260720:outcome,false,false,false,false,none,0.0000,false,none,,true,false_positive_opportunity,
9cbd8cd3-95e9-5c92-b14a-b17d375970fb,b3ad5c07-0879-50eb-8b63-c914819f4557,POL-00000079,cd80660b-3e07-58ef-88fb-4dfd4c14f755,2024-11-13,2025-02-15,1.0.0,1.0.0:20260720:outcome,false,false,false,false,none,0.0000,false,none,,false,true_negative_opportunity,
1f09e393-d51b-5bb2-8017-824914b4f450,908e4463-b10d-5c8b-bb53-54aea6287028,POL-00000080,83d1dcfc-cfa9-52c8-a5a3-cbb9679d5d59,2025-09-13,2025-11-07,1.0.0,1.0.0:20260720:outcome,true,false,true,true,low,12233.5506,false,low,2025-10-08,false,false_negative_opportunity,
35351c6d-2f61-5a09-8842-50609b0eb356,f16f9758-c3b7-5fdc-a33e-bbf4795057a8,POL-00000081,83d1dcfc-cfa9-52c8-a5a3-cbb9679d5d59,2025-08-12,2025-10-24,1.0.0,1.0.0:20260720:outcome,false,false,false,false,none,0.0000,false,none,,false,true_negative_opportunity,
d78a1e8e-98b0-5dd9-82a7-281c49710d87,71a874ad-7418-5660-a76c-cb742a43eef2,POL-00000082,83d1dcfc-cfa9-52c8-a5a3-cbb9679d5d59,2025-05-26,2025-08-14,1.0.0,1.0.0:20260720:outcome,false,false,false,false,none,0.0000,false,none,,false,true_negative_opportunity,
d77f598a-79f7-5b34-b550-52cdd6cd31b0,52c00efb-e404-51dd-b010-f330cd8675df,POL-00000083,cd80660b-3e07-58ef-88fb-4dfd4c14f755,2026-02-05,2026-03-28,1.0.0,1.0.0:20260720:outcome,false,false,false,false,none,0.0000,false,none,,false,true_negative_opportunity,split_schedule
b54264e9-e494-5994-a80a-d1662b31fc53,e067cf82-399c-5a02-a0ab-60a00039a528,POL-00000084,83d1dcfc-cfa9-52c8-a5a3-cbb9679d5d59,2025-07-21,2025-08-30,1.0.0,1.0.0:20260720:outcome,false,false,false,false,none,0.0000,false,none,,false,true_negative_opportunity,
9cb2fe3c-2f23-508d-9d53-16777319ffd8,7093b327-e34d-52b4-8804-c7205737e0d1,POL-00000085,cd80660b-3e07-58ef-88fb-4dfd4c14f755,2025-12-22,2026-02-22,1.0.0,1.0.0:20260720:outcome,false,false,false,false,none,0.0000,false,none,,true,false_positive_opportunity,
c7704146-11ed-583c-be80-6734087755a2,c3977d7b-a25a-5238-a4b2-dd1730c3a4c6,POL-00000086,cd80660b-3e07-58ef-88fb-4dfd4c14f755,2025-01-11,2025-03-09,1.0.0,1.0.0:20260720:outcome,false,false,false,false,none,0.0000,false,none,,false,true_negative_opportunity,
a6368075-9fb1-51bd-aa4d-3e4f07c422ed,1986de63-67d9-5898-82f3-586c85389f7d,POL-00000087,cd80660b-3e07-58ef-88fb-4dfd4c14f755,2025-12-30,2026-03-15,1.0.0,1.0.0:20260720:outcome,false,false,false,false,none,0.0000,false,none,,false,true_negative_opportunity,
17872c6b-036b-5d50-9191-422fadf7ca51,79bd8471-f158-56c5-b380-bf24d630bbc4,POL-00000088,83d1dcfc-cfa9-52c8-a5a3-cbb9679d5d59,2024-11-12,2025-01-07,1.0.0,1.0.0:20260720:outcome,false,true,true,false,low,5222.9095,false,low,2024-12-07,true,true_positive_opportunity,
e5f623d8-2ebb-50e9-8a1b-e222ab65b18a,e2dc985e-3d7b-5249-8649-eb730712172d,POL-00000089,cd80660b-3e07-58ef-88fb-4dfd4c14f755,2025-01-06,2025-04-06,1.0.0,1.0.0:20260720:outcome,true,false,true,true,low,2775.1924,false,low,2025-03-05,true,true_positive_opportunity,demand_shock
79a73717-60d7-5d6b-9db1-7509d6c93731,9cc258ce-8584-5d52-bc8c-7e5177de3100,POL-00000090,83d1dcfc-cfa9-52c8-a5a3-cbb9679d5d59,2024-09-26,2024-11-14,1.0.0,1.0.0:20260720:outcome,false,false,false,false,none,0.0000,false,none,,false,true_negative_opportunity,
5694a74e-861c-5c4d-9834-073faaaa3829,84c77b48-cd90-57da-93fa-6524adc2ca64,POL-00000091,83d1dcfc-cfa9-52c8-a5a3-cbb9679d5d59,2025-11-30,2026-01-16,1.0.0,1.0.0:20260720:outcome,false,true,true,true,severe,1109.6349,true,severe,2025-12-15,true,true_positive_opportunity,split_schedule
f4e982a9-b52e-5352-9121-e6c0595046ea,dcdefc65-3772-584c-b071-3715bcd1f4ab,POL-00000092,83d1dcfc-cfa9-52c8-a5a3-cbb9679d5d59,2026-04-09,2026-05-31,1.0.0,1.0.0:20260720:outcome,false,false,false,false,none,0.0000,false,none,,false,true_negative_opportunity,split_schedule
0113bf0a-81bb-5dc5-b99e-efa407c53a44,929837a9-fc2f-58b0-b586-e9d5549c4bf7,POL-00000093,83d1dcfc-cfa9-52c8-a5a3-cbb9679d5d59,2025-11-21,2026-01-25,1.0.0,1.0.0:20260720:outcome,false,false,false,false,none,0.0000,false,none,,false,true_negative_opportunity,
391c8d0a-ed66-54fb-ad7f-bcc6121b9c32,f3dfe35e-3f70-59b9-811b-0e6a79cc3a9f,POL-00000094,83d1dcfc-cfa9-52c8-a5a3-cbb9679d5d59,2024-11-04,2025-01-13,1.0.0,1.0.0:20260720:outcome,false,false,false,false,none,0.0000,false,none,,false,true_negative_opportunity,
73e2a0c6-b364-5814-94d2-d5632390b692,02f68fdb-1945-57a8-bbbe-aa77be70e9d4,POL-00000095,83d1dcfc-cfa9-52c8-a5a3-cbb9679d5d59,2025-03-29,2025-05-27,1.0.0,1.0.0:20260720:outcome,false,false,false,false,none,0.0000,false,none,,false,true_negative_opportunity,split_schedule
109f16f3-4dc0-5b2d-80fb-ddc0a01b2212,882b71bc-78a8-5c68-892e-0a1d21e8ab81,POL-00000096,83d1dcfc-cfa9-52c8-a5a3-cbb9679d5d59,2025-02-27,2025-05-23,1.0.0,1.0.0:20260720:outcome,false,false,false,false,none,0.0000,false,none,,false,true_negative_opportunity,
6ae399f2-b0fc-5325-a418-223f99a25690,de36a33a-a0d5-5131-bf84-251c788a2d19,POL-00000097,cd80660b-3e07-58ef-88fb-4dfd4c14f755,2025-04-01,2025-05-29,1.0.0,1.0.0:20260720:outcome,false,false,false,false,none,0.0000,false,none,,false,true_negative_opportunity,missing_supplier_signal
c4ad3dbf-c24f-5567-b841-9599ddd1e3cd,96a1841e-9c2b-5a52-b6f2-c80d4fc423d3,POL-00000098,cd80660b-3e07-58ef-88fb-4dfd4c14f755,2024-11-12,2025-02-16,1.0.0,1.0.0:20260720:outcome,false,false,false,false,none,0.0000,false,none,,false,true_negative_opportunity,
498facb0-e59c-5872-a914-9ea86472666f,c39c6ce8-69fb-5a2b-8b54-185a94119a47,POL-00000099,cd80660b-3e07-58ef-88fb-4dfd4c14f755,2025-10-16,2025-12-17,1.0.0,1.0.0:20260720:outcome,false,false,false,false,none,0.0000,false,none,,false,true_negative_opportunity,missing_inventory_signal
bbb3169f-a84d-58d5-85ac-1416d2323269,ffbfb137-4af0-562a-abfa-3ed8803628f7,POL-00000100,cd80660b-3e07-58ef-88fb-4dfd4c14f755,2026-02-19,2026-03-25,1.0.0,1.0.0:20260720:outcome,false,false,false,false,none,0.0000,false,none,,false,true_negative_opportunity,
7e43f052-38e1-5ed3-b1f2-74dfed5c6b44,462f8a8a-6a22-55c4-8e10-5955c96cfd7c,POL-00000101,83d1dcfc-cfa9-52c8-a5a3-cbb9679d5d59,2025-12-20,2026-03-15,1.0.0,1.0.0:20260720:outcome,false,false,false,false,none,0.0000,false,none,,false,true_negative_opportunity,
8be242b1-5aec-5b88-89c0-6e97a015ff2a,d2a8808c-fb88-5b33-ad8f-5757905a6f45,POL-00000102,cd80660b-3e07-58ef-88fb-4dfd4c14f755,2025-09-13,2025-12-05,1.0.0,1.0.0:20260720:outcome,false,false,false,false,none,0.0000,false,none,,false,true_negative_opportunity,
7fd4b61a-263a-5359-8a9f-0d8c312f6252,d823b655-8b96-5352-adfb-b09cfe3ff09e,POL-00000103,83d1dcfc-cfa9-52c8-a5a3-cbb9679d5d59,2025-05-16,2025-07-18,1.0.0,1.0.0:20260720:outcome,false,false,false,false,none,0.0000,false,none,,false,true_negative_opportunity,
485aefea-b97b-5794-9cc4-fd8ec1bbeccb,3dbc788e-4fc6-530a-baf4-e8588c4638c9,POL-00000104,83d1dcfc-cfa9-52c8-a5a3-cbb9679d5d59,2025-10-08,2025-12-01,1.0.0,1.0.0:20260720:outcome,false,false,false,false,none,0.0000,false,none,,false,true_negative_opportunity,split_schedule
1d8b4d7d-a712-57de-9c71-e07158b7a958,4cdfb0cf-5c65-5736-96d0-2c3a18205662,POL-00000105,83d1dcfc-cfa9-52c8-a5a3-cbb9679d5d59,2025-04-01,2025-05-18,1.0.0,1.0.0:20260720:outcome,false,false,false,false,none,0.0000,false,none,,false,true_negative_opportunity,
0b0e2e82-4442-518c-96f5-b1aa218d9e94,d74a323e-f134-5bee-a79a-ae9ca2302b36,POL-00000106,cd80660b-3e07-58ef-88fb-4dfd4c14f755,2024-09-07,2024-11-15,1.0.0,1.0.0:20260720:outcome,false,false,false,false,none,0.0000,false,none,,false,true_negative_opportunity,split_schedule
2c01d704-a318-5e29-84bc-34dba01bb058,145000c9-83e4-5e12-a308-c7a4efd86f80,POL-00000107,83d1dcfc-cfa9-52c8-a5a3-cbb9679d5d59,2025-05-05,2025-06-10,1.0.0,1.0.0:20260720:outcome,true,false,true,true,moderate,341.6717,true,moderate,2025-05-15,true,true_positive_opportunity,
696ab81f-2533-52cf-95d5-0fbfde328431,08228a0a-fead-5763-a110-0fbae787a714,POL-00000108,cd80660b-3e07-58ef-88fb-4dfd4c14f755,2026-04-16,2026-07-12,1.0.0,1.0.0:20260720:outcome,true,false,true,true,moderate,3243.2261,true,moderate,2026-06-14,true,true_positive_opportunity,
e5b90cae-88cb-5927-89ae-4d710aa514bc,4d3536ec-2d13-5092-bee1-0eab950db4f6,POL-00000109,cd80660b-3e07-58ef-88fb-4dfd4c14f755,2025-02-04,2025-04-05,1.0.0,1.0.0:20260720:outcome,false,false,false,false,none,0.0000,false,none,,false,true_negative_opportunity,demand_shock
1cf62804-952e-5000-940d-83a63c19f1b8,47162640-a7ea-5360-be33-cf7809016677,POL-00000110,cd80660b-3e07-58ef-88fb-4dfd4c14f755,2026-03-06,2026-04-10,1.0.0,1.0.0:20260720:outcome,false,false,false,false,none,0.0000,false,none,,false,true_negative_opportunity,
b4aa0485-b1ac-50c5-b1b3-9fc8348fd960,00dc368d-46ce-53ba-aa74-372caa23d77f,POL-00000111,cd80660b-3e07-58ef-88fb-4dfd4c14f755,2026-04-20,2026-06-04,1.0.0,1.0.0:20260720:outcome,false,false,false,false,none,0.0000,false,none,,false,true_negative_opportunity,
5431de37-ac8b-587d-92bf-bbaa4f0b99b3,9cbeb2da-d95e-5698-b5ff-df741201e330,POL-00000112,83d1dcfc-cfa9-52c8-a5a3-cbb9679d5d59,2025-03-10,2025-04-22,1.0.0,1.0.0:20260720:outcome,true,false,true,false,moderate,2.0227,true,moderate,2025-03-24,false,false_negative_opportunity,missing_supplier_signal
de6f7d96-fdef-5262-a081-b178530f6f24,29c53d62-0f2a-569e-bd23-0baaddecb094,POL-00000113,cd80660b-3e07-58ef-88fb-4dfd4c14f755,2025-08-20,2025-10-14,1.0.0,1.0.0:20260720:outcome,false,false,false,false,none,0.0000,false,none,,false,true_negative_opportunity,
618eb76c-b76c-58ff-8321-f3d7542d8305,11adbf92-554f-5ee5-8493-75b71128aa0c,POL-00000114,cd80660b-3e07-58ef-88fb-4dfd4c14f755,2026-01-19,2026-04-11,1.0.0,1.0.0:20260720:outcome,false,false,false,false,none,0.0000,false,none,,true,false_positive_opportunity,
60bb5e9e-b4d9-5788-8825-126bd19a79f7,7fc5655b-2706-515d-9a46-4f8381eba9fe,POL-00000115,83d1dcfc-cfa9-52c8-a5a3-cbb9679d5d59,2024-10-11,2025-01-23,1.0.0,1.0.0:20260720:outcome,false,false,false,false,none,0.0000,false,none,,true,false_positive_opportunity,split_schedule
f54aa79b-3542-5029-a089-6166f7f37b8c,357f6560-db19-527a-b643-4ccfabc42af0,POL-00000116,cd80660b-3e07-58ef-88fb-4dfd4c14f755,2025-05-19,2025-08-03,1.0.0,1.0.0:20260720:outcome,false,false,false,false,none,0.0000,false,none,,false,true_negative_opportunity,
6f126df5-fe88-5126-93cd-ee4657c38a8c,d998ca38-778d-57b3-96f3-853d7cda39a4,POL-00000117,cd80660b-3e07-58ef-88fb-4dfd4c14f755,2025-06-24,2025-09-23,1.0.0,1.0.0:20260720:outcome,false,false,false,false,none,0.0000,false,none,,false,true_negative_opportunity,
535d4b44-52e3-5f8a-81a4-5e3a5a477553,eebe4995-2521-5206-ba1d-679ade730706,POL-00000118,cd80660b-3e07-58ef-88fb-4dfd4c14f755,2025-01-16,2025-04-19,1.0.0,1.0.0:20260720:outcome,false,false,false,false,none,0.0000,false,none,,false,true_negative_opportunity,
9e6a9f34-2670-5f15-971e-006bdb5018fc,fab2f861-2ae3-572d-a38a-4be3d0e3f211,POL-00000119,cd80660b-3e07-58ef-88fb-4dfd4c14f755,2024-10-10,2024-12-02,1.0.0,1.0.0:20260720:outcome,true,false,true,false,low,19.4813,false,low,2024-11-03,false,false_negative_opportunity,
f19d489c-6990-5776-81d6-fbcfd6f0f579,9ee3c1c4-e6a3-5924-818a-df08c6b8141f,POL-00000120,83d1dcfc-cfa9-52c8-a5a3-cbb9679d5d59,2025-07-27,2025-10-10,1.0.0,1.0.0:20260720:outcome,false,false,false,false,none,0.0000,false,none,,false,true_negative_opportunity,
00d6015b-f5e9-57db-89b6-83de595544ae,58e8df19-cb37-55fa-9c92-18518d464c45,POL-00000121,83d1dcfc-cfa9-52c8-a5a3-cbb9679d5d59,2025-09-11,2025-11-18,1.0.0,1.0.0:20260720:outcome,true,false,true,true,moderate,52.8308,true,moderate,2025-10-17,false,false_negative_opportunity,
03902565-3db1-5224-8bb7-a1c819d6768a,d67bdb83-fed3-5184-837e-175991e221c1,POL-00000122,83d1dcfc-cfa9-52c8-a5a3-cbb9679d5d59,2025-05-04,2025-07-08,1.0.0,1.0.0:20260720:outcome,false,false,false,false,none,0.0000,false,none,,false,true_negative_opportunity,split_schedule
8ef34d17-f847-5419-8c83-386121857402,8f044fab-5e0d-57fd-8793-ece7459d7993,POL-00000123,cd80660b-3e07-58ef-88fb-4dfd4c14f755,2025-05-01,2025-06-25,1.0.0,1.0.0:20260720:outcome,false,false,false,false,none,0.0000,false,none,,false,true_negative_opportunity,split_schedule
0c9f5a61-80d6-55a9-b0b1-d0c35dcc1817,09554ed4-d33d-5312-8013-c55a8975e05a,POL-00000124,83d1dcfc-cfa9-52c8-a5a3-cbb9679d5d59,2024-12-13,2025-02-16,1.0.0,1.0.0:20260720:outcome,false,false,false,false,none,0.0000,false,none,,true,false_positive_opportunity,demand_shock
43a7a311-ebdc-5ba3-a201-9d46bf447b96,2878b9b1-ca6a-5f7d-9847-6edbb62d0641,POL-00000125,cd80660b-3e07-58ef-88fb-4dfd4c14f755,2025-03-21,2025-07-04,1.0.0,1.0.0:20260720:outcome,false,false,false,false,none,0.0000,false,none,,false,true_negative_opportunity,missing_supplier_signal
79d185ce-9f66-5e7e-b2a1-a44656f3ebbb,8ae03cd7-a70c-5ed8-9f08-64bceb7fcd26,POL-00000126,cd80660b-3e07-58ef-88fb-4dfd4c14f755,2025-06-30,2025-08-20,1.0.0,1.0.0:20260720:outcome,false,true,true,false,severe,46.0027,true,severe,2025-07-26,false,false_negative_opportunity,
84733983-f217-53e4-b8fa-b741cd81e34e,838cb9f2-fc23-5d11-b215-9156d970350c,POL-00000127,83d1dcfc-cfa9-52c8-a5a3-cbb9679d5d59,2025-05-20,2025-08-09,1.0.0,1.0.0:20260720:outcome,false,false,false,false,none,0.0000,false,none,,false,true_negative_opportunity,
7b10ba0e-c5c4-5bfb-a9ae-1ce8db785756,58661070-9c5b-5273-81b2-9ed34aa8fc54,POL-00000128,83d1dcfc-cfa9-52c8-a5a3-cbb9679d5d59,2025-03-07,2025-06-20,1.0.0,1.0.0:20260720:outcome,false,false,false,false,none,0.0000,false,none,,false,true_negative_opportunity,split_schedule
0162ba1d-acc8-5a32-9375-cea0e4f080e8,eb448e62-4e87-5b8e-98ab-8b510bbaad41,POL-00000129,83d1dcfc-cfa9-52c8-a5a3-cbb9679d5d59,2024-12-31,2025-03-07,1.0.0,1.0.0:20260720:outcome,false,false,false,false,none,0.0000,false,none,,false,true_negative_opportunity,missing_supplier_signal
3a8feb76-16cd-53c1-928c-8e58a3c492c0,6a6f7350-a718-5509-8435-a21b8f26bc5a,POL-00000130,83d1dcfc-cfa9-52c8-a5a3-cbb9679d5d59,2025-07-02,2025-08-24,1.0.0,1.0.0:20260720:outcome,true,false,true,false,moderate,25.2061,true,moderate,2025-07-23,false,false_negative_opportunity,missing_supplier_signal;split_schedule
1b36ce7e-e84b-5753-b871-303f37d3bf3a,ca742467-8c3c-5527-90bd-95b94e38588d,POL-00000131,cd80660b-3e07-58ef-88fb-4dfd4c14f755,2026-01-19,2026-04-11,1.0.0,1.0.0:20260720:outcome,false,true,true,true,low,113.2440,false,low,2026-03-10,true,true_positive_opportunity,split_schedule
a8c37132-2634-569c-9c64-41a7c4a11818,d57b64a6-cc81-5d3e-930a-2554462e96b4,POL-00000132,cd80660b-3e07-58ef-88fb-4dfd4c14f755,2024-07-08,2024-08-29,1.0.0,1.0.0:20260720:outcome,false,false,false,false,none,0.0000,false,none,,false,true_negative_opportunity,supplier_deterioration
224a9df0-caa2-5e3b-bb61-f8d40209289e,0f32f0a8-3025-5828-82d6-1de6c9141a49,POL-00000133,83d1dcfc-cfa9-52c8-a5a3-cbb9679d5d59,2025-08-22,2025-10-03,1.0.0,1.0.0:20260720:outcome,false,false,false,false,none,0.0000,false,none,,false,true_negative_opportunity,
383380ee-98ce-5d40-84d9-c4947576847b,a3a9d84a-fd4c-5dfd-b97a-41b8ee50bf73,POL-00000134,cd80660b-3e07-58ef-88fb-4dfd4c14f755,2025-08-12,2025-10-16,1.0.0,1.0.0:20260720:outcome,false,false,false,false,none,0.0000,false,none,,false,true_negative_opportunity,missing_supplier_signal;split_schedule
55f457cf-248e-55fe-b3e5-264d3d01a9be,88f66cee-46ee-52a0-b982-4b85cd0c3878,POL-00000135,83d1dcfc-cfa9-52c8-a5a3-cbb9679d5d59,2025-12-16,2026-03-31,1.0.0,1.0.0:20260720:outcome,false,false,false,false,none,0.0000,false,none,,false,true_negative_opportunity,missing_inventory_signal
2194c058-7a71-5f70-a714-05880c0078d0,715fb631-4d84-5ee6-84ec-78b162d593c1,POL-00000136,cd80660b-3e07-58ef-88fb-4dfd4c14f755,2024-12-16,2025-02-06,1.0.0,1.0.0:20260720:outcome,false,false,false,false,none,0.0000,false,none,,false,true_negative_opportunity,missing_inventory_signal
e2bcdb1f-dc28-5ac1-a947-9ecae19dc8b4,9c1ea9dd-f757-5691-b94c-18fbb100b615,POL-00000137,83d1dcfc-cfa9-52c8-a5a3-cbb9679d5d59,2025-09-26,2025-11-18,1.0.0,1.0.0:20260720:outcome,false,true,true,true,moderate,678.8120,true,moderate,2025-10-24,true,true_positive_opportunity,demand_shock
a8559796-ffde-56a2-9540-3a1137782b20,f630b228-21eb-5290-b85f-d8cf940ff6a4,POL-00000138,cd80660b-3e07-58ef-88fb-4dfd4c14f755,2024-10-18,2024-12-24,1.0.0,1.0.0:20260720:outcome,true,false,true,true,moderate,21.3358,true,moderate,2024-11-25,false,false_negative_opportunity,split_schedule
41fcb4ea-37bc-56f0-8b56-f5d9422a1925,6ebf00dc-c8e4-584d-9918-4cd6be761326,POL-00000139,83d1dcfc-cfa9-52c8-a5a3-cbb9679d5d59,2026-02-17,2026-04-24,1.0.0,1.0.0:20260720:outcome,false,false,false,false,none,0.0000,false,none,,false,true_negative_opportunity,missing_supplier_signal
4e4a397b-eb61-568e-8ba9-217bcb4088d3,25a61bbb-1397-5b78-b511-6a6ca7b8e7a9,POL-00000140,83d1dcfc-cfa9-52c8-a5a3-cbb9679d5d59,2024-12-07,2025-03-13,1.0.0,1.0.0:20260720:outcome,false,false,false,false,none,0.0000,false,none,,true,false_positive_opportunity,
a6632c10-cfd6-5672-9993-00abd26891c3,ff52bf3d-3085-570c-a005-cda53150a7fe,POL-00000141,cd80660b-3e07-58ef-88fb-4dfd4c14f755,2026-02-14,2026-05-03,1.0.0,1.0.0:20260720:outcome,false,false,false,false,none,0.0000,false,none,,false,true_negative_opportunity,
7453244a-5548-590e-914f-aff05b62158a,54e45966-1b7b-5c2f-a912-718435feadd5,POL-00000142,cd80660b-3e07-58ef-88fb-4dfd4c14f755,2025-06-20,2025-07-27,1.0.0,1.0.0:20260720:outcome,false,false,false,false,none,0.0000,false,none,,true,false_positive_opportunity,split_schedule
66ef41f9-5437-58b7-a673-578aa80c4463,e2191bba-ab41-5cc2-847d-c0204df046e1,POL-00000143,cd80660b-3e07-58ef-88fb-4dfd4c14f755,2025-08-29,2025-12-09,1.0.0,1.0.0:20260720:outcome,false,false,false,false,none,0.0000,false,none,,false,true_negative_opportunity,
36a04c75-3b74-5bae-960b-eebccba780c3,eb44da56-30cc-5681-aba6-4e33f758d1d6,POL-00000144,83d1dcfc-cfa9-52c8-a5a3-cbb9679d5d59,2024-11-18,2025-02-16,1.0.0,1.0.0:20260720:outcome,false,false,false,false,none,0.0000,false,none,,true,false_positive_opportunity,supplier_deterioration
69e3cc2f-f794-5ed1-a868-e3aae0be7052,10862e63-daf3-5f53-ab7e-7891b132ec6f,POL-00000145,cd80660b-3e07-58ef-88fb-4dfd4c14f755,2026-01-04,2026-03-02,1.0.0,1.0.0:20260720:outcome,false,false,false,false,none,0.0000,false,none,,false,true_negative_opportunity,missing_inventory_signal
812eece5-9184-53d1-8d49-0c98422765c8,0334fb3e-920d-51a6-a6ca-04dab00a654d,POL-00000146,83d1dcfc-cfa9-52c8-a5a3-cbb9679d5d59,2024-07-21,2024-09-28,1.0.0,1.0.0:20260720:outcome,false,false,false,false,none,0.0000,false,none,,false,true_negative_opportunity,
8a60dbf4-d07f-5b4f-9599-a89212481bd7,51607152-a019-5b5d-bb57-55c68b0e5f3e,POL-00000147,cd80660b-3e07-58ef-88fb-4dfd4c14f755,2025-05-17,2025-07-25,1.0.0,1.0.0:20260720:outcome,false,false,false,false,none,0.0000,false,none,,false,true_negative_opportunity,split_schedule
2577d17c-1c05-5f62-b3cc-ed3339dfeaeb,bc30ee9f-4785-5348-a18e-470aa0099e48,POL-00000148,83d1dcfc-cfa9-52c8-a5a3-cbb9679d5d59,2025-05-24,2025-07-12,1.0.0,1.0.0:20260720:outcome,false,false,false,false,none,0.0000,false,none,,false,true_negative_opportunity,split_schedule
156a62e0-034e-5e73-9f3b-3ee8d6a77efb,4a91a6a0-8caa-5725-a3a1-128b9336f13e,POL-00000149,cd80660b-3e07-58ef-88fb-4dfd4c14f755,2024-07-01,2024-09-24,1.0.0,1.0.0:20260720:outcome,true,false,true,true,moderate,33.0780,true,moderate,2024-08-29,false,false_negative_opportunity,split_schedule
63b02a80-d348-52e6-98ae-756ab242e378,3bb10f4b-339b-5869-9a5e-8a319adb83d7,POL-00000150,cd80660b-3e07-58ef-88fb-4dfd4c14f755,2025-04-25,2025-07-04,1.0.0,1.0.0:20260720:outcome,false,false,false,false,none,0.0000,false,none,,false,true_negative_opportunity,
9f4cfc0c-92dc-52c2-afff-3f56bc1baff4,29083f59-3526-532f-8b0a-f5c5b1f06f28,POL-00000151,cd80660b-3e07-58ef-88fb-4dfd4c14f755,2024-08-09,2024-10-21,1.0.0,1.0.0:20260720:outcome,false,false,false,false,none,0.0000,false,none,,false,true_negative_opportunity,split_schedule
6bf2ddef-7cd4-5187-bf64-a170ca4999f6,6d613d2d-11e2-55d5-b0f4-a8cf572c4178,POL-00000152,cd80660b-3e07-58ef-88fb-4dfd4c14f755,2024-11-06,2025-02-18,1.0.0,1.0.0:20260720:outcome,false,false,false,false,none,0.0000,false,none,,true,false_positive_opportunity,
97c8b078-4d95-5af2-840e-f6ed7514f62e,0437ba15-4eda-5526-aa40-64962c056d6d,POL-00000153,83d1dcfc-cfa9-52c8-a5a3-cbb9679d5d59,2024-10-08,2024-12-21,1.0.0,1.0.0:20260720:outcome,false,false,false,false,none,0.0000,false,none,,false,true_negative_opportunity,
e6feedb2-bc8d-53f7-a316-d780e03beb29,a38b901d-d0f4-56bb-85ba-7e70f8866156,POL-00000154,83d1dcfc-cfa9-52c8-a5a3-cbb9679d5d59,2025-01-10,2025-03-24,1.0.0,1.0.0:20260720:outcome,false,false,false,false,none,0.0000,false,none,,false,true_negative_opportunity,
3fd681f4-801e-5adb-89cd-af355f52c751,77a335b0-f76a-5a8f-805b-096ac95001c1,POL-00000155,cd80660b-3e07-58ef-88fb-4dfd4c14f755,2025-11-01,2026-01-23,1.0.0,1.0.0:20260720:outcome,false,false,false,false,none,0.0000,false,none,,false,true_negative_opportunity,
cc5959ce-35f7-5c52-a182-8d30dbd56a71,a087a4f7-76b3-57ee-a2c2-eed7c2c4d7a8,POL-00000156,cd80660b-3e07-58ef-88fb-4dfd4c14f755,2026-01-09,2026-02-20,1.0.0,1.0.0:20260720:outcome,false,false,false,false,none,0.0000,false,none,,false,true_negative_opportunity,
061eaab1-40f3-56d0-a7c9-cf5c3dbdc4ad,8f3b0bc3-1fda-5ff9-bd01-d0987ffbf056,POL-00000157,cd80660b-3e07-58ef-88fb-4dfd4c14f755,2024-12-23,2025-03-12,1.0.0,1.0.0:20260720:outcome,true,false,true,true,moderate,275.2075,true,moderate,2025-02-15,false,false_negative_opportunity,missing_supplier_signal
efc111b1-b536-5f1b-8bb8-ee112c3ec396,86b41b2c-8089-5ef2-afac-2861af67d47b,POL-00000158,cd80660b-3e07-58ef-88fb-4dfd4c14f755,2025-05-12,2025-06-25,1.0.0,1.0.0:20260720:outcome,false,false,false,false,none,0.0000,false,none,,false,true_negative_opportunity,
3e2df2b0-5012-5485-9ef9-f7ac221a4f2e,03623eea-a8cb-5ce8-a432-055ad86d38c3,POL-00000159,83d1dcfc-cfa9-52c8-a5a3-cbb9679d5d59,2024-08-04,2024-11-09,1.0.0,1.0.0:20260720:outcome,false,false,false,false,none,0.0000,false,none,,false,true_negative_opportunity,
bf559ed9-7065-5a22-b442-f17dd2b7d6cf,d829883d-37a7-57c8-9759-d7118fefd1ac,POL-00000160,83d1dcfc-cfa9-52c8-a5a3-cbb9679d5d59,2024-07-15,2024-09-09,1.0.0,1.0.0:20260720:outcome,false,false,false,false,none,0.0000,false,none,,false,true_negative_opportunity,
d3412a05-b6d1-51a6-91ac-93fe9c438529,fd515219-9963-5043-86bb-4125192e6ba4,POL-00000161,cd80660b-3e07-58ef-88fb-4dfd4c14f755,2025-03-13,2025-04-26,1.0.0,1.0.0:20260720:outcome,false,false,false,false,none,0.0000,false,none,,false,true_negative_opportunity,
a4488a03-f0d9-506f-a3e6-6d97f1211d44,bd9c6d3b-0cc4-5191-9d68-6bb68a5cc8ac,POL-00000162,83d1dcfc-cfa9-52c8-a5a3-cbb9679d5d59,2025-01-15,2025-02-21,1.0.0,1.0.0:20260720:outcome,false,false,false,false,none,0.0000,false,none,,false,true_negative_opportunity,missing_supplier_signal;split_schedule
200c3a75-ad75-56e5-a7b4-a684fd96d2a3,ac3f9ca3-6fd8-5ff6-b511-8984d5a49bae,POL-00000163,cd80660b-3e07-58ef-88fb-4dfd4c14f755,2025-08-22,2025-11-11,1.0.0,1.0.0:20260720:outcome,false,false,false,false,none,0.0000,false,none,,true,false_positive_opportunity,
8de29269-8357-5487-94d9-ad9706ab11cd,3167b658-ad3e-55c2-864b-9f6dc5cf3dcf,POL-00000164,83d1dcfc-cfa9-52c8-a5a3-cbb9679d5d59,2024-08-10,2024-10-04,1.0.0,1.0.0:20260720:outcome,false,false,false,false,none,0.0000,false,none,,false,true_negative_opportunity,split_schedule
ed71729c-0f36-5e75-bb71-cb9fdfae8072,73a6e20b-fdf7-5c3d-a4fd-f94173898ae3,POL-00000165,83d1dcfc-cfa9-52c8-a5a3-cbb9679d5d59,2025-08-10,2025-10-07,1.0.0,1.0.0:20260720:outcome,false,false,false,false,none,0.0000,false,none,,false,true_negative_opportunity,split_schedule
6c1e15d8-5774-5579-9f66-c634ec284a5b,3b48f4fb-2796-5b7c-9f2e-d8d4b972a310,POL-00000166,cd80660b-3e07-58ef-88fb-4dfd4c14f755,2025-08-30,2025-10-19,1.0.0,1.0.0:20260720:outcome,false,false,false,false,none,0.0000,false,none,,false,true_negative_opportunity,split_schedule
65d2786d-f148-5156-b9c5-20c4d21d9696,6ea98f6f-2b50-5e3b-824d-8120b0e4163a,POL-00000167,cd80660b-3e07-58ef-88fb-4dfd4c14f755,2024-11-01,2025-01-21,1.0.0,1.0.0:20260720:outcome,false,false,false,false,none,0.0000,false,none,,false,true_negative_opportunity,
ef388007-e74b-5e83-96c2-dd988f82643c,6db46820-2f74-5def-b029-9d8e6ebba03c,POL-00000168,cd80660b-3e07-58ef-88fb-4dfd4c14f755,2026-03-18,2026-06-23,1.0.0,1.0.0:20260720:outcome,false,false,false,false,none,0.0000,false,none,,false,true_negative_opportunity,
11f83037-9e9e-52d5-8aec-ba5a107e4bce,a52e64b5-c2ad-5f39-9ea8-fad292a6581d,POL-00000169,cd80660b-3e07-58ef-88fb-4dfd4c14f755,2026-02-23,2026-04-14,1.0.0,1.0.0:20260720:outcome,true,false,true,true,low,5817.2609,false,low,2026-03-15,true,true_positive_opportunity,
a08bbed5-6a79-5883-94f8-5a8239109304,1051b290-e3df-5e4b-91b6-4df2456bae4a,POL-00000170,83d1dcfc-cfa9-52c8-a5a3-cbb9679d5d59,2024-10-31,2025-01-18,1.0.0,1.0.0:20260720:outcome,false,false,false,false,none,0.0000,false,none,,false,true_negative_opportunity,
759e1436-46bd-592c-b344-3267dd15119b,7cbfffa6-f459-5e3e-8b69-90ad43abe3eb,POL-00000171,83d1dcfc-cfa9-52c8-a5a3-cbb9679d5d59,2024-10-31,2024-12-26,1.0.0,1.0.0:20260720:outcome,false,false,false,false,none,0.0000,false,none,,false,true_negative_opportunity,
ebe2e626-81fc-50d6-8f5c-7dfaf6c30e26,6328348e-f21e-59e8-907c-dcfcc8ed8c3c,POL-00000172,83d1dcfc-cfa9-52c8-a5a3-cbb9679d5d59,2025-06-18,2025-09-18,1.0.0,1.0.0:20260720:outcome,false,false,false,false,none,0.0000,false,none,,false,true_negative_opportunity,
046090a5-aa02-599a-a91f-86942a68a4b0,f4534cb9-f16a-5f73-b4ce-66fa4d5c107a,POL-00000173,cd80660b-3e07-58ef-88fb-4dfd4c14f755,2024-11-01,2024-12-28,1.0.0,1.0.0:20260720:outcome,false,false,false,false,none,0.0000,false,none,,true,false_positive_opportunity,
9e023139-d1b2-5584-ac9b-24964156b519,8ef43d8d-27bc-5938-8c1b-b1e2ca89d36f,POL-00000174,cd80660b-3e07-58ef-88fb-4dfd4c14f755,2024-10-16,2024-11-22,1.0.0,1.0.0:20260720:outcome,false,false,false,false,none,0.0000,false,none,,false,true_negative_opportunity,supplier_deterioration
5a2936b6-f701-5253-b49e-6f173984eb97,38319365-d5c6-5f50-931e-707d4cfd5a62,POL-00000175,83d1dcfc-cfa9-52c8-a5a3-cbb9679d5d59,2024-12-06,2025-02-22,1.0.0,1.0.0:20260720:outcome,false,false,false,false,none,0.0000,false,none,,false,true_negative_opportunity,split_schedule
9dc9b1a5-58da-5a40-b91c-c664b55babc6,d6abc4da-f115-5b65-b1c6-24ec0beb36d9,POL-00000176,83d1dcfc-cfa9-52c8-a5a3-cbb9679d5d59,2025-05-16,2025-07-10,1.0.0,1.0.0:20260720:outcome,false,false,false,false,none,0.0000,false,none,,false,true_negative_opportunity,
e522826d-2b73-5a20-8324-8c9a795b6e46,7b1d57d2-9def-5ae8-b1ea-6014af93de99,POL-00000177,cd80660b-3e07-58ef-88fb-4dfd4c14f755,2024-10-14,2025-01-23,1.0.0,1.0.0:20260720:outcome,false,false,false,false,none,0.0000,false,none,,false,true_negative_opportunity,
2160fc40-f228-5a64-ad28-bc8e9a9a2167,aa9bc1aa-faaf-5950-9cea-b651777b1fc2,POL-00000178,cd80660b-3e07-58ef-88fb-4dfd4c14f755,2025-10-10,2025-11-14,1.0.0,1.0.0:20260720:outcome,false,false,false,false,none,0.0000,false,none,,false,true_negative_opportunity,
d875c656-d295-51be-a8d0-3fa18c57cca9,65f37411-19b1-54e4-88ba-0fd64e01acd8,POL-00000179,83d1dcfc-cfa9-52c8-a5a3-cbb9679d5d59,2024-12-05,2025-02-01,1.0.0,1.0.0:20260720:outcome,false,false,false,false,none,0.0000,false,none,,false,true_negative_opportunity,
1aa158ec-0e37-5ab4-b30c-6cfe696ff00d,4903bb3a-76ca-5dc7-9961-ff14c62c986e,POL-00000180,cd80660b-3e07-58ef-88fb-4dfd4c14f755,2025-06-15,2025-08-05,1.0.0,1.0.0:20260720:outcome,false,false,false,false,none,0.0000,false,none,,false,true_negative_opportunity,
4379aea2-8346-5548-a96b-2a8bd4234269,cf639996-6d2e-5123-be62-fb7f7eab431e,POL-00000181,cd80660b-3e07-58ef-88fb-4dfd4c14f755,2025-03-17,2025-05-21,1.0.0,1.0.0:20260720:outcome,false,false,false,false,none,0.0000,false,none,,false,true_negative_opportunity,split_schedule
e9ff747f-9b15-5a50-9b27-f32121217492,2776f346-c05f-5822-af31-fd30273b4e53,POL-00000182,83d1dcfc-cfa9-52c8-a5a3-cbb9679d5d59,2024-09-04,2024-10-10,1.0.0,1.0.0:20260720:outcome,false,true,true,true,severe,1344.9227,true,severe,2024-09-15,false,false_negative_opportunity,missing_inventory_signal
15731710-fd48-555a-9970-9700bbaef7d7,dde59706-7141-558f-944c-4019addff4bb,POL-00000183,cd80660b-3e07-58ef-88fb-4dfd4c14f755,2025-03-31,2025-05-21,1.0.0,1.0.0:20260720:outcome,false,false,false,false,none,0.0000,false,none,,false,true_negative_opportunity,split_schedule
df301810-be03-5017-8c89-dd99571cea8e,2269f77c-358a-5f22-b58e-8258c8d46bc7,POL-00000184,cd80660b-3e07-58ef-88fb-4dfd4c14f755,2024-07-31,2024-09-19,1.0.0,1.0.0:20260720:outcome,false,false,false,false,none,0.0000,false,none,,false,true_negative_opportunity,
7adfa928-3864-55c1-94b2-f1caa36996f0,d8113daa-29fc-5dcc-9e23-5f69a82f1f4c,POL-00000185,cd80660b-3e07-58ef-88fb-4dfd4c14f755,2025-12-15,2026-01-27,1.0.0,1.0.0:20260720:outcome,false,false,false,false,none,0.0000,false,none,,false,true_negative_opportunity,missing_supplier_signal
d27be1e4-996d-5f91-9f8a-762b5923f7af,06198182-6bc2-563a-81a9-041e059cfa54,POL-00000186,83d1dcfc-cfa9-52c8-a5a3-cbb9679d5d59,2024-07-03,2024-09-19,1.0.0,1.0.0:20260720:outcome,false,true,true,true,low,184.1006,false,low,2024-08-22,false,false_negative_opportunity,
1d9ca1be-71b4-557d-a3e1-7cf5b50ec07c,29db1425-b742-5939-a46c-6586f1925402,POL-00000187,cd80660b-3e07-58ef-88fb-4dfd4c14f755,2026-01-14,2026-04-15,1.0.0,1.0.0:20260720:outcome,false,false,false,false,none,0.0000,false,none,,true,false_positive_opportunity,
505958f9-7a37-5ae6-b66f-4cba6ebeb316,1bfc6b4c-bc10-5068-a0e3-c7a048fce5d8,POL-00000188,83d1dcfc-cfa9-52c8-a5a3-cbb9679d5d59,2025-03-18,2025-04-27,1.0.0,1.0.0:20260720:outcome,false,false,false,false,none,0.0000,false,none,,false,true_negative_opportunity,
6809830f-85c1-5c4c-830c-89206fb6cea5,f808a450-df33-58af-b40d-9392767007aa,POL-00000189,cd80660b-3e07-58ef-88fb-4dfd4c14f755,2026-01-14,2026-03-05,1.0.0,1.0.0:20260720:outcome,false,false,false,false,none,0.0000,false,none,,false,true_negative_opportunity,split_schedule
750e4da8-4576-51a9-998b-8079e8221de9,1a3f0e75-ab4b-57b6-abd7-9c332f61126f,POL-00000190,cd80660b-3e07-58ef-88fb-4dfd4c14f755,2025-09-30,2025-12-11,1.0.0,1.0.0:20260720:outcome,false,false,false,false,none,0.0000,false,none,,true,false_positive_opportunity,
b79b9e3b-03e1-5219-9f9f-546c9d53f712,b37b2dff-2f3f-5b80-b78e-137c5ae9abb2,POL-00000191,83d1dcfc-cfa9-52c8-a5a3-cbb9679d5d59,2026-03-24,2026-07-06,1.0.0,1.0.0:20260720:outcome,false,false,false,false,none,0.0000,false,none,,false,true_negative_opportunity,
88d6c2f0-8750-5d86-9a90-7a4f5e81bd28,22e08307-9602-5ed6-a421-690a03941285,POL-00000192,83d1dcfc-cfa9-52c8-a5a3-cbb9679d5d59,2025-01-12,2025-03-02,1.0.0,1.0.0:20260720:outcome,false,false,false,false,none,0.0000,false,none,,false,true_negative_opportunity,
c53b652a-00fb-5059-9847-afbad18f54bb,cf5d0a12-5eba-5058-986a-d59fd72b433f,POL-00000193,83d1dcfc-cfa9-52c8-a5a3-cbb9679d5d59,2026-02-15,2026-05-10,1.0.0,1.0.0:20260720:outcome,false,false,false,false,none,0.0000,false,none,,false,true_negative_opportunity,split_schedule;supplier_deterioration
188a794b-8588-59bf-8353-f4c13395d2ae,641dd0bb-5030-5fbc-b75c-2a936dca980e,POL-00000194,cd80660b-3e07-58ef-88fb-4dfd4c14f755,2024-11-16,2024-12-30,1.0.0,1.0.0:20260720:outcome,true,false,true,true,low,72.8386,false,low,2024-11-28,true,true_positive_opportunity,
810a1ac4-f774-586e-9963-dc116554b0e4,2feb2d77-c6be-5724-80f9-adbd94f4d437,POL-00000195,cd80660b-3e07-58ef-88fb-4dfd4c14f755,2024-09-17,2024-12-14,1.0.0,1.0.0:20260720:outcome,false,false,false,false,none,0.0000,false,none,,false,true_negative_opportunity,
7bdcf8d7-64f3-5743-8810-88cff5ebf0f3,e54a72d2-87d1-5afa-9048-84f6dc969b79,POL-00000196,cd80660b-3e07-58ef-88fb-4dfd4c14f755,2025-02-20,2025-04-27,1.0.0,1.0.0:20260720:outcome,false,false,false,false,none,0.0000,false,none,,false,true_negative_opportunity,
aab6239e-9bd7-5ea0-8148-c82b80843718,a0ce60fa-b026-5af8-9034-d5ba0875a608,POL-00000197,cd80660b-3e07-58ef-88fb-4dfd4c14f755,2024-07-04,2024-08-16,1.0.0,1.0.0:20260720:outcome,false,false,false,false,none,0.0000,false,none,,false,true_negative_opportunity,
271b7950-d6a6-5b93-8a4b-dcee1bac77b4,c3ad142a-bd1d-50c2-9e96-cafda40b8cc7,POL-00000198,83d1dcfc-cfa9-52c8-a5a3-cbb9679d5d59,2025-12-23,2026-02-04,1.0.0,1.0.0:20260720:outcome,false,false,false,false,none,0.0000,false,none,,false,true_negative_opportunity,missing_supplier_signal
90375c9d-964e-584c-91cb-992877d7edda,a504e0e2-c0c5-5168-bdee-c66bfdf4815b,POL-00000199,cd80660b-3e07-58ef-88fb-4dfd4c14f755,2025-07-19,2025-09-30,1.0.0,1.0.0:20260720:outcome,true,false,true,true,low,9.0736,false,low,2025-08-29,false,false_negative_opportunity,missing_supplier_signal;split_schedule
f7e5c441-4da0-5d65-bb68-4ad213ef6f0f,9c79b061-deb5-5819-b110-7c5d6cdb4032,POL-00000200,83d1dcfc-cfa9-52c8-a5a3-cbb9679d5d59,2025-02-01,2025-05-11,1.0.0,1.0.0:20260720:outcome,false,false,false,false,none,0.0000,false,none,,false,true_negative_opportunity,
73a29c50-44d9-5657-bf62-1d5a53e08232,7efaa5e7-7691-524a-84d5-3274c68fc054,POL-00000201,cd80660b-3e07-58ef-88fb-4dfd4c14f755,2025-05-28,2025-08-28,1.0.0,1.0.0:20260720:outcome,false,false,false,false,none,0.0000,false,none,,false,true_negative_opportunity,
b0c55a06-2f6f-5a09-850a-d19a2ddec2a0,6934a247-3f8d-5b6c-b8de-b955f8a6ffa1,POL-00000202,83d1dcfc-cfa9-52c8-a5a3-cbb9679d5d59,2024-07-28,2024-11-01,1.0.0,1.0.0:20260720:outcome,false,false,false,false,none,0.0000,false,none,,false,true_negative_opportunity,
2898f46c-2c8e-51f1-bc80-e515d80494c0,72132dfe-323e-5b97-ba0f-fe23e5da7d10,POL-00000203,83d1dcfc-cfa9-52c8-a5a3-cbb9679d5d59,2025-08-08,2025-10-29,1.0.0,1.0.0:20260720:outcome,false,false,false,false,none,0.0000,false,none,,false,true_negative_opportunity,split_schedule
37296b81-2ca9-5103-b4f7-da9d7e45764b,90addeaa-403e-5468-8111-bcc997aa1a63,POL-00000204,83d1dcfc-cfa9-52c8-a5a3-cbb9679d5d59,2025-03-10,2025-04-20,1.0.0,1.0.0:20260720:outcome,false,false,false,false,none,0.0000,false,none,,true,false_positive_opportunity,split_schedule;supplier_deterioration
d57f732f-c528-5709-947c-526abb6c0193,a1e53b27-6b29-5395-87b1-32c1014079a3,POL-00000205,83d1dcfc-cfa9-52c8-a5a3-cbb9679d5d59,2024-09-03,2024-10-22,1.0.0,1.0.0:20260720:outcome,false,false,false,false,none,0.0000,false,none,,false,true_negative_opportunity,missing_supplier_signal;split_schedule
839d4076-582e-529a-94be-08e953ad4293,0d273e17-8944-5975-82f4-80dfd65a1146,POL-00000206,cd80660b-3e07-58ef-88fb-4dfd4c14f755,2024-09-12,2024-11-05,1.0.0,1.0.0:20260720:outcome,false,false,false,false,none,0.0000,false,none,,false,true_negative_opportunity,
ebc9a205-257f-577d-934f-ab0c67ba2720,236a8488-b9eb-5bf0-8e43-9d81790b67d1,POL-00000207,83d1dcfc-cfa9-52c8-a5a3-cbb9679d5d59,2026-02-23,2026-04-21,1.0.0,1.0.0:20260720:outcome,false,false,false,false,none,0.0000,false,none,,false,true_negative_opportunity,demand_shock;missing_inventory_signal
046f4ee7-13dc-51ea-96a8-0d16518be127,7fc7e07c-cbe4-5b05-ad40-43fe3f5c9b29,POL-00000208,cd80660b-3e07-58ef-88fb-4dfd4c14f755,2025-09-06,2025-10-14,1.0.0,1.0.0:20260720:outcome,false,false,false,false,none,0.0000,false,none,,true,false_positive_opportunity,supplier_deterioration
e61f79cc-c825-50da-aa0e-7b4e5531d38f,c20cab24-c05a-55b5-9b4f-636627430562,POL-00000209,83d1dcfc-cfa9-52c8-a5a3-cbb9679d5d59,2025-06-30,2025-10-07,1.0.0,1.0.0:20260720:outcome,false,false,false,false,none,0.0000,false,none,,false,true_negative_opportunity,
2805a598-45fd-52ed-9e47-27bcf7973122,28b1dfd9-a760-577a-921d-bfc4439fe708,POL-00000210,83d1dcfc-cfa9-52c8-a5a3-cbb9679d5d59,2025-05-13,2025-07-30,1.0.0,1.0.0:20260720:outcome,false,false,false,false,none,0.0000,false,none,,true,false_positive_opportunity,
f15e2943-7c4e-5117-b1bb-a43ffc29bc22,cfbd845d-d3bc-53af-84f0-48a81d5bb358,POL-00000211,cd80660b-3e07-58ef-88fb-4dfd4c14f755,2026-01-27,2026-04-25,1.0.0,1.0.0:20260720:outcome,false,false,false,false,none,0.0000,false,none,,true,false_positive_opportunity,
ee490e2f-3cc3-5a36-9d2a-6375eb77df81,4439d443-b2e1-5dd8-a38a-d29f9e1ba229,POL-00000212,83d1dcfc-cfa9-52c8-a5a3-cbb9679d5d59,2025-04-22,2025-06-19,1.0.0,1.0.0:20260720:outcome,false,false,false,false,none,0.0000,false,none,,false,true_negative_opportunity,
a8ff18a2-c91e-5c27-8925-c6e979af9c33,87139e8e-8410-5937-9738-9545157df4dc,POL-00000213,83d1dcfc-cfa9-52c8-a5a3-cbb9679d5d59,2024-08-18,2024-10-03,1.0.0,1.0.0:20260720:outcome,false,false,false,false,none,0.0000,false,none,,false,true_negative_opportunity,split_schedule
e7ad1b30-4b8c-5bc9-92f4-ccdc4dbd54db,9abe715e-af8a-52d9-a1e0-8b79053e3da2,POL-00000214,83d1dcfc-cfa9-52c8-a5a3-cbb9679d5d59,2024-11-27,2025-01-25,1.0.0,1.0.0:20260720:outcome,false,false,false,false,none,0.0000,false,none,,false,true_negative_opportunity,supplier_deterioration
e95affc6-ddcc-56c3-b00d-113d8424b002,47a81703-8da9-5143-83e0-c9572da39831,POL-00000215,83d1dcfc-cfa9-52c8-a5a3-cbb9679d5d59,2024-10-10,2024-12-17,1.0.0,1.0.0:20260720:outcome,false,false,false,false,none,0.0000,false,none,,false,true_negative_opportunity,split_schedule
a483d2df-0f00-574b-8621-a1d716dd5231,48814169-0bdf-5a4e-8a10-e56e76eee637,POL-00000216,cd80660b-3e07-58ef-88fb-4dfd4c14f755,2024-11-18,2025-02-08,1.0.0,1.0.0:20260720:outcome,false,false,false,false,none,0.0000,false,none,,true,false_positive_opportunity,
c4af467c-9727-565c-99d6-80ca24680cd9,7d22936f-6d41-5078-b725-f9ad33453679,POL-00000217,83d1dcfc-cfa9-52c8-a5a3-cbb9679d5d59,2024-11-09,2025-02-07,1.0.0,1.0.0:20260720:outcome,false,false,false,false,none,0.0000,false,none,,false,true_negative_opportunity,split_schedule
d88ec9cf-6495-5ade-af52-593c45c6257d,fc70ffa1-40c9-568b-abf6-657f8e70da93,POL-00000218,cd80660b-3e07-58ef-88fb-4dfd4c14f755,2025-01-10,2025-03-20,1.0.0,1.0.0:20260720:outcome,true,false,true,false,moderate,37811.0194,true,moderate,2025-02-20,false,false_negative_opportunity,
eefc606c-6127-5550-93dd-28c475bb87b0,45694d7d-1253-56e2-9504-8f5c348e0be7,POL-00000219,cd80660b-3e07-58ef-88fb-4dfd4c14f755,2026-02-03,2026-05-17,1.0.0,1.0.0:20260720:outcome,false,false,false,false,none,0.0000,false,none,,true,false_positive_opportunity,
ba1e85f1-1460-556a-b0d9-a7b857a29e42,bc7d8145-21e4-5393-8c6d-cbecb9eaeb9f,POL-00000220,83d1dcfc-cfa9-52c8-a5a3-cbb9679d5d59,2026-03-31,2026-07-05,1.0.0,1.0.0:20260720:outcome,false,false,false,false,none,0.0000,false,none,,true,false_positive_opportunity,
e3ef4d9a-232a-5e50-8808-c8fef162768a,02b82783-cdd4-596a-b15a-fb98b29a7812,POL-00000221,83d1dcfc-cfa9-52c8-a5a3-cbb9679d5d59,2025-09-09,2025-12-18,1.0.0,1.0.0:20260720:outcome,false,false,false,false,none,0.0000,false,none,,false,true_negative_opportunity,missing_supplier_signal;split_schedule
0fcc2827-63b0-59d5-90ce-3b9a5fa7040f,ea69a9e1-8a1f-5ed8-bb8d-7b38ab9ddbe3,POL-00000222,83d1dcfc-cfa9-52c8-a5a3-cbb9679d5d59,2024-11-28,2025-03-06,1.0.0,1.0.0:20260720:outcome,true,false,true,true,moderate,360.9803,true,moderate,2025-02-07,true,true_positive_opportunity,
742c0444-df2b-5ada-aa84-2bb92d183b0e,8e267c4d-53d0-5cd1-9562-aaa9a5d390db,POL-00000223,83d1dcfc-cfa9-52c8-a5a3-cbb9679d5d59,2024-08-16,2024-10-28,1.0.0,1.0.0:20260720:outcome,false,false,false,false,none,0.0000,false,none,,true,false_positive_opportunity,
d8663a9e-b84f-5572-8fd0-6f8065b88d03,c30f42dd-18d6-58a3-9ebf-f777aa9e9143,POL-00000224,83d1dcfc-cfa9-52c8-a5a3-cbb9679d5d59,2025-02-02,2025-04-01,1.0.0,1.0.0:20260720:outcome,false,false,false,false,none,0.0000,false,none,,false,true_negative_opportunity,
6dd4ab51-12f9-51b2-9725-7977c4d04c50,4bda4646-48cb-5f85-85cf-4842b63395bd,POL-00000225,83d1dcfc-cfa9-52c8-a5a3-cbb9679d5d59,2025-12-18,2026-02-02,1.0.0,1.0.0:20260720:outcome,false,false,false,false,none,0.0000,false,none,,true,false_positive_opportunity,
e9c98732-67e2-58a9-b767-6cda93800756,83f86a5b-7c01-5480-9dad-403de265dc11,POL-00000226,83d1dcfc-cfa9-52c8-a5a3-cbb9679d5d59,2024-09-18,2024-11-11,1.0.0,1.0.0:20260720:outcome,false,false,false,false,none,0.0000,false,none,,false,true_negative_opportunity,
ccbbd1bc-3ba3-5663-8800-37edf7de4743,fb856137-f680-538b-951b-be559e5af34b,POL-00000227,83d1dcfc-cfa9-52c8-a5a3-cbb9679d5d59,2024-12-21,2025-03-12,1.0.0,1.0.0:20260720:outcome,false,true,true,true,moderate,19.7188,true,moderate,2025-02-12,false,false_negative_opportunity,
318d9b3e-46e1-544f-806b-fe38cfd7c325,0aa69a85-defc-5f67-85a7-a0d8b7841d70,POL-00000228,cd80660b-3e07-58ef-88fb-4dfd4c14f755,2026-01-06,2026-04-12,1.0.0,1.0.0:20260720:outcome,false,false,false,false,none,0.0000,false,none,,false,true_negative_opportunity,
9a1d4551-8951-5387-9e63-63b914fc4952,2082e536-6068-5fe6-856a-20c451fd59e9,POL-00000229,cd80660b-3e07-58ef-88fb-4dfd4c14f755,2025-11-26,2026-02-11,1.0.0,1.0.0:20260720:outcome,false,false,false,false,none,0.0000,false,none,,false,true_negative_opportunity,split_schedule
5b5df4fe-9bc8-531b-9c44-caa265a1d0d3,2d467a48-3bc0-5fc1-a2de-4dcd026bb5e0,POL-00000230,83d1dcfc-cfa9-52c8-a5a3-cbb9679d5d59,2025-07-22,2025-10-27,1.0.0,1.0.0:20260720:outcome,false,false,false,false,none,0.0000,false,none,,false,true_negative_opportunity,
42491c84-b3f8-5e17-8e17-015b019ef566,20ba59f3-1b38-53bc-bbf2-181166b52f9e,POL-00000231,83d1dcfc-cfa9-52c8-a5a3-cbb9679d5d59,2026-06-21,2026-08-30,1.0.0,1.0.0:20260720:outcome,false,false,false,false,none,0.0000,false,none,,false,true_negative_opportunity,
b00e792c-20cb-5d86-887d-87450e7c4285,5863a450-141c-52b2-8fc1-2c4f85ee9584,POL-00000232,cd80660b-3e07-58ef-88fb-4dfd4c14f755,2026-05-16,2026-08-15,1.0.0,1.0.0:20260720:outcome,false,false,false,false,none,0.0000,false,none,,false,true_negative_opportunity,
bae9f0f2-1d5d-5ee5-b672-a7a9c00856f1,69a65c3d-a7ff-5cf9-88d3-bbdbb227db1f,POL-00000233,83d1dcfc-cfa9-52c8-a5a3-cbb9679d5d59,2026-05-02,2026-08-01,1.0.0,1.0.0:20260720:outcome,false,true,true,true,low,324.5538,false,low,2026-07-07,true,true_positive_opportunity,
e380cb0e-34fc-5ccc-8f96-49f3f4aeeafe,67ef137e-c39a-5e4f-8c79-6e504a90a059,POL-00000234,cd80660b-3e07-58ef-88fb-4dfd4c14f755,2026-04-28,2026-07-20,1.0.0,1.0.0:20260720:outcome,false,false,false,false,none,0.0000,false,none,,true,false_positive_opportunity,
56b9cdd5-18d5-5c80-8362-532e3a21e71c,f693e7f8-8b66-5437-a2ad-0af47c8511ba,POL-00000235,cd80660b-3e07-58ef-88fb-4dfd4c14f755,2026-06-21,2026-09-03,1.0.0,1.0.0:20260720:outcome,false,false,false,false,none,0.0000,false,none,,false,true_negative_opportunity,
dc1cff3b-30f2-5671-811e-c488a2eb0a4b,c23d9d48-d2e9-5905-875d-f7cbda995da5,POL-00000236,cd80660b-3e07-58ef-88fb-4dfd4c14f755,2026-06-13,2026-07-25,1.0.0,1.0.0:20260720:outcome,false,false,false,false,none,0.0000,false,none,,false,true_negative_opportunity,
b2bff116-1765-5761-9b75-cb9ea5254286,5db09946-3506-5ce9-a2a3-6a726b8c4b94,POL-00000237,83d1dcfc-cfa9-52c8-a5a3-cbb9679d5d59,2026-05-03,2026-08-04,1.0.0,1.0.0:20260720:outcome,false,false,false,false,none,0.0000,false,none,,false,true_negative_opportunity,
f5df991f-822c-5b29-b129-7c79519a0989,a96bc6d9-901a-5312-a24e-4c8f21580b7f,POL-00000238,cd80660b-3e07-58ef-88fb-4dfd4c14f755,2026-06-16,2026-08-29,1.0.0,1.0.0:20260720:outcome,false,false,false,false,none,0.0000,false,none,,false,true_negative_opportunity,
95cdc6a5-9e93-5e80-937f-e29d63b50bbf,34a36bf8-3ea7-5ede-a07b-642d7b72dafc,POL-00000239,83d1dcfc-cfa9-52c8-a5a3-cbb9679d5d59,2026-05-30,2026-08-02,1.0.0,1.0.0:20260720:outcome,false,false,false,false,none,0.0000,false,none,,false,true_negative_opportunity,split_schedule
11ac5743-5c60-5688-9f48-ecf2bbf2adce,cb0a58cb-6d7d-505e-ab03-fda7308eba39,POL-00000240,83d1dcfc-cfa9-52c8-a5a3-cbb9679d5d59,2026-05-23,2026-07-23,1.0.0,1.0.0:20260720:outcome,false,false,false,false,none,0.0000,false,none,,false,true_negative_opportunity,
0e983cdb-3035-5c52-bd00-cbe17523023b,84f967e7-b08d-56de-be1d-10dfdf0dc623,POL-00000241,cd80660b-3e07-58ef-88fb-4dfd4c14f755,2026-05-13,2026-08-12,1.0.0,1.0.0:20260720:outcome,false,false,false,false,none,0.0000,false,none,,false,true_negative_opportunity,missing_inventory_signal;split_schedule
7f87b77f-154c-54aa-b1af-e3e809c813f5,1274e6f3-b6af-59f2-8b15-ec5273ce784b,POL-00000242,cd80660b-3e07-58ef-88fb-4dfd4c14f755,2026-06-10,2026-08-16,1.0.0,1.0.0:20260720:outcome,false,false,false,false,none,0.0000,false,none,,false,true_negative_opportunity,
493325b3-2115-5bf4-88f9-6a13be6a6815,4f870043-6859-5bae-a261-596bfefeae64,POL-00000243,cd80660b-3e07-58ef-88fb-4dfd4c14f755,2026-05-31,2026-09-03,1.0.0,1.0.0:20260720:outcome,false,false,false,false,none,0.0000,false,none,,false,true_negative_opportunity,
66e360b6-b852-5ae5-b28f-679c83cb2df4,020bbbcf-ba14-5571-9371-84f63257bf60,POL-00000244,cd80660b-3e07-58ef-88fb-4dfd4c14f755,2026-06-14,2026-08-08,1.0.0,1.0.0:20260720:outcome,false,false,false,false,none,0.0000,false,none,,false,true_negative_opportunity,split_schedule
3823fd9e-39e4-5166-83a0-5464c0200bb4,5096eb4b-57a6-5e02-9cb5-80fcce3dc454,POL-00000245,83d1dcfc-cfa9-52c8-a5a3-cbb9679d5d59,2026-05-17,2026-07-20,1.0.0,1.0.0:20260720:outcome,false,false,false,false,none,0.0000,false,none,,true,false_positive_opportunity,split_schedule
a36c01d2-1133-5c59-94c8-db7ea1b180e4,28e402f4-13cf-5b10-9fc1-61be6b12e430,POL-00000246,83d1dcfc-cfa9-52c8-a5a3-cbb9679d5d59,2026-05-10,2026-07-20,1.0.0,1.0.0:20260720:outcome,true,false,true,false,moderate,910.4423,true,moderate,2026-06-20,true,true_positive_opportunity,split_schedule
338ce00e-0600-5af9-b355-f8f0ba99a660,97b7ba0f-447c-5992-85e9-a76792aac805,POL-00000247,cd80660b-3e07-58ef-88fb-4dfd4c14f755,2026-05-13,2026-08-27,1.0.0,1.0.0:20260720:outcome,true,false,true,true,moderate,27.6741,true,moderate,2026-07-30,false,false_negative_opportunity,
a9b3b070-2f29-5a4e-99dd-7eda0d9b0a90,57091412-8265-5e6e-a668-f35f422b049f,POL-00000248,cd80660b-3e07-58ef-88fb-4dfd4c14f755,2026-06-05,2026-07-27,1.0.0,1.0.0:20260720:outcome,true,false,true,true,moderate,118.3173,true,moderate,2026-06-29,false,false_negative_opportunity,missing_supplier_signal
9f7344a9-995a-55b9-8658-16bedf4d225d,f562b0e3-e479-5200-845b-f38069e7f712,POL-00000249,83d1dcfc-cfa9-52c8-a5a3-cbb9679d5d59,2026-05-09,2026-07-20,1.0.0,1.0.0:20260720:outcome,false,false,false,false,none,0.0000,false,none,,false,true_negative_opportunity,receipt_reversal
5c58fc6c-fbe4-5cfd-a51d-03056cc4f4d1,6245ccde-23ea-5459-93da-2823b8af6b90,POL-00000250,83d1dcfc-cfa9-52c8-a5a3-cbb9679d5d59,2026-04-30,2026-08-03,1.0.0,1.0.0:20260720:outcome,false,false,false,false,none,0.0000,false,none,,true,false_positive_opportunity,supplier_commitment_breach
85c97534-0352-55a1-b80e-b862e004995b,48ed627a-0055-5133-b9bc-111f2f7c28f3,POL-00000251,83d1dcfc-cfa9-52c8-a5a3-cbb9679d5d59,2026-06-05,2026-08-18,1.0.0,1.0.0:20260720:outcome,false,false,false,false,none,0.0000,false,none,,false,true_negative_opportunity,supplier_deterioration
93856ee9-f812-5a42-8ccb-e494be34511d,dd4499bf-56bf-5b8d-88bf-c7cc009b76b7,POL-00000252,cd80660b-3e07-58ef-88fb-4dfd4c14f755,2026-06-15,2026-09-03,1.0.0,1.0.0:20260720:outcome,true,false,true,true,low,24.1224,false,low,2026-08-04,true,true_positive_opportunity,demand_shock
a1eaaa53-4599-503d-a54e-07892807715f,34a94756-0101-53d3-ae7f-b13beb47b1c9,POL-00000253,cd80660b-3e07-58ef-88fb-4dfd4c14f755,2026-06-28,2026-09-03,1.0.0,1.0.0:20260720:outcome,true,false,true,true,low,7821.8492,false,low,2026-08-04,false,false_negative_opportunity,receipt_correction
548c8826-13c5-53de-b9a8-6f44f41111fb,2164ee6f-8623-5da5-8c46-291823ffa56e,POL-00000254,83d1dcfc-cfa9-52c8-a5a3-cbb9679d5d59,2026-06-23,2026-08-28,1.0.0,1.0.0:20260720:outcome,false,false,false,false,none,0.0000,false,none,,true,false_positive_opportunity,split_schedule
fd0b5fd6-d7a9-5dbe-ae6b-d67272578102,e352c6c8-f604-5992-8022-9093ab1ff4df,POL-00000255,83d1dcfc-cfa9-52c8-a5a3-cbb9679d5d59,2026-05-12,2026-08-16,1.0.0,1.0.0:20260720:outcome,false,false,false,false,none,0.0000,false,none,,true,false_positive_opportunity,inventory_reallocation_opportunity
32b0c01d-9b54-57ce-8504-8424fdd9e968,cdc0784f-19e1-507f-b963-e356d5f52824,POL-00000256,cd80660b-3e07-58ef-88fb-4dfd4c14f755,2026-06-11,2026-09-03,1.0.0,1.0.0:20260720:outcome,false,false,false,false,none,0.0000,false,none,,false,true_negative_opportunity,false_positive_source_data_correction
9f4f95c6-aac2-5525-b958-bb19cc6e6248,2c383d3a-d0b1-5dee-910d-a3b56916e241,POL-00000257,cd80660b-3e07-58ef-88fb-4dfd4c14f755,2026-05-06,2026-07-26,1.0.0,1.0.0:20260720:outcome,true,false,true,true,moderate,59.9995,true,moderate,2026-06-25,true,true_positive_opportunity,overdue_critical_order
3a2c9f99-9013-5e60-972c-f261e3e48f96,c1c8f959-e8b1-5e8c-a79d-f8566f1057cd,POL-00000258,83d1dcfc-cfa9-52c8-a5a3-cbb9679d5d59,2026-05-10,2026-07-20,1.0.0,1.0.0:20260720:outcome,false,false,false,false,none,0.0000,false,none,,false,true_negative_opportunity,partial_receipt_remaining_exposure
855ecdf9-945b-526b-a7ec-b9f2ee331071,fba26f22-480f-545e-839a-f909ba148543,POL-00000259,cd80660b-3e07-58ef-88fb-4dfd4c14f755,2026-05-11,2026-07-20,1.0.0,1.0.0:20260720:outcome,false,false,false,false,none,0.0000,false,none,,false,true_negative_opportunity,missing_inventory_signal
791b2392-6d63-5b51-8125-0bf7e25a951f,6ab7ad2f-5c4d-569c-8389-8a4e4242e8a5,POL-00000260,cd80660b-3e07-58ef-88fb-4dfd4c14f755,2026-06-07,2026-07-20,1.0.0,1.0.0:20260720:outcome,false,false,false,false,none,0.0000,false,none,,false,true_negative_opportunity,missing_supplier_signal
